Warning: You are sending unauthenticated requests to the HF Hub. Please set a HF_TOKEN to enable higher rate limits and faster downloads.
============================================================
  Basin Projector Training  (v3 — width + evolution)
============================================================
  d_model=512  d_basin=512  n_heads=16
  evolution: gen_interval=50, base_pct=0.005
  checkpoint_dir: /Users/mwhitford/src/verbum/checkpoints/basin-v3-d512
  pca_path: /Users/mwhitford/src/verbum/results/oracle-data/pca_projector_512.npz

Loading tokenizer...
  Vocab size: 151643
Loading PCA projector: /Users/mwhitford/src/verbum/results/oracle-data/pca_projector_512.npz
  d_basin=512, components: (512, 5120)

Data: 152 train shards, 8 eval shards
  ~76000 train sentences, ~4000 eval sentences

Model: d_model=512, d_basin=512, n_heads=16, n_levels=8
  Total logical params: 80,840,064
  Ternary logical: 80,674,816
  Continuous: 165,248
  Packed size: 20.8 MB
  Ternary weights (evolution target): 80,674,816
  Frozen ternary modules: 12 (Adam will not touch topology)

============================================================
  Training: 20000 steps, batch=32, lr=0.0003 → 3.00e-06 (cosine, 1% floor)
  Evolution: gen_interval=50, base_pct=0.0050, 80,674,816 ternary weights
============================================================

  step    10 | loss 1.0040 (avg50: 0.9987) | lr 6.00e-06 | epoch 0 | evo 0/0 (0%) pct=0.0050 | 1.83s/step | 18s total
  step    20 | loss 0.9986 (avg50: 0.9990) | lr 1.20e-05 | epoch 0 | evo 0/0 (0%) pct=0.0050 | 1.78s/step | 36s total
  step    30 | loss 0.9931 (avg50: 0.9982) | lr 1.80e-05 | epoch 0 | evo 0/0 (0%) pct=0.0050 | 1.77s/step | 54s total
  step    40 | loss 0.9963 (avg50: 0.9974) | lr 2.40e-05 | epoch 0 | evo 0/0 (0%) pct=0.0050 | 1.82s/step | 72s total
  step    50 | loss 0.9960 (avg50: 0.9959) | lr 3.00e-05 | epoch 0 | evo 1/1 (100%) pct=0.0050 | 19.65s/step | 108s total
  step    60 | loss 0.9807 (avg50: 0.9939) | lr 3.60e-05 | epoch 0 | evo 1/1 (100%) pct=0.0050 | 1.79s/step | 126s total
  step    70 | loss 0.9702 (avg50: 0.9903) | lr 4.20e-05 | epoch 0 | evo 1/1 (100%) pct=0.0050 | 1.79s/step | 143s total
  step    80 | loss 0.9560 (avg50: 0.9873) | lr 4.80e-05 | epoch 0 | evo 1/1 (100%) pct=0.0050 | 1.79s/step | 161s total
  step    90 | loss 0.9875 (avg50: 0.9827) | lr 5.40e-05 | epoch 0 | evo 1/1 (100%) pct=0.0050 | 1.79s/step | 179s total
  step   100 | loss 0.9670 (avg50: 0.9801) | lr 6.00e-05 | epoch 0 | evo 2/2 (100%) pct=0.0050 | 19.62s/step | 215s total

  📊 Eval @ step 100: cosine_sim=0.0215
     sim_behavioral: -0.0332
     sim_complex: -0.0020
     sim_math: 0.1172
     sim_mixed: 0.0227
     sim_prose: 0.0057
     sim_sexpr: 0.1689
     evo: 2 gens, 2 accepted (100.0%), base_pct=0.0050

  step   110 | loss 0.9835 (avg50: 0.9772) | lr 6.60e-05 | epoch 0 | evo 2/2 (100%) pct=0.0050 | 1.79s/step | 247s total
  step   120 | loss 0.9769 (avg50: 0.9737) | lr 7.20e-05 | epoch 0 | evo 2/2 (100%) pct=0.0050 | 1.78s/step | 265s total
  step   130 | loss 0.9401 (avg50: 0.9681) | lr 7.80e-05 | epoch 0 | evo 2/2 (100%) pct=0.0050 | 1.80s/step | 282s total
  step   140 | loss 0.9039 (avg50: 0.9657) | lr 8.40e-05 | epoch 0 | evo 2/2 (100%) pct=0.0050 | 1.77s/step | 300s total
  step   150 | loss 0.9350 (avg50: 0.9598) | lr 9.00e-05 | epoch 0 | evo 3/3 (100%) pct=0.0050 | 19.59s/step | 336s total
  step   160 | loss 0.9157 (avg50: 0.9549) | lr 9.60e-05 | epoch 0 | evo 3/3 (100%) pct=0.0050 | 1.78s/step | 354s total
  step   170 | loss 0.9433 (avg50: 0.9534) | lr 1.02e-04 | epoch 0 | evo 3/3 (100%) pct=0.0050 | 1.78s/step | 371s total
  step   180 | loss 0.9734 (avg50: 0.9523) | lr 1.08e-04 | epoch 0 | evo 3/3 (100%) pct=0.0050 | 1.77s/step | 389s total
  step   190 | loss 0.9938 (avg50: 0.9508) | lr 1.14e-04 | epoch 0 | evo 3/3 (100%) pct=0.0050 | 1.77s/step | 407s total
  step   200 | loss 0.8940 (avg50: 0.9505) | lr 1.20e-04 | epoch 0 | evo 4/4 (100%) pct=0.0050 | 19.62s/step | 443s total

  📊 Eval @ step 200: cosine_sim=0.0688
     sim_behavioral: -0.0333
     sim_complex: 0.0184
     sim_math: 0.2864
     sim_mixed: 0.0272
     sim_prose: 0.0142
     sim_sexpr: 0.4042
     evo: 4 gens, 4 accepted (100.0%), base_pct=0.0050

  step   210 | loss 0.9806 (avg50: 0.9490) | lr 1.26e-04 | epoch 0 | evo 4/4 (100%) pct=0.0050 | 1.79s/step | 475s total
  step   220 | loss 0.9546 (avg50: 0.9453) | lr 1.32e-04 | epoch 0 | evo 4/4 (100%) pct=0.0050 | 1.78s/step | 493s total
  step   230 | loss 0.9105 (avg50: 0.9439) | lr 1.38e-04 | epoch 0 | evo 4/4 (100%) pct=0.0050 | 1.81s/step | 510s total
  step   240 | loss 0.9299 (avg50: 0.9359) | lr 1.44e-04 | epoch 0 | evo 4/4 (100%) pct=0.0050 | 1.78s/step | 528s total
  step   250 | loss 0.9323 (avg50: 0.9294) | lr 1.50e-04 | epoch 0 | evo 4/5 (80%) pct=0.0050 | 19.61s/step | 564s total
  step   260 | loss 0.9132 (avg50: 0.9238) | lr 1.56e-04 | epoch 0 | evo 4/5 (80%) pct=0.0050 | 1.78s/step | 582s total
  step   270 | loss 0.8553 (avg50: 0.9143) | lr 1.62e-04 | epoch 0 | evo 4/5 (80%) pct=0.0050 | 1.78s/step | 600s total
  step   280 | loss 0.8515 (avg50: 0.9013) | lr 1.68e-04 | epoch 0 | evo 4/5 (80%) pct=0.0050 | 1.79s/step | 618s total
  step   290 | loss 0.8397 (avg50: 0.8908) | lr 1.74e-04 | epoch 0 | evo 4/5 (80%) pct=0.0050 | 1.77s/step | 635s total
  step   300 | loss 0.8085 (avg50: 0.8734) | lr 1.80e-04 | epoch 0 | evo 4/6 (67%) pct=0.0050 | 19.61s/step | 671s total

  📊 Eval @ step 300: cosine_sim=0.1925
     sim_behavioral: 0.1732
     sim_complex: 0.1159
     sim_math: 0.2446
     sim_mixed: 0.1751
     sim_prose: 0.1770
     sim_sexpr: 0.3813
     evo: 6 gens, 4 accepted (66.7%), base_pct=0.0050

  step   310 | loss 0.7381 (avg50: 0.8448) | lr 1.86e-04 | epoch 0 | evo 4/6 (67%) pct=0.0050 | 1.79s/step | 703s total
  step   320 | loss 0.6738 (avg50: 0.8120) | lr 1.92e-04 | epoch 0 | evo 4/6 (67%) pct=0.0050 | 1.77s/step | 721s total
  step   330 | loss 0.7132 (avg50: 0.7738) | lr 1.98e-04 | epoch 0 | evo 4/6 (67%) pct=0.0050 | 1.79s/step | 739s total
  step   340 | loss 0.6110 (avg50: 0.7298) | lr 2.04e-04 | epoch 0 | evo 4/6 (67%) pct=0.0050 | 1.78s/step | 757s total
  step   350 | loss 0.5969 (avg50: 0.6898) | lr 2.10e-04 | epoch 0 | evo 4/7 (57%) pct=0.0050 | 19.64s/step | 792s total
  step   360 | loss 0.6144 (avg50: 0.6551) | lr 2.16e-04 | epoch 0 | evo 4/7 (57%) pct=0.0050 | 1.78s/step | 810s total
  step   370 | loss 0.5709 (avg50: 0.6266) | lr 2.22e-04 | epoch 0 | evo 4/7 (57%) pct=0.0050 | 1.78s/step | 828s total
  step   380 | loss 0.5582 (avg50: 0.6042) | lr 2.28e-04 | epoch 0 | evo 4/7 (57%) pct=0.0050 | 1.78s/step | 846s total
  step   390 | loss 0.5368 (avg50: 0.5891) | lr 2.34e-04 | epoch 0 | evo 4/7 (57%) pct=0.0050 | 1.80s/step | 864s total
  step   400 | loss 0.5798 (avg50: 0.5757) | lr 2.40e-04 | epoch 0 | evo 5/8 (62%) pct=0.0050 | 19.63s/step | 899s total

  📊 Eval @ step 400: cosine_sim=0.3638
     sim_behavioral: 0.3347
     sim_complex: 0.2434
     sim_math: 0.4954
     sim_mixed: 0.3370
     sim_prose: 0.3225
     sim_sexpr: 0.5664
     evo: 8 gens, 5 accepted (62.5%), base_pct=0.0050

  step   410 | loss 0.5562 (avg50: 0.5774) | lr 2.46e-04 | epoch 0 | evo 5/8 (62%) pct=0.0050 | 1.78s/step | 931s total
  step   420 | loss 0.5392 (avg50: 0.5730) | lr 2.52e-04 | epoch 0 | evo 5/8 (62%) pct=0.0050 | 1.77s/step | 949s total
  step   430 | loss 0.5360 (avg50: 0.5665) | lr 2.58e-04 | epoch 0 | evo 5/8 (62%) pct=0.0050 | 1.79s/step | 967s total
  step   440 | loss 0.5325 (avg50: 0.5637) | lr 2.64e-04 | epoch 0 | evo 5/8 (62%) pct=0.0050 | 1.77s/step | 985s total
  step   450 | loss 0.5093 (avg50: 0.5579) | lr 2.70e-04 | epoch 0 | evo 5/9 (56%) pct=0.0050 | 19.59s/step | 1021s total
  step   460 | loss 0.5123 (avg50: 0.5425) | lr 2.76e-04 | epoch 0 | evo 5/9 (56%) pct=0.0050 | 1.77s/step | 1038s total
  step   470 | loss 0.5210 (avg50: 0.5354) | lr 2.82e-04 | epoch 0 | evo 5/9 (56%) pct=0.0050 | 1.81s/step | 1056s total
  step   480 | loss 0.5173 (avg50: 0.5315) | lr 2.88e-04 | epoch 0 | evo 5/9 (56%) pct=0.0050 | 1.78s/step | 1074s total
  step   490 | loss 0.5054 (avg50: 0.5254) | lr 2.94e-04 | epoch 0 | evo 5/9 (56%) pct=0.0050 | 1.77s/step | 1092s total
  step   500 | loss 0.5253 (avg50: 0.5222) | lr 3.00e-04 | epoch 0 | evo 5/10 (50%) pct=0.0050 | 19.67s/step | 1128s total

  📊 Eval @ step 500: cosine_sim=0.4965
     sim_behavioral: 0.5232
     sim_complex: 0.3815
     sim_math: 0.5553
     sim_mixed: 0.4495
     sim_prose: 0.4971
     sim_sexpr: 0.6284
     evo: 10 gens, 5 accepted (50.0%), base_pct=0.0050

  step   510 | loss 0.5284 (avg50: 0.5187) | lr 3.00e-04 | epoch 0 | evo 5/10 (50%) pct=0.0050 | 1.79s/step | 1160s total
  step   520 | loss 0.4657 (avg50: 0.5129) | lr 3.00e-04 | epoch 0 | evo 5/10 (50%) pct=0.0050 | 1.78s/step | 1178s total
  step   530 | loss 0.4911 (avg50: 0.5065) | lr 3.00e-04 | epoch 0 | evo 5/10 (50%) pct=0.0050 | 1.78s/step | 1196s total
  step   540 | loss 0.5317 (avg50: 0.5053) | lr 3.00e-04 | epoch 0 | evo 5/10 (50%) pct=0.0050 | 1.77s/step | 1213s total
  step   550 | loss 0.4778 (avg50: 0.5019) | lr 3.00e-04 | epoch 0 | evo 5/11 (45%) pct=0.0050 | 19.61s/step | 1249s total
  step   560 | loss 0.4847 (avg50: 0.5010) | lr 3.00e-04 | epoch 0 | evo 5/11 (45%) pct=0.0050 | 1.78s/step | 1267s total
  step   570 | loss 0.4787 (avg50: 0.4975) | lr 3.00e-04 | epoch 0 | evo 5/11 (45%) pct=0.0050 | 1.78s/step | 1285s total
  step   580 | loss 0.4758 (avg50: 0.4963) | lr 3.00e-04 | epoch 0 | evo 5/11 (45%) pct=0.0050 | 1.77s/step | 1303s total
  step   590 | loss 0.4934 (avg50: 0.4916) | lr 3.00e-04 | epoch 0 | evo 5/11 (45%) pct=0.0050 | 1.79s/step | 1320s total
  step   600 | loss 0.4785 (avg50: 0.4874) | lr 3.00e-04 | epoch 0 | evo 5/12 (42%) pct=0.0050 | 19.59s/step | 1356s total

  📊 Eval @ step 600: cosine_sim=0.5211
     sim_behavioral: 0.5459
     sim_complex: 0.4398
     sim_math: 0.5835
     sim_mixed: 0.4206
     sim_prose: 0.5368
     sim_sexpr: 0.6201
     evo: 12 gens, 5 accepted (41.7%), base_pct=0.0050

  step   610 | loss 0.4844 (avg50: 0.4811) | lr 3.00e-04 | epoch 0 | evo 5/12 (42%) pct=0.0050 | 1.79s/step | 1388s total
  step   620 | loss 0.4550 (avg50: 0.4802) | lr 3.00e-04 | epoch 0 | evo 5/12 (42%) pct=0.0050 | 1.78s/step | 1406s total
  step   630 | loss 0.4976 (avg50: 0.4798) | lr 3.00e-04 | epoch 0 | evo 5/12 (42%) pct=0.0050 | 1.79s/step | 1424s total
  step   640 | loss 0.4576 (avg50: 0.4786) | lr 3.00e-04 | epoch 0 | evo 5/12 (42%) pct=0.0050 | 1.78s/step | 1441s total
  step   650 | loss 0.4367 (avg50: 0.4756) | lr 3.00e-04 | epoch 0 | evo 6/13 (46%) pct=0.0050 | 19.66s/step | 1477s total
  step   660 | loss 0.4697 (avg50: 0.4765) | lr 3.00e-04 | epoch 0 | evo 6/13 (46%) pct=0.0050 | 1.77s/step | 1495s total
  step   670 | loss 0.4750 (avg50: 0.4756) | lr 3.00e-04 | epoch 0 | evo 6/13 (46%) pct=0.0050 | 1.77s/step | 1513s total
  step   680 | loss 0.4710 (avg50: 0.4718) | lr 3.00e-04 | epoch 0 | evo 6/13 (46%) pct=0.0050 | 1.77s/step | 1530s total
  step   690 | loss 0.4555 (avg50: 0.4673) | lr 3.00e-04 | epoch 0 | evo 6/13 (46%) pct=0.0050 | 1.77s/step | 1548s total
  step   700 | loss 0.4417 (avg50: 0.4680) | lr 3.00e-04 | epoch 0 | evo 7/14 (50%) pct=0.0034 | 19.48s/step | 1583s total

  📊 Eval @ step 700: cosine_sim=0.5017
     sim_behavioral: 0.5162
     sim_complex: 0.3941
     sim_math: 0.6119
     sim_mixed: 0.4551
     sim_prose: 0.4930
     sim_sexpr: 0.6035
     evo: 14 gens, 7 accepted (50.0%), base_pct=0.0034

  step   710 | loss 0.4486 (avg50: 0.4664) | lr 3.00e-04 | epoch 0 | evo 7/14 (50%) pct=0.0034 | 1.77s/step | 1615s total
  step   720 | loss 0.4772 (avg50: 0.4649) | lr 3.00e-04 | epoch 0 | evo 7/14 (50%) pct=0.0034 | 1.77s/step | 1633s total
  step   730 | loss 0.4372 (avg50: 0.4659) | lr 3.00e-04 | epoch 0 | evo 7/14 (50%) pct=0.0034 | 1.77s/step | 1651s total
  step   740 | loss 0.4764 (avg50: 0.4654) | lr 3.00e-04 | epoch 0 | evo 7/14 (50%) pct=0.0034 | 1.77s/step | 1669s total
  step   750 | loss 0.4454 (avg50: 0.4606) | lr 3.00e-04 | epoch 0 | evo 7/15 (47%) pct=0.0022 | 19.60s/step | 1704s total
  step   760 | loss 0.4796 (avg50: 0.4576) | lr 3.00e-04 | epoch 0 | evo 7/15 (47%) pct=0.0022 | 1.78s/step | 1722s total
  step   770 | loss 0.4504 (avg50: 0.4561) | lr 3.00e-04 | epoch 0 | evo 7/15 (47%) pct=0.0022 | 1.78s/step | 1740s total
  step   780 | loss 0.4466 (avg50: 0.4526) | lr 3.00e-04 | epoch 0 | evo 7/15 (47%) pct=0.0022 | 1.77s/step | 1757s total
  step   790 | loss 0.4092 (avg50: 0.4508) | lr 3.00e-04 | epoch 0 | evo 7/15 (47%) pct=0.0022 | 1.77s/step | 1775s total
  step   800 | loss 0.4227 (avg50: 0.4524) | lr 3.00e-04 | epoch 0 | evo 8/16 (50%) pct=0.0015 | 19.48s/step | 1811s total

  📊 Eval @ step 800: cosine_sim=0.5578
     sim_behavioral: 0.5739
     sim_complex: 0.4396
     sim_math: 0.6402
     sim_mixed: 0.4874
     sim_prose: 0.5555
     sim_sexpr: 0.6595
     evo: 16 gens, 8 accepted (50.0%), base_pct=0.0015

  step   810 | loss 0.4583 (avg50: 0.4498) | lr 3.00e-04 | epoch 0 | evo 8/16 (50%) pct=0.0015 | 1.78s/step | 1842s total
  step   820 | loss 0.4631 (avg50: 0.4486) | lr 3.00e-04 | epoch 0 | evo 8/16 (50%) pct=0.0015 | 1.76s/step | 1860s total
  step   830 | loss 0.4351 (avg50: 0.4490) | lr 3.00e-04 | epoch 0 | evo 8/16 (50%) pct=0.0015 | 1.78s/step | 1878s total
  step   840 | loss 0.4445 (avg50: 0.4503) | lr 3.00e-04 | epoch 0 | evo 8/16 (50%) pct=0.0015 | 1.78s/step | 1896s total
  step   850 | loss 0.4474 (avg50: 0.4513) | lr 3.00e-04 | epoch 0 | evo 8/17 (47%) pct=0.0010 | 19.47s/step | 1931s total
  step   860 | loss 0.4569 (avg50: 0.4525) | lr 3.00e-04 | epoch 0 | evo 8/17 (47%) pct=0.0010 | 1.78s/step | 1949s total
  step   870 | loss 0.4462 (avg50: 0.4506) | lr 3.00e-04 | epoch 0 | evo 8/17 (47%) pct=0.0010 | 1.76s/step | 1967s total
  step   880 | loss 0.4566 (avg50: 0.4496) | lr 3.00e-04 | epoch 0 | evo 8/17 (47%) pct=0.0010 | 1.77s/step | 1984s total
  step   890 | loss 0.4604 (avg50: 0.4460) | lr 3.00e-04 | epoch 0 | evo 8/17 (47%) pct=0.0010 | 1.77s/step | 2002s total
  step   900 | loss 0.4492 (avg50: 0.4493) | lr 3.00e-04 | epoch 0 | evo 8/18 (44%) pct=0.0010 | 19.45s/step | 2037s total

  📊 Eval @ step 900: cosine_sim=0.5535
     sim_behavioral: 0.5655
     sim_complex: 0.4621
     sim_math: 0.6220
     sim_mixed: 0.4749
     sim_prose: 0.5575
     sim_sexpr: 0.6641
     evo: 18 gens, 8 accepted (44.4%), base_pct=0.0010

  step   910 | loss 0.4463 (avg50: 0.4496) | lr 3.00e-04 | epoch 0 | evo 8/18 (44%) pct=0.0010 | 1.78s/step | 2069s total
  step   920 | loss 0.4643 (avg50: 0.4509) | lr 3.00e-04 | epoch 0 | evo 8/18 (44%) pct=0.0010 | 1.77s/step | 2087s total
  step   930 | loss 0.4513 (avg50: 0.4489) | lr 3.00e-04 | epoch 0 | evo 8/18 (44%) pct=0.0010 | 1.77s/step | 2105s total
  step   940 | loss 0.4336 (avg50: 0.4477) | lr 3.00e-04 | epoch 0 | evo 8/18 (44%) pct=0.0010 | 1.76s/step | 2123s total
  step   950 | loss 0.4259 (avg50: 0.4429) | lr 3.00e-04 | epoch 0 | evo 8/19 (42%) pct=0.0010 | 19.46s/step | 2158s total
  step   960 | loss 0.4390 (avg50: 0.4424) | lr 3.00e-04 | epoch 0 | evo 8/19 (42%) pct=0.0010 | 1.78s/step | 2176s total
  step   970 | loss 0.4708 (avg50: 0.4417) | lr 3.00e-04 | epoch 0 | evo 8/19 (42%) pct=0.0010 | 1.78s/step | 2193s total
  step   980 | loss 0.4379 (avg50: 0.4403) | lr 3.00e-04 | epoch 0 | evo 8/19 (42%) pct=0.0010 | 1.77s/step | 2211s total
  step   990 | loss 0.4348 (avg50: 0.4404) | lr 3.00e-04 | epoch 0 | evo 8/19 (42%) pct=0.0010 | 1.77s/step | 2229s total
  step  1000 | loss 0.4331 (avg50: 0.4377) | lr 3.00e-04 | epoch 0 | evo 8/20 (40%) pct=0.0010 | 19.49s/step | 2264s total

  📊 Eval @ step 1000: cosine_sim=0.5686
     sim_behavioral: 0.5805
     sim_complex: 0.4753
     sim_math: 0.6446
     sim_mixed: 0.5202
     sim_prose: 0.5613
     sim_sexpr: 0.6695
     evo: 20 gens, 8 accepted (40.0%), base_pct=0.0010


  📊 Checkpoint eval @ step 1000: cosine_sim=0.5730
     sim_behavioral: 0.5861
     sim_complex: 0.4839
     sim_math: 0.6449
     sim_mixed: 0.5101
     sim_prose: 0.5661
     sim_sexpr: 0.6739
  💾 Checkpoint saved: /Users/mwhitford/src/verbum/checkpoints/basin-v3-d512/step_001000

  step  1010 | loss 0.4565 (avg50: 0.4348) | lr 2.99e-04 | epoch 0 | evo 8/20 (40%) pct=0.0010 | 1.77s/step | 2325s total
  step  1020 | loss 0.4169 (avg50: 0.4324) | lr 2.99e-04 | epoch 0 | evo 8/20 (40%) pct=0.0010 | 1.78s/step | 2342s total
  step  1030 | loss 0.4547 (avg50: 0.4334) | lr 2.99e-04 | epoch 0 | evo 8/20 (40%) pct=0.0010 | 1.78s/step | 2360s total
  step  1040 | loss 0.4185 (avg50: 0.4332) | lr 2.99e-04 | epoch 0 | evo 8/20 (40%) pct=0.0010 | 1.78s/step | 2378s total
  step  1050 | loss 0.4299 (avg50: 0.4317) | lr 2.99e-04 | epoch 0 | evo 8/21 (38%) pct=0.0010 | 19.46s/step | 2413s total
  step  1060 | loss 0.4316 (avg50: 0.4300) | lr 2.99e-04 | epoch 0 | evo 8/21 (38%) pct=0.0010 | 1.78s/step | 2431s total
  step  1070 | loss 0.4443 (avg50: 0.4298) | lr 2.99e-04 | epoch 0 | evo 8/21 (38%) pct=0.0010 | 1.77s/step | 2449s total
  step  1080 | loss 0.4208 (avg50: 0.4282) | lr 2.99e-04 | epoch 0 | evo 8/21 (38%) pct=0.0010 | 1.77s/step | 2466s total
  step  1090 | loss 0.4413 (avg50: 0.4267) | lr 2.99e-04 | epoch 0 | evo 8/21 (38%) pct=0.0010 | 1.78s/step | 2484s total
  step  1100 | loss 0.4333 (avg50: 0.4273) | lr 2.99e-04 | epoch 0 | evo 9/22 (41%) pct=0.0010 | 19.47s/step | 2520s total

  📊 Eval @ step 1100: cosine_sim=0.5573
     sim_behavioral: 0.5704
     sim_complex: 0.4781
     sim_math: 0.6423
     sim_mixed: 0.5111
     sim_prose: 0.5350
     sim_sexpr: 0.6795
     evo: 22 gens, 9 accepted (40.9%), base_pct=0.0010

  step  1110 | loss 0.4505 (avg50: 0.4286) | lr 2.99e-04 | epoch 0 | evo 9/22 (41%) pct=0.0010 | 1.78s/step | 2551s total
  step  1120 | loss 0.4288 (avg50: 0.4278) | lr 2.99e-04 | epoch 0 | evo 9/22 (41%) pct=0.0010 | 1.77s/step | 2569s total
  step  1130 | loss 0.4113 (avg50: 0.4289) | lr 2.99e-04 | epoch 0 | evo 9/22 (41%) pct=0.0010 | 1.76s/step | 2587s total
  step  1140 | loss 0.4415 (avg50: 0.4297) | lr 2.99e-04 | epoch 0 | evo 9/22 (41%) pct=0.0010 | 1.78s/step | 2605s total
  step  1150 | loss 0.4250 (avg50: 0.4288) | lr 2.99e-04 | epoch 0 | evo 9/23 (39%) pct=0.0010 | 19.48s/step | 2640s total
  step  1160 | loss 0.4065 (avg50: 0.4276) | lr 2.99e-04 | epoch 0 | evo 9/23 (39%) pct=0.0010 | 1.77s/step | 2658s total
  step  1170 | loss 0.4151 (avg50: 0.4280) | lr 2.99e-04 | epoch 0 | evo 9/23 (39%) pct=0.0010 | 1.77s/step | 2676s total
  step  1180 | loss 0.3972 (avg50: 0.4249) | lr 2.99e-04 | epoch 0 | evo 9/23 (39%) pct=0.0010 | 1.78s/step | 2693s total
  step  1190 | loss 0.4264 (avg50: 0.4218) | lr 2.99e-04 | epoch 0 | evo 9/23 (39%) pct=0.0010 | 1.77s/step | 2711s total
  step  1200 | loss 0.4361 (avg50: 0.4199) | lr 2.99e-04 | epoch 0 | evo 9/24 (38%) pct=0.0010 | 19.45s/step | 2746s total

  📊 Eval @ step 1200: cosine_sim=0.5615
     sim_behavioral: 0.5745
     sim_complex: 0.4855
     sim_math: 0.6535
     sim_mixed: 0.5120
     sim_prose: 0.5574
     sim_sexpr: 0.6925
     evo: 24 gens, 9 accepted (37.5%), base_pct=0.0010

  step  1210 | loss 0.4055 (avg50: 0.4203) | lr 2.99e-04 | epoch 0 | evo 9/24 (38%) pct=0.0010 | 1.77s/step | 2778s total
  step  1220 | loss 0.4339 (avg50: 0.4200) | lr 2.99e-04 | epoch 0 | evo 9/24 (38%) pct=0.0010 | 1.77s/step | 2796s total
  step  1230 | loss 0.4009 (avg50: 0.4201) | lr 2.99e-04 | epoch 0 | evo 9/24 (38%) pct=0.0010 | 1.77s/step | 2814s total
  step  1240 | loss 0.4262 (avg50: 0.4203) | lr 2.99e-04 | epoch 0 | evo 9/24 (38%) pct=0.0010 | 1.77s/step | 2832s total
  step  1250 | loss 0.4312 (avg50: 0.4201) | lr 2.99e-04 | epoch 0 | evo 9/25 (36%) pct=0.0010 | 19.46s/step | 2867s total
  step  1260 | loss 0.4246 (avg50: 0.4174) | lr 2.99e-04 | epoch 0 | evo 9/25 (36%) pct=0.0010 | 1.77s/step | 2885s total
  step  1270 | loss 0.4437 (avg50: 0.4177) | lr 2.99e-04 | epoch 0 | evo 9/25 (36%) pct=0.0010 | 1.77s/step | 2902s total
  step  1280 | loss 0.4107 (avg50: 0.4180) | lr 2.99e-04 | epoch 0 | evo 9/25 (36%) pct=0.0010 | 1.77s/step | 2920s total
  step  1290 | loss 0.4286 (avg50: 0.4197) | lr 2.99e-04 | epoch 0 | evo 9/25 (36%) pct=0.0010 | 1.76s/step | 2938s total
  step  1300 | loss 0.4220 (avg50: 0.4192) | lr 2.99e-04 | epoch 0 | evo 10/26 (38%) pct=0.0010 | 19.46s/step | 2973s total

  📊 Eval @ step 1300: cosine_sim=0.5638
     sim_behavioral: 0.5713
     sim_complex: 0.4747
     sim_math: 0.6615
     sim_mixed: 0.5257
     sim_prose: 0.5458
     sim_sexpr: 0.6754
     evo: 26 gens, 10 accepted (38.5%), base_pct=0.0010

  step  1310 | loss 0.4155 (avg50: 0.4209) | lr 2.99e-04 | epoch 0 | evo 10/26 (38%) pct=0.0010 | 1.77s/step | 3005s total
  step  1320 | loss 0.4243 (avg50: 0.4176) | lr 2.99e-04 | epoch 0 | evo 10/26 (38%) pct=0.0010 | 1.77s/step | 3023s total
  step  1330 | loss 0.3997 (avg50: 0.4176) | lr 2.99e-04 | epoch 0 | evo 10/26 (38%) pct=0.0010 | 1.78s/step | 3041s total
  step  1340 | loss 0.4043 (avg50: 0.4155) | lr 2.99e-04 | epoch 0 | evo 10/26 (38%) pct=0.0010 | 1.76s/step | 3058s total
  step  1350 | loss 0.4108 (avg50: 0.4156) | lr 2.99e-04 | epoch 0 | evo 10/27 (37%) pct=0.0010 | 19.42s/step | 3094s total
  step  1360 | loss 0.4041 (avg50: 0.4132) | lr 2.99e-04 | epoch 0 | evo 10/27 (37%) pct=0.0010 | 1.76s/step | 3112s total
  step  1370 | loss 0.4053 (avg50: 0.4163) | lr 2.99e-04 | epoch 0 | evo 10/27 (37%) pct=0.0010 | 1.78s/step | 3129s total
  step  1380 | loss 0.4132 (avg50: 0.4169) | lr 2.99e-04 | epoch 0 | evo 10/27 (37%) pct=0.0010 | 1.77s/step | 3147s total
  step  1390 | loss 0.4298 (avg50: 0.4179) | lr 2.98e-04 | epoch 0 | evo 10/27 (37%) pct=0.0010 | 1.77s/step | 3165s total
  step  1400 | loss 0.4151 (avg50: 0.4184) | lr 2.98e-04 | epoch 0 | evo 10/28 (36%) pct=0.0010 | 19.46s/step | 3200s total

  📊 Eval @ step 1400: cosine_sim=0.5845
     sim_behavioral: 0.5984
     sim_complex: 0.5044
     sim_math: 0.6498
     sim_mixed: 0.5358
     sim_prose: 0.5715
     sim_sexpr: 0.7091
     evo: 28 gens, 10 accepted (35.7%), base_pct=0.0010

  step  1410 | loss 0.4112 (avg50: 0.4195) | lr 2.98e-04 | epoch 0 | evo 10/28 (36%) pct=0.0010 | 1.77s/step | 3232s total
  step  1420 | loss 0.4172 (avg50: 0.4168) | lr 2.98e-04 | epoch 0 | evo 10/28 (36%) pct=0.0010 | 1.78s/step | 3250s total
  step  1430 | loss 0.4121 (avg50: 0.4137) | lr 2.98e-04 | epoch 0 | evo 10/28 (36%) pct=0.0010 | 1.77s/step | 3267s total
  step  1440 | loss 0.4146 (avg50: 0.4124) | lr 2.98e-04 | epoch 0 | evo 10/28 (36%) pct=0.0010 | 1.77s/step | 3285s total
  step  1450 | loss 0.3724 (avg50: 0.4109) | lr 2.98e-04 | epoch 0 | evo 10/29 (34%) pct=0.0010 | 19.43s/step | 3321s total
  step  1460 | loss 0.4044 (avg50: 0.4126) | lr 2.98e-04 | epoch 0 | evo 10/29 (34%) pct=0.0010 | 1.78s/step | 3338s total
  step  1470 | loss 0.4114 (avg50: 0.4094) | lr 2.98e-04 | epoch 0 | evo 10/29 (34%) pct=0.0010 | 1.78s/step | 3356s total
  step  1480 | loss 0.3785 (avg50: 0.4092) | lr 2.98e-04 | epoch 0 | evo 10/29 (34%) pct=0.0010 | 1.77s/step | 3374s total
  step  1490 | loss 0.4209 (avg50: 0.4110) | lr 2.98e-04 | epoch 0 | evo 10/29 (34%) pct=0.0010 | 1.77s/step | 3391s total
  step  1500 | loss 0.4560 (avg50: 0.4126) | lr 2.98e-04 | epoch 0 | evo 10/30 (33%) pct=0.0010 | 19.44s/step | 3427s total

  📊 Eval @ step 1500: cosine_sim=0.6009
     sim_behavioral: 0.6091
     sim_complex: 0.5223
     sim_math: 0.6814
     sim_mixed: 0.5596
     sim_prose: 0.5819
     sim_sexpr: 0.6934
     evo: 30 gens, 10 accepted (33.3%), base_pct=0.0010

  step  1510 | loss 0.4112 (avg50: 0.4082) | lr 2.98e-04 | epoch 0 | evo 10/30 (33%) pct=0.0010 | 1.77s/step | 3459s total
  step  1520 | loss 0.4054 (avg50: 0.4103) | lr 2.98e-04 | epoch 0 | evo 10/30 (33%) pct=0.0010 | 1.78s/step | 3476s total
  step  1530 | loss 0.4221 (avg50: 0.4115) | lr 2.98e-04 | epoch 0 | evo 10/30 (33%) pct=0.0010 | 1.77s/step | 3494s total
  step  1540 | loss 0.3971 (avg50: 0.4083) | lr 2.98e-04 | epoch 0 | evo 10/30 (33%) pct=0.0010 | 1.78s/step | 3512s total
  step  1550 | loss 0.3823 (avg50: 0.4090) | lr 2.98e-04 | epoch 0 | evo 10/31 (32%) pct=0.0010 | 19.47s/step | 3547s total
  step  1560 | loss 0.4306 (avg50: 0.4102) | lr 2.98e-04 | epoch 0 | evo 10/31 (32%) pct=0.0010 | 1.77s/step | 3565s total
  step  1570 | loss 0.4061 (avg50: 0.4110) | lr 2.98e-04 | epoch 0 | evo 10/31 (32%) pct=0.0010 | 1.78s/step | 3583s total
  step  1580 | loss 0.4103 (avg50: 0.4105) | lr 2.98e-04 | epoch 0 | evo 10/31 (32%) pct=0.0010 | 1.78s/step | 3601s total
  step  1590 | loss 0.4116 (avg50: 0.4125) | lr 2.98e-04 | epoch 0 | evo 10/31 (32%) pct=0.0010 | 1.78s/step | 3618s total
  step  1600 | loss 0.3874 (avg50: 0.4087) | lr 2.98e-04 | epoch 0 | evo 10/32 (31%) pct=0.0010 | 19.44s/step | 3654s total

  📊 Eval @ step 1600: cosine_sim=0.5880
     sim_behavioral: 0.5918
     sim_complex: 0.5107
     sim_math: 0.6741
     sim_mixed: 0.5523
     sim_prose: 0.5693
     sim_sexpr: 0.6842
     evo: 32 gens, 10 accepted (31.2%), base_pct=0.0010

  step  1610 | loss 0.3906 (avg50: 0.4079) | lr 2.98e-04 | epoch 0 | evo 10/32 (31%) pct=0.0010 | 1.78s/step | 3686s total
  step  1620 | loss 0.4278 (avg50: 0.4073) | lr 2.98e-04 | epoch 0 | evo 10/32 (31%) pct=0.0010 | 1.77s/step | 3703s total
  step  1630 | loss 0.3901 (avg50: 0.4061) | lr 2.98e-04 | epoch 0 | evo 10/32 (31%) pct=0.0010 | 1.78s/step | 3721s total
  step  1640 | loss 0.4320 (avg50: 0.4062) | lr 2.98e-04 | epoch 0 | evo 10/32 (31%) pct=0.0010 | 1.77s/step | 3739s total
  step  1650 | loss 0.4292 (avg50: 0.4083) | lr 2.97e-04 | epoch 0 | evo 11/33 (33%) pct=0.0010 | 19.49s/step | 3774s total
  step  1660 | loss 0.4484 (avg50: 0.4097) | lr 2.97e-04 | epoch 0 | evo 11/33 (33%) pct=0.0010 | 1.77s/step | 3792s total
  step  1670 | loss 0.3827 (avg50: 0.4075) | lr 2.97e-04 | epoch 0 | evo 11/33 (33%) pct=0.0010 | 1.77s/step | 3810s total
  step  1680 | loss 0.4002 (avg50: 0.4089) | lr 2.97e-04 | epoch 0 | evo 11/33 (33%) pct=0.0010 | 1.78s/step | 3827s total
  step  1690 | loss 0.4301 (avg50: 0.4080) | lr 2.97e-04 | epoch 0 | evo 11/33 (33%) pct=0.0010 | 1.77s/step | 3845s total
  step  1700 | loss 0.4213 (avg50: 0.4071) | lr 2.97e-04 | epoch 0 | evo 12/34 (35%) pct=0.0010 | 19.45s/step | 3881s total

  📊 Eval @ step 1700: cosine_sim=0.5907
     sim_behavioral: 0.6018
     sim_complex: 0.5012
     sim_math: 0.6693
     sim_mixed: 0.5396
     sim_prose: 0.5812
     sim_sexpr: 0.6975
     evo: 34 gens, 12 accepted (35.3%), base_pct=0.0010

  step  1710 | loss 0.3766 (avg50: 0.4063) | lr 2.97e-04 | epoch 0 | evo 12/34 (35%) pct=0.0010 | 1.78s/step | 3912s total
  step  1720 | loss 0.4144 (avg50: 0.4082) | lr 2.97e-04 | epoch 0 | evo 12/34 (35%) pct=0.0010 | 1.77s/step | 3930s total
  step  1730 | loss 0.4186 (avg50: 0.4071) | lr 2.97e-04 | epoch 0 | evo 12/34 (35%) pct=0.0010 | 1.77s/step | 3948s total
  step  1740 | loss 0.4117 (avg50: 0.4062) | lr 2.97e-04 | epoch 0 | evo 12/34 (35%) pct=0.0010 | 1.77s/step | 3966s total
  step  1750 | loss 0.4067 (avg50: 0.4078) | lr 2.97e-04 | epoch 0 | evo 13/35 (37%) pct=0.0010 | 19.48s/step | 4001s total
  step  1760 | loss 0.3913 (avg50: 0.4064) | lr 2.97e-04 | epoch 0 | evo 13/35 (37%) pct=0.0010 | 1.77s/step | 4019s total
  step  1770 | loss 0.4414 (avg50: 0.4051) | lr 2.97e-04 | epoch 0 | evo 13/35 (37%) pct=0.0010 | 1.77s/step | 4037s total
  step  1780 | loss 0.4186 (avg50: 0.4027) | lr 2.97e-04 | epoch 0 | evo 13/35 (37%) pct=0.0010 | 1.77s/step | 4054s total
  step  1790 | loss 0.4099 (avg50: 0.4034) | lr 2.97e-04 | epoch 0 | evo 13/35 (37%) pct=0.0010 | 1.77s/step | 4072s total
  step  1800 | loss 0.4248 (avg50: 0.4031) | lr 2.97e-04 | epoch 0 | evo 13/36 (36%) pct=0.0010 | 19.47s/step | 4107s total

  📊 Eval @ step 1800: cosine_sim=0.6077
     sim_behavioral: 0.6185
     sim_complex: 0.5138
     sim_math: 0.7033
     sim_mixed: 0.5670
     sim_prose: 0.5799
     sim_sexpr: 0.7016
     evo: 36 gens, 13 accepted (36.1%), base_pct=0.0010

  step  1810 | loss 0.3816 (avg50: 0.4033) | lr 2.97e-04 | epoch 0 | evo 13/36 (36%) pct=0.0010 | 1.77s/step | 4139s total
  step  1820 | loss 0.4001 (avg50: 0.4043) | lr 2.97e-04 | epoch 0 | evo 13/36 (36%) pct=0.0010 | 1.78s/step | 4157s total
  step  1830 | loss 0.3819 (avg50: 0.4070) | lr 2.97e-04 | epoch 0 | evo 13/36 (36%) pct=0.0010 | 1.77s/step | 4175s total
  step  1840 | loss 0.3723 (avg50: 0.4135) | lr 2.97e-04 | epoch 0 | evo 13/36 (36%) pct=0.0010 | 1.78s/step | 4193s total
  step  1850 | loss 0.3532 (avg50: 0.4113) | lr 2.97e-04 | epoch 0 | evo 14/37 (38%) pct=0.0010 | 19.47s/step | 4228s total
  step  1860 | loss 0.4273 (avg50: 0.4124) | lr 2.96e-04 | epoch 0 | evo 14/37 (38%) pct=0.0010 | 1.78s/step | 4246s total
  step  1870 | loss 0.3991 (avg50: 0.4117) | lr 2.96e-04 | epoch 0 | evo 14/37 (38%) pct=0.0010 | 1.77s/step | 4264s total
  step  1880 | loss 0.3763 (avg50: 0.4084) | lr 2.96e-04 | epoch 0 | evo 14/37 (38%) pct=0.0010 | 1.77s/step | 4281s total
  step  1890 | loss 0.4130 (avg50: 0.4008) | lr 2.96e-04 | epoch 0 | evo 14/37 (38%) pct=0.0010 | 1.78s/step | 4299s total
  step  1900 | loss 0.3891 (avg50: 0.3999) | lr 2.96e-04 | epoch 0 | evo 14/38 (37%) pct=0.0010 | 19.44s/step | 4335s total

  📊 Eval @ step 1900: cosine_sim=0.6070
     sim_behavioral: 0.6213
     sim_complex: 0.5230
     sim_math: 0.6882
     sim_mixed: 0.5591
     sim_prose: 0.5817
     sim_sexpr: 0.7071
     evo: 38 gens, 14 accepted (36.8%), base_pct=0.0010

  step  1910 | loss 0.3820 (avg50: 0.3983) | lr 2.96e-04 | epoch 0 | evo 14/38 (37%) pct=0.0010 | 1.77s/step | 4366s total
  step  1920 | loss 0.3997 (avg50: 0.3985) | lr 2.96e-04 | epoch 0 | evo 14/38 (37%) pct=0.0010 | 1.77s/step | 4384s total
  step  1930 | loss 0.4056 (avg50: 0.4004) | lr 2.96e-04 | epoch 0 | evo 14/38 (37%) pct=0.0010 | 1.77s/step | 4402s total
  step  1940 | loss 0.4101 (avg50: 0.4009) | lr 2.96e-04 | epoch 0 | evo 14/38 (37%) pct=0.0010 | 1.77s/step | 4420s total
  step  1950 | loss 0.3783 (avg50: 0.4008) | lr 2.96e-04 | epoch 0 | evo 14/39 (36%) pct=0.0010 | 19.48s/step | 4455s total
  step  1960 | loss 0.3813 (avg50: 0.3999) | lr 2.96e-04 | epoch 0 | evo 14/39 (36%) pct=0.0010 | 1.77s/step | 4473s total
  step  1970 | loss 0.3884 (avg50: 0.3995) | lr 2.96e-04 | epoch 0 | evo 14/39 (36%) pct=0.0010 | 1.77s/step | 4491s total
  step  1980 | loss 0.4010 (avg50: 0.3995) | lr 2.96e-04 | epoch 0 | evo 14/39 (36%) pct=0.0010 | 1.77s/step | 4508s total
  step  1990 | loss 0.3866 (avg50: 0.3964) | lr 2.96e-04 | epoch 0 | evo 14/39 (36%) pct=0.0010 | 1.78s/step | 4526s total
  step  2000 | loss 0.4045 (avg50: 0.3970) | lr 2.96e-04 | epoch 0 | evo 14/40 (35%) pct=0.0010 | 19.47s/step | 4561s total

  📊 Eval @ step 2000: cosine_sim=0.6017
     sim_behavioral: 0.6080
     sim_complex: 0.5064
     sim_math: 0.6824
     sim_mixed: 0.5639
     sim_prose: 0.5902
     sim_sexpr: 0.7133
     evo: 40 gens, 14 accepted (35.0%), base_pct=0.0010


  📊 Checkpoint eval @ step 2000: cosine_sim=0.6079
     sim_behavioral: 0.6199
     sim_complex: 0.5304
     sim_math: 0.6885
     sim_mixed: 0.5654
     sim_prose: 0.5907
     sim_sexpr: 0.7027
  💾 Checkpoint saved: /Users/mwhitford/src/verbum/checkpoints/basin-v3-d512/step_002000

  step  2010 | loss 0.3988 (avg50: 0.3962) | lr 2.96e-04 | epoch 0 | evo 14/40 (35%) pct=0.0010 | 1.77s/step | 4622s total
  step  2020 | loss 0.3959 (avg50: 0.3951) | lr 2.96e-04 | epoch 0 | evo 14/40 (35%) pct=0.0010 | 1.77s/step | 4639s total
  step  2030 | loss 0.3923 (avg50: 0.3944) | lr 2.96e-04 | epoch 0 | evo 14/40 (35%) pct=0.0010 | 1.77s/step | 4657s total
  step  2040 | loss 0.4209 (avg50: 0.3949) | lr 2.95e-04 | epoch 0 | evo 14/40 (35%) pct=0.0010 | 1.78s/step | 4675s total
  step  2050 | loss 0.3983 (avg50: 0.3928) | lr 2.95e-04 | epoch 0 | evo 14/41 (34%) pct=0.0010 | 19.56s/step | 4710s total
  step  2060 | loss 0.3972 (avg50: 0.3923) | lr 2.95e-04 | epoch 0 | evo 14/41 (34%) pct=0.0010 | 1.78s/step | 4728s total
  step  2070 | loss 0.3906 (avg50: 0.3935) | lr 2.95e-04 | epoch 0 | evo 14/41 (34%) pct=0.0010 | 1.77s/step | 4746s total
  step  2080 | loss 0.4266 (avg50: 0.3957) | lr 2.95e-04 | epoch 0 | evo 14/41 (34%) pct=0.0010 | 1.77s/step | 4764s total
  step  2090 | loss 0.3880 (avg50: 0.3965) | lr 2.95e-04 | epoch 0 | evo 14/41 (34%) pct=0.0010 | 1.77s/step | 4781s total
  step  2100 | loss 0.3919 (avg50: 0.3976) | lr 2.95e-04 | epoch 0 | evo 14/42 (33%) pct=0.0010 | 19.50s/step | 4817s total

  📊 Eval @ step 2100: cosine_sim=0.6010
     sim_behavioral: 0.6068
     sim_complex: 0.5211
     sim_math: 0.6817
     sim_mixed: 0.5705
     sim_prose: 0.5691
     sim_sexpr: 0.7047
     evo: 42 gens, 14 accepted (33.3%), base_pct=0.0010

  step  2110 | loss 0.3899 (avg50: 0.3991) | lr 2.95e-04 | epoch 0 | evo 14/42 (33%) pct=0.0010 | 1.77s/step | 4849s total
  step  2120 | loss 0.4145 (avg50: 0.3984) | lr 2.95e-04 | epoch 0 | evo 14/42 (33%) pct=0.0010 | 1.76s/step | 4866s total
  step  2130 | loss 0.4126 (avg50: 0.3974) | lr 2.95e-04 | epoch 0 | evo 14/42 (33%) pct=0.0010 | 1.77s/step | 4884s total
  step  2140 | loss 0.4010 (avg50: 0.3983) | lr 2.95e-04 | epoch 0 | evo 14/42 (33%) pct=0.0010 | 1.77s/step | 4902s total
  step  2150 | loss 0.3957 (avg50: 0.3979) | lr 2.95e-04 | epoch 0 | evo 15/43 (35%) pct=0.0010 | 19.46s/step | 4937s total
  step  2160 | loss 0.3840 (avg50: 0.3974) | lr 2.95e-04 | epoch 0 | evo 15/43 (35%) pct=0.0010 | 1.77s/step | 4955s total
  step  2170 | loss 0.3898 (avg50: 0.3960) | lr 2.95e-04 | epoch 0 | evo 15/43 (35%) pct=0.0010 | 1.77s/step | 4973s total
  step  2180 | loss 0.3887 (avg50: 0.3927) | lr 2.95e-04 | epoch 0 | evo 15/43 (35%) pct=0.0010 | 1.77s/step | 4990s total
  step  2190 | loss 0.4190 (avg50: 0.3906) | lr 2.95e-04 | epoch 0 | evo 15/43 (35%) pct=0.0010 | 1.78s/step | 5008s total
  step  2200 | loss 0.3680 (avg50: 0.3907) | lr 2.94e-04 | epoch 0 | evo 15/44 (34%) pct=0.0010 | 19.48s/step | 5044s total

  📊 Eval @ step 2200: cosine_sim=0.6087
     sim_behavioral: 0.6204
     sim_complex: 0.5502
     sim_math: 0.7098
     sim_mixed: 0.5646
     sim_prose: 0.5917
     sim_sexpr: 0.7108
     evo: 44 gens, 15 accepted (34.1%), base_pct=0.0010

  step  2210 | loss 0.4061 (avg50: 0.3908) | lr 2.94e-04 | epoch 0 | evo 15/44 (34%) pct=0.0010 | 1.77s/step | 5076s total
  step  2220 | loss 0.3892 (avg50: 0.3909) | lr 2.94e-04 | epoch 0 | evo 15/44 (34%) pct=0.0010 | 1.77s/step | 5093s total
  step  2230 | loss 0.4098 (avg50: 0.3940) | lr 2.94e-04 | epoch 0 | evo 15/44 (34%) pct=0.0010 | 1.77s/step | 5111s total
  step  2240 | loss 0.4112 (avg50: 0.3933) | lr 2.94e-04 | epoch 0 | evo 15/44 (34%) pct=0.0010 | 1.77s/step | 5129s total
  step  2250 | loss 0.4196 (avg50: 0.3941) | lr 2.94e-04 | epoch 0 | evo 16/45 (36%) pct=0.0010 | 19.45s/step | 5164s total
  step  2260 | loss 0.3858 (avg50: 0.3954) | lr 2.94e-04 | epoch 0 | evo 16/45 (36%) pct=0.0010 | 1.77s/step | 5182s total
  step  2270 | loss 0.3977 (avg50: 0.3970) | lr 2.94e-04 | epoch 0 | evo 16/45 (36%) pct=0.0010 | 1.78s/step | 5200s total
  step  2280 | loss 0.3521 (avg50: 0.3956) | lr 2.94e-04 | epoch 0 | evo 16/45 (36%) pct=0.0010 | 1.78s/step | 5217s total
  step  2290 | loss 0.3970 (avg50: 0.3951) | lr 2.94e-04 | epoch 0 | evo 16/45 (36%) pct=0.0010 | 1.77s/step | 5235s total
  step  2300 | loss 0.3851 (avg50: 0.3937) | lr 2.94e-04 | epoch 0 | evo 17/46 (37%) pct=0.0010 | 19.44s/step | 5271s total

  📊 Eval @ step 2300: cosine_sim=0.5999
     sim_behavioral: 0.6140
     sim_complex: 0.5331
     sim_math: 0.6845
     sim_mixed: 0.5485
     sim_prose: 0.5774
     sim_sexpr: 0.6966
     evo: 46 gens, 17 accepted (37.0%), base_pct=0.0010

  step  2310 | loss 0.3882 (avg50: 0.3931) | lr 2.94e-04 | epoch 0 | evo 17/46 (37%) pct=0.0010 | 1.77s/step | 5302s total
  step  2320 | loss 0.3988 (avg50: 0.3915) | lr 2.94e-04 | epoch 0 | evo 17/46 (37%) pct=0.0010 | 1.78s/step | 5320s total
  step  2330 | loss 0.3713 (avg50: 0.3903) | lr 2.94e-04 | epoch 0 | evo 17/46 (37%) pct=0.0010 | 1.77s/step | 5338s total
  step  2340 | loss 0.4050 (avg50: 0.3910) | lr 2.94e-04 | epoch 0 | evo 17/46 (37%) pct=0.0010 | 1.77s/step | 5356s total
  step  2350 | loss 0.3967 (avg50: 0.3904) | lr 2.93e-04 | epoch 0 | evo 18/47 (38%) pct=0.0010 | 19.44s/step | 5391s total
  step  2360 | loss 0.3970 (avg50: 0.3912) | lr 2.93e-04 | epoch 0 | evo 18/47 (38%) pct=0.0010 | 1.77s/step | 5409s total
  step  2370 | loss 0.3771 (avg50: 0.3884) | lr 2.93e-04 | epoch 0 | evo 18/47 (38%) pct=0.0010 | 1.76s/step | 5426s total
  step  2380 | loss 0.4107 (avg50: 0.3902) | lr 2.93e-04 | epoch 1 | evo 18/47 (38%) pct=0.0010 | 1.77s/step | 5444s total
  step  2390 | loss 0.3801 (avg50: 0.3909) | lr 2.93e-04 | epoch 1 | evo 18/47 (38%) pct=0.0010 | 1.77s/step | 5462s total
  step  2400 | loss 0.4217 (avg50: 0.3895) | lr 2.93e-04 | epoch 1 | evo 18/48 (38%) pct=0.0010 | 19.43s/step | 5497s total

  📊 Eval @ step 2400: cosine_sim=0.6090
     sim_behavioral: 0.6271
     sim_complex: 0.5097
     sim_math: 0.7036
     sim_mixed: 0.5754
     sim_prose: 0.5738
     sim_sexpr: 0.7171
     evo: 48 gens, 18 accepted (37.5%), base_pct=0.0010

  step  2410 | loss 0.3801 (avg50: 0.3880) | lr 2.93e-04 | epoch 1 | evo 18/48 (38%) pct=0.0010 | 1.77s/step | 5529s total
  step  2420 | loss 0.3853 (avg50: 0.3902) | lr 2.93e-04 | epoch 1 | evo 18/48 (38%) pct=0.0010 | 1.77s/step | 5547s total
  step  2430 | loss 0.3836 (avg50: 0.3892) | lr 2.93e-04 | epoch 1 | evo 18/48 (38%) pct=0.0010 | 1.77s/step | 5564s total
  step  2440 | loss 0.4019 (avg50: 0.3891) | lr 2.93e-04 | epoch 1 | evo 18/48 (38%) pct=0.0010 | 1.78s/step | 5582s total
  step  2450 | loss 0.3842 (avg50: 0.3905) | lr 2.93e-04 | epoch 1 | evo 18/49 (37%) pct=0.0010 | 19.44s/step | 5618s total
  step  2460 | loss 0.3913 (avg50: 0.3889) | lr 2.93e-04 | epoch 1 | evo 18/49 (37%) pct=0.0010 | 1.78s/step | 5635s total
  step  2470 | loss 0.4018 (avg50: 0.3910) | lr 2.93e-04 | epoch 1 | evo 18/49 (37%) pct=0.0010 | 1.76s/step | 5653s total
  step  2480 | loss 0.3910 (avg50: 0.3902) | lr 2.93e-04 | epoch 1 | evo 18/49 (37%) pct=0.0010 | 1.78s/step | 5671s total
  step  2490 | loss 0.4238 (avg50: 0.3913) | lr 2.92e-04 | epoch 1 | evo 18/49 (37%) pct=0.0010 | 1.78s/step | 5688s total
  step  2500 | loss 0.3880 (avg50: 0.3918) | lr 2.92e-04 | epoch 1 | evo 19/50 (38%) pct=0.0010 | 19.41s/step | 5724s total

  📊 Eval @ step 2500: cosine_sim=0.6118
     sim_behavioral: 0.6233
     sim_complex: 0.5305
     sim_math: 0.7049
     sim_mixed: 0.5749
     sim_prose: 0.5871
     sim_sexpr: 0.7032
     evo: 50 gens, 19 accepted (38.0%), base_pct=0.0010

  step  2510 | loss 0.3980 (avg50: 0.3927) | lr 2.92e-04 | epoch 1 | evo 19/50 (38%) pct=0.0010 | 1.77s/step | 5756s total
  step  2520 | loss 0.3885 (avg50: 0.3892) | lr 2.92e-04 | epoch 1 | evo 19/50 (38%) pct=0.0010 | 1.77s/step | 5773s total
  step  2530 | loss 0.3740 (avg50: 0.3882) | lr 2.92e-04 | epoch 1 | evo 19/50 (38%) pct=0.0010 | 1.78s/step | 5791s total
  step  2540 | loss 0.3745 (avg50: 0.3859) | lr 2.92e-04 | epoch 1 | evo 19/50 (38%) pct=0.0010 | 1.76s/step | 5809s total
  step  2550 | loss 0.3845 (avg50: 0.3845) | lr 2.92e-04 | epoch 1 | evo 19/51 (37%) pct=0.0010 | 19.43s/step | 5844s total
  step  2560 | loss 0.3985 (avg50: 0.3840) | lr 2.92e-04 | epoch 1 | evo 19/51 (37%) pct=0.0010 | 1.77s/step | 5862s total
  step  2570 | loss 0.3888 (avg50: 0.3851) | lr 2.92e-04 | epoch 1 | evo 19/51 (37%) pct=0.0010 | 1.78s/step | 5880s total
  step  2580 | loss 0.4125 (avg50: 0.3870) | lr 2.92e-04 | epoch 1 | evo 19/51 (37%) pct=0.0010 | 1.77s/step | 5897s total
  step  2590 | loss 0.3961 (avg50: 0.3884) | lr 2.92e-04 | epoch 1 | evo 19/51 (37%) pct=0.0010 | 1.77s/step | 5915s total
  step  2600 | loss 0.3844 (avg50: 0.3881) | lr 2.92e-04 | epoch 1 | evo 19/52 (37%) pct=0.0010 | 19.44s/step | 5950s total

  📊 Eval @ step 2600: cosine_sim=0.6141
     sim_behavioral: 0.6283
     sim_complex: 0.5512
     sim_math: 0.6969
     sim_mixed: 0.5689
     sim_prose: 0.6046
     sim_sexpr: 0.7069
     evo: 52 gens, 19 accepted (36.5%), base_pct=0.0010

  step  2610 | loss 0.3810 (avg50: 0.3869) | lr 2.92e-04 | epoch 1 | evo 19/52 (37%) pct=0.0010 | 1.77s/step | 5982s total
  step  2620 | loss 0.3736 (avg50: 0.3838) | lr 2.91e-04 | epoch 1 | evo 19/52 (37%) pct=0.0010 | 1.77s/step | 6000s total
  step  2630 | loss 0.3510 (avg50: 0.3817) | lr 2.91e-04 | epoch 1 | evo 19/52 (37%) pct=0.0010 | 1.77s/step | 6018s total
  step  2640 | loss 0.3845 (avg50: 0.3806) | lr 2.91e-04 | epoch 1 | evo 19/52 (37%) pct=0.0010 | 1.77s/step | 6035s total
  step  2650 | loss 0.3838 (avg50: 0.3821) | lr 2.91e-04 | epoch 1 | evo 19/53 (36%) pct=0.0010 | 19.44s/step | 6071s total
  step  2660 | loss 0.3997 (avg50: 0.3830) | lr 2.91e-04 | epoch 1 | evo 19/53 (36%) pct=0.0010 | 1.77s/step | 6089s total
  step  2670 | loss 0.3797 (avg50: 0.3834) | lr 2.91e-04 | epoch 1 | evo 19/53 (36%) pct=0.0010 | 1.77s/step | 6106s total
  step  2680 | loss 0.3775 (avg50: 0.3840) | lr 2.91e-04 | epoch 1 | evo 19/53 (36%) pct=0.0010 | 1.77s/step | 6124s total
  step  2690 | loss 0.3837 (avg50: 0.3829) | lr 2.91e-04 | epoch 1 | evo 19/53 (36%) pct=0.0010 | 1.77s/step | 6142s total
  step  2700 | loss 0.3777 (avg50: 0.3830) | lr 2.91e-04 | epoch 1 | evo 19/54 (35%) pct=0.0010 | 19.47s/step | 6177s total

  📊 Eval @ step 2700: cosine_sim=0.6149
     sim_behavioral: 0.6330
     sim_complex: 0.5342
     sim_math: 0.7060
     sim_mixed: 0.5654
     sim_prose: 0.5794
     sim_sexpr: 0.7074
     evo: 54 gens, 19 accepted (35.2%), base_pct=0.0010

  step  2710 | loss 0.3894 (avg50: 0.3819) | lr 2.91e-04 | epoch 1 | evo 19/54 (35%) pct=0.0010 | 1.77s/step | 6209s total
  step  2720 | loss 0.3729 (avg50: 0.3828) | lr 2.91e-04 | epoch 1 | evo 19/54 (35%) pct=0.0010 | 1.77s/step | 6227s total
  step  2730 | loss 0.3707 (avg50: 0.3819) | lr 2.91e-04 | epoch 1 | evo 19/54 (35%) pct=0.0010 | 1.78s/step | 6244s total
  step  2740 | loss 0.3827 (avg50: 0.3813) | lr 2.90e-04 | epoch 1 | evo 19/54 (35%) pct=0.0010 | 1.76s/step | 6262s total
  step  2750 | loss 0.3838 (avg50: 0.3804) | lr 2.90e-04 | epoch 1 | evo 19/55 (35%) pct=0.0010 | 19.47s/step | 6298s total
  step  2760 | loss 0.3925 (avg50: 0.3798) | lr 2.90e-04 | epoch 1 | evo 19/55 (35%) pct=0.0010 | 1.77s/step | 6315s total
  step  2770 | loss 0.3659 (avg50: 0.3800) | lr 2.90e-04 | epoch 1 | evo 19/55 (35%) pct=0.0010 | 1.76s/step | 6333s total
  step  2780 | loss 0.3870 (avg50: 0.3810) | lr 2.90e-04 | epoch 1 | evo 19/55 (35%) pct=0.0010 | 1.77s/step | 6351s total
  step  2790 | loss 0.3852 (avg50: 0.3803) | lr 2.90e-04 | epoch 1 | evo 19/55 (35%) pct=0.0010 | 1.78s/step | 6368s total
  step  2800 | loss 0.3666 (avg50: 0.3798) | lr 2.90e-04 | epoch 1 | evo 19/56 (34%) pct=0.0010 | 19.45s/step | 6404s total

  📊 Eval @ step 2800: cosine_sim=0.6237
     sim_behavioral: 0.6357
     sim_complex: 0.5401
     sim_math: 0.7182
     sim_mixed: 0.5790
     sim_prose: 0.6152
     sim_sexpr: 0.7216
     evo: 56 gens, 19 accepted (33.9%), base_pct=0.0010

  step  2810 | loss 0.3719 (avg50: 0.3817) | lr 2.90e-04 | epoch 1 | evo 19/56 (34%) pct=0.0010 | 1.77s/step | 6436s total
  step  2820 | loss 0.3919 (avg50: 0.3814) | lr 2.90e-04 | epoch 1 | evo 19/56 (34%) pct=0.0010 | 1.78s/step | 6453s total
  step  2830 | loss 0.3941 (avg50: 0.3799) | lr 2.90e-04 | epoch 1 | evo 19/56 (34%) pct=0.0010 | 1.76s/step | 6471s total
  step  2840 | loss 0.3732 (avg50: 0.3825) | lr 2.90e-04 | epoch 1 | evo 19/56 (34%) pct=0.0010 | 1.78s/step | 6489s total
  step  2850 | loss 0.3702 (avg50: 0.3816) | lr 2.89e-04 | epoch 1 | evo 19/57 (33%) pct=0.0010 | 19.42s/step | 6524s total
  step  2860 | loss 0.3818 (avg50: 0.3808) | lr 2.89e-04 | epoch 1 | evo 19/57 (33%) pct=0.0010 | 1.78s/step | 6542s total
  step  2870 | loss 0.3765 (avg50: 0.3836) | lr 2.89e-04 | epoch 1 | evo 19/57 (33%) pct=0.0010 | 1.78s/step | 6560s total
  step  2880 | loss 0.3672 (avg50: 0.3839) | lr 2.89e-04 | epoch 1 | evo 19/57 (33%) pct=0.0010 | 1.77s/step | 6577s total
  step  2890 | loss 0.3995 (avg50: 0.3825) | lr 2.89e-04 | epoch 1 | evo 19/57 (33%) pct=0.0010 | 1.77s/step | 6595s total
  step  2900 | loss 0.3718 (avg50: 0.3831) | lr 2.89e-04 | epoch 1 | evo 19/58 (33%) pct=0.0010 | 19.44s/step | 6631s total

  📊 Eval @ step 2900: cosine_sim=0.6174
     sim_behavioral: 0.6339
     sim_complex: 0.5517
     sim_math: 0.7210
     sim_mixed: 0.6061
     sim_prose: 0.5852
     sim_sexpr: 0.7190
     evo: 58 gens, 19 accepted (32.8%), base_pct=0.0010

  step  2910 | loss 0.3681 (avg50: 0.3828) | lr 2.89e-04 | epoch 1 | evo 19/58 (33%) pct=0.0010 | 1.78s/step | 6662s total
  step  2920 | loss 0.3793 (avg50: 0.3805) | lr 2.89e-04 | epoch 1 | evo 19/58 (33%) pct=0.0010 | 1.78s/step | 6680s total
  step  2930 | loss 0.3743 (avg50: 0.3807) | lr 2.89e-04 | epoch 1 | evo 19/58 (33%) pct=0.0010 | 1.78s/step | 6698s total
  step  2940 | loss 0.3782 (avg50: 0.3802) | lr 2.89e-04 | epoch 1 | evo 19/58 (33%) pct=0.0010 | 1.77s/step | 6716s total
  step  2950 | loss 0.3672 (avg50: 0.3791) | lr 2.89e-04 | epoch 1 | evo 19/59 (32%) pct=0.0010 | 19.44s/step | 6751s total
  step  2960 | loss 0.4135 (avg50: 0.3792) | lr 2.88e-04 | epoch 1 | evo 19/59 (32%) pct=0.0010 | 1.78s/step | 6769s total
  step  2970 | loss 0.4096 (avg50: 0.3790) | lr 2.88e-04 | epoch 1 | evo 19/59 (32%) pct=0.0010 | 1.77s/step | 6786s total
  step  2980 | loss 0.3693 (avg50: 0.3809) | lr 2.88e-04 | epoch 1 | evo 19/59 (32%) pct=0.0010 | 1.77s/step | 6804s total
  step  2990 | loss 0.3991 (avg50: 0.3820) | lr 2.88e-04 | epoch 1 | evo 19/59 (32%) pct=0.0010 | 1.77s/step | 6822s total
  step  3000 | loss 0.3638 (avg50: 0.3823) | lr 2.88e-04 | epoch 1 | evo 19/60 (32%) pct=0.0010 | 19.42s/step | 6857s total

  📊 Eval @ step 3000: cosine_sim=0.6294
     sim_behavioral: 0.6387
     sim_complex: 0.5460
     sim_math: 0.7137
     sim_mixed: 0.6004
     sim_prose: 0.6050
     sim_sexpr: 0.7173
     evo: 60 gens, 19 accepted (31.7%), base_pct=0.0010


  📊 Checkpoint eval @ step 3000: cosine_sim=0.6235
     sim_behavioral: 0.6356
     sim_complex: 0.5535
     sim_math: 0.6957
     sim_mixed: 0.5874
     sim_prose: 0.5986
     sim_sexpr: 0.7121
  💾 Checkpoint saved: /Users/mwhitford/src/verbum/checkpoints/basin-v3-d512/step_003000

  step  3010 | loss 0.4052 (avg50: 0.3838) | lr 2.88e-04 | epoch 1 | evo 19/60 (32%) pct=0.0010 | 1.77s/step | 6917s total
  step  3020 | loss 0.3962 (avg50: 0.3842) | lr 2.88e-04 | epoch 1 | evo 19/60 (32%) pct=0.0010 | 1.77s/step | 6935s total
  step  3030 | loss 0.3826 (avg50: 0.3826) | lr 2.88e-04 | epoch 1 | evo 19/60 (32%) pct=0.0010 | 1.78s/step | 6953s total
  step  3040 | loss 0.3664 (avg50: 0.3826) | lr 2.88e-04 | epoch 1 | evo 19/60 (32%) pct=0.0010 | 1.78s/step | 6971s total
  step  3050 | loss 0.3495 (avg50: 0.3818) | lr 2.88e-04 | epoch 1 | evo 19/61 (31%) pct=0.0010 | 19.45s/step | 7006s total
  step  3060 | loss 0.3810 (avg50: 0.3786) | lr 2.88e-04 | epoch 1 | evo 19/61 (31%) pct=0.0010 | 1.78s/step | 7024s total
  step  3070 | loss 0.3756 (avg50: 0.3770) | lr 2.87e-04 | epoch 1 | evo 19/61 (31%) pct=0.0010 | 1.78s/step | 7041s total
  step  3080 | loss 0.3518 (avg50: 0.3754) | lr 2.87e-04 | epoch 1 | evo 19/61 (31%) pct=0.0010 | 1.75s/step | 7059s total
  step  3090 | loss 0.3856 (avg50: 0.3735) | lr 2.87e-04 | epoch 1 | evo 19/61 (31%) pct=0.0010 | 1.77s/step | 7077s total
  step  3100 | loss 0.3504 (avg50: 0.3740) | lr 2.87e-04 | epoch 1 | evo 19/62 (31%) pct=0.0010 | 19.44s/step | 7112s total

  📊 Eval @ step 3100: cosine_sim=0.6261
     sim_behavioral: 0.6386
     sim_complex: 0.5389
     sim_math: 0.7029
     sim_mixed: 0.5903
     sim_prose: 0.5984
     sim_sexpr: 0.7260
     evo: 62 gens, 19 accepted (30.6%), base_pct=0.0010

  step  3110 | loss 0.3836 (avg50: 0.3763) | lr 2.87e-04 | epoch 1 | evo 19/62 (31%) pct=0.0010 | 1.78s/step | 7144s total
  step  3120 | loss 0.3782 (avg50: 0.3767) | lr 2.87e-04 | epoch 1 | evo 19/62 (31%) pct=0.0010 | 1.77s/step | 7162s total
  step  3130 | loss 0.3777 (avg50: 0.3774) | lr 2.87e-04 | epoch 1 | evo 19/62 (31%) pct=0.0010 | 1.78s/step | 7179s total
  step  3140 | loss 0.3762 (avg50: 0.3785) | lr 2.87e-04 | epoch 1 | evo 19/62 (31%) pct=0.0010 | 1.78s/step | 7197s total
  step  3150 | loss 0.3672 (avg50: 0.3803) | lr 2.87e-04 | epoch 1 | evo 20/63 (32%) pct=0.0010 | 19.43s/step | 7233s total
  step  3160 | loss 0.4002 (avg50: 0.3794) | lr 2.87e-04 | epoch 1 | evo 20/63 (32%) pct=0.0010 | 1.77s/step | 7250s total
  step  3170 | loss 0.3799 (avg50: 0.3815) | lr 2.86e-04 | epoch 1 | evo 20/63 (32%) pct=0.0010 | 1.76s/step | 7268s total
  step  3180 | loss 0.3892 (avg50: 0.3822) | lr 2.86e-04 | epoch 1 | evo 20/63 (32%) pct=0.0010 | 1.75s/step | 7286s total
  step  3190 | loss 0.3890 (avg50: 0.3819) | lr 2.86e-04 | epoch 1 | evo 20/63 (32%) pct=0.0010 | 1.77s/step | 7303s total
  step  3200 | loss 0.4005 (avg50: 0.3806) | lr 2.86e-04 | epoch 1 | evo 21/64 (33%) pct=0.0010 | 19.45s/step | 7339s total

  📊 Eval @ step 3200: cosine_sim=0.6039
     sim_behavioral: 0.6162
     sim_complex: 0.5393
     sim_math: 0.6938
     sim_mixed: 0.5740
     sim_prose: 0.5690
     sim_sexpr: 0.7120
     evo: 64 gens, 21 accepted (32.8%), base_pct=0.0010

  step  3210 | loss 0.3687 (avg50: 0.3801) | lr 2.86e-04 | epoch 1 | evo 21/64 (33%) pct=0.0010 | 1.77s/step | 7371s total
  step  3220 | loss 0.3722 (avg50: 0.3779) | lr 2.86e-04 | epoch 1 | evo 21/64 (33%) pct=0.0010 | 1.76s/step | 7388s total
  step  3230 | loss 0.3402 (avg50: 0.3763) | lr 2.86e-04 | epoch 1 | evo 21/64 (33%) pct=0.0010 | 1.76s/step | 7406s total
  step  3240 | loss 0.3808 (avg50: 0.3760) | lr 2.86e-04 | epoch 1 | evo 21/64 (33%) pct=0.0010 | 1.77s/step | 7424s total
  step  3250 | loss 0.3803 (avg50: 0.3770) | lr 2.86e-04 | epoch 1 | evo 22/65 (34%) pct=0.0010 | 19.44s/step | 7459s total
  step  3260 | loss 0.3781 (avg50: 0.3785) | lr 2.86e-04 | epoch 1 | evo 22/65 (34%) pct=0.0010 | 1.78s/step | 7477s total
  step  3270 | loss 0.3760 (avg50: 0.3781) | lr 2.85e-04 | epoch 1 | evo 22/65 (34%) pct=0.0010 | 1.77s/step | 7495s total
  step  3280 | loss 0.3612 (avg50: 0.3785) | lr 2.85e-04 | epoch 1 | evo 22/65 (34%) pct=0.0010 | 1.77s/step | 7512s total
  step  3290 | loss 0.4059 (avg50: 0.3794) | lr 2.85e-04 | epoch 1 | evo 22/65 (34%) pct=0.0010 | 1.77s/step | 7530s total
  step  3300 | loss 0.3863 (avg50: 0.3802) | lr 2.85e-04 | epoch 1 | evo 22/66 (33%) pct=0.0010 | 19.44s/step | 7565s total

  📊 Eval @ step 3300: cosine_sim=0.6211
     sim_behavioral: 0.6329
     sim_complex: 0.5645
     sim_math: 0.7114
     sim_mixed: 0.5702
     sim_prose: 0.5936
     sim_sexpr: 0.7090
     evo: 66 gens, 22 accepted (33.3%), base_pct=0.0010

  step  3310 | loss 0.3663 (avg50: 0.3781) | lr 2.85e-04 | epoch 1 | evo 22/66 (33%) pct=0.0010 | 1.78s/step | 7597s total
  step  3320 | loss 0.3492 (avg50: 0.3769) | lr 2.85e-04 | epoch 1 | evo 22/66 (33%) pct=0.0010 | 1.78s/step | 7615s total
  step  3330 | loss 0.3632 (avg50: 0.3763) | lr 2.85e-04 | epoch 1 | evo 22/66 (33%) pct=0.0010 | 1.77s/step | 7633s total
  step  3340 | loss 0.3654 (avg50: 0.3757) | lr 2.85e-04 | epoch 1 | evo 22/66 (33%) pct=0.0010 | 1.77s/step | 7650s total
  step  3350 | loss 0.3768 (avg50: 0.3732) | lr 2.85e-04 | epoch 1 | evo 23/67 (34%) pct=0.0010 | 19.51s/step | 7686s total
  step  3360 | loss 0.3656 (avg50: 0.3732) | lr 2.85e-04 | epoch 1 | evo 23/67 (34%) pct=0.0010 | 1.78s/step | 7704s total
  step  3370 | loss 0.3922 (avg50: 0.3761) | lr 2.84e-04 | epoch 1 | evo 23/67 (34%) pct=0.0010 | 1.76s/step | 7721s total
  step  3380 | loss 0.3716 (avg50: 0.3771) | lr 2.84e-04 | epoch 1 | evo 23/67 (34%) pct=0.0010 | 1.77s/step | 7739s total
  step  3390 | loss 0.3837 (avg50: 0.3774) | lr 2.84e-04 | epoch 1 | evo 23/67 (34%) pct=0.0010 | 1.77s/step | 7757s total
  step  3400 | loss 0.3561 (avg50: 0.3772) | lr 2.84e-04 | epoch 1 | evo 24/68 (35%) pct=0.0010 | 19.44s/step | 7792s total

  📊 Eval @ step 3400: cosine_sim=0.6208
     sim_behavioral: 0.6337
     sim_complex: 0.5572
     sim_math: 0.7216
     sim_mixed: 0.5789
     sim_prose: 0.5951
     sim_sexpr: 0.7331
     evo: 68 gens, 24 accepted (35.3%), base_pct=0.0010

  step  3410 | loss 0.3537 (avg50: 0.3762) | lr 2.84e-04 | epoch 1 | evo 24/68 (35%) pct=0.0010 | 1.77s/step | 7824s total
  step  3420 | loss 0.3634 (avg50: 0.3739) | lr 2.84e-04 | epoch 1 | evo 24/68 (35%) pct=0.0010 | 1.78s/step | 7842s total
  step  3430 | loss 0.3615 (avg50: 0.3743) | lr 2.84e-04 | epoch 1 | evo 24/68 (35%) pct=0.0010 | 1.78s/step | 7859s total
  step  3440 | loss 0.3567 (avg50: 0.3729) | lr 2.84e-04 | epoch 1 | evo 24/68 (35%) pct=0.0010 | 1.78s/step | 7877s total
  step  3450 | loss 0.3914 (avg50: 0.3741) | lr 2.84e-04 | epoch 1 | evo 24/69 (35%) pct=0.0010 | 19.45s/step | 7913s total
  step  3460 | loss 0.3868 (avg50: 0.3761) | lr 2.83e-04 | epoch 1 | evo 24/69 (35%) pct=0.0010 | 1.78s/step | 7930s total
  step  3470 | loss 0.3999 (avg50: 0.3779) | lr 2.83e-04 | epoch 1 | evo 24/69 (35%) pct=0.0010 | 1.77s/step | 7948s total
  step  3480 | loss 0.3706 (avg50: 0.3776) | lr 2.83e-04 | epoch 1 | evo 24/69 (35%) pct=0.0010 | 1.77s/step | 7966s total
  step  3490 | loss 0.3902 (avg50: 0.3788) | lr 2.83e-04 | epoch 1 | evo 24/69 (35%) pct=0.0010 | 1.76s/step | 7983s total
  step  3500 | loss 0.3963 (avg50: 0.3788) | lr 2.83e-04 | epoch 1 | evo 25/70 (36%) pct=0.0010 | 19.45s/step | 8019s total

  📊 Eval @ step 3500: cosine_sim=0.6117
     sim_behavioral: 0.6271
     sim_complex: 0.5433
     sim_math: 0.6854
     sim_mixed: 0.5814
     sim_prose: 0.5941
     sim_sexpr: 0.7301
     evo: 70 gens, 25 accepted (35.7%), base_pct=0.0010

  step  3510 | loss 0.3392 (avg50: 0.3775) | lr 2.83e-04 | epoch 1 | evo 25/70 (36%) pct=0.0010 | 1.78s/step | 8051s total
  step  3520 | loss 0.3728 (avg50: 0.3776) | lr 2.83e-04 | epoch 1 | evo 25/70 (36%) pct=0.0010 | 1.78s/step | 8068s total
  step  3530 | loss 0.3551 (avg50: 0.3773) | lr 2.83e-04 | epoch 1 | evo 25/70 (36%) pct=0.0010 | 1.77s/step | 8086s total
  step  3540 | loss 0.3698 (avg50: 0.3783) | lr 2.83e-04 | epoch 1 | evo 25/70 (36%) pct=0.0010 | 1.77s/step | 8104s total
  step  3550 | loss 0.3716 (avg50: 0.3773) | lr 2.82e-04 | epoch 1 | evo 26/71 (37%) pct=0.0010 | 19.45s/step | 8139s total
  step  3560 | loss 0.3593 (avg50: 0.3796) | lr 2.82e-04 | epoch 1 | evo 26/71 (37%) pct=0.0010 | 1.76s/step | 8157s total
  step  3570 | loss 0.3904 (avg50: 0.3793) | lr 2.82e-04 | epoch 1 | evo 26/71 (37%) pct=0.0010 | 1.78s/step | 8175s total
  step  3580 | loss 0.3880 (avg50: 0.3791) | lr 2.82e-04 | epoch 1 | evo 26/71 (37%) pct=0.0010 | 1.77s/step | 8192s total
  step  3590 | loss 0.3563 (avg50: 0.3787) | lr 2.82e-04 | epoch 1 | evo 26/71 (37%) pct=0.0010 | 1.77s/step | 8210s total
  step  3600 | loss 0.3683 (avg50: 0.3796) | lr 2.82e-04 | epoch 1 | evo 26/72 (36%) pct=0.0010 | 19.39s/step | 8245s total

  📊 Eval @ step 3600: cosine_sim=0.6300
     sim_behavioral: 0.6373
     sim_complex: 0.5355
     sim_math: 0.7228
     sim_mixed: 0.5908
     sim_prose: 0.6103
     sim_sexpr: 0.7113
     evo: 72 gens, 26 accepted (36.1%), base_pct=0.0010

  step  3610 | loss 0.3533 (avg50: 0.3767) | lr 2.82e-04 | epoch 1 | evo 26/72 (36%) pct=0.0010 | 1.77s/step | 8277s total
  step  3620 | loss 0.3915 (avg50: 0.3765) | lr 2.82e-04 | epoch 1 | evo 26/72 (36%) pct=0.0010 | 1.77s/step | 8295s total
  step  3630 | loss 0.3568 (avg50: 0.3771) | lr 2.82e-04 | epoch 1 | evo 26/72 (36%) pct=0.0010 | 1.77s/step | 8313s total
  step  3640 | loss 0.3711 (avg50: 0.3764) | lr 2.81e-04 | epoch 1 | evo 26/72 (36%) pct=0.0010 | 1.77s/step | 8330s total
  step  3650 | loss 0.3648 (avg50: 0.3769) | lr 2.81e-04 | epoch 1 | evo 26/73 (36%) pct=0.0010 | 19.46s/step | 8366s total
  step  3660 | loss 0.3597 (avg50: 0.3762) | lr 2.81e-04 | epoch 1 | evo 26/73 (36%) pct=0.0010 | 1.77s/step | 8383s total
  step  3670 | loss 0.3753 (avg50: 0.3758) | lr 2.81e-04 | epoch 1 | evo 26/73 (36%) pct=0.0010 | 1.79s/step | 8401s total
  step  3680 | loss 0.3712 (avg50: 0.3750) | lr 2.81e-04 | epoch 1 | evo 26/73 (36%) pct=0.0010 | 1.77s/step | 8419s total
  step  3690 | loss 0.3650 (avg50: 0.3750) | lr 2.81e-04 | epoch 1 | evo 26/73 (36%) pct=0.0010 | 1.77s/step | 8437s total
  step  3700 | loss 0.4070 (avg50: 0.3744) | lr 2.81e-04 | epoch 1 | evo 27/74 (36%) pct=0.0010 | 19.44s/step | 8472s total

  📊 Eval @ step 3700: cosine_sim=0.6221
     sim_behavioral: 0.6316
     sim_complex: 0.5563
     sim_math: 0.7076
     sim_mixed: 0.5950
     sim_prose: 0.5960
     sim_sexpr: 0.7305
     evo: 74 gens, 27 accepted (36.5%), base_pct=0.0010

  step  3710 | loss 0.3790 (avg50: 0.3766) | lr 2.81e-04 | epoch 1 | evo 27/74 (36%) pct=0.0010 | 1.78s/step | 8504s total
  step  3720 | loss 0.3805 (avg50: 0.3754) | lr 2.80e-04 | epoch 1 | evo 27/74 (36%) pct=0.0010 | 1.79s/step | 8522s total
  step  3730 | loss 0.3798 (avg50: 0.3745) | lr 2.80e-04 | epoch 1 | evo 27/74 (36%) pct=0.0010 | 1.77s/step | 8539s total
  step  3740 | loss 0.3782 (avg50: 0.3743) | lr 2.80e-04 | epoch 1 | evo 27/74 (36%) pct=0.0010 | 1.77s/step | 8557s total
  step  3750 | loss 0.3816 (avg50: 0.3731) | lr 2.80e-04 | epoch 1 | evo 28/75 (37%) pct=0.0010 | 19.46s/step | 8592s total
  step  3760 | loss 0.3874 (avg50: 0.3729) | lr 2.80e-04 | epoch 1 | evo 28/75 (37%) pct=0.0010 | 1.78s/step | 8610s total
  step  3770 | loss 0.3832 (avg50: 0.3745) | lr 2.80e-04 | epoch 1 | evo 28/75 (37%) pct=0.0010 | 1.76s/step | 8628s total
  step  3780 | loss 0.3730 (avg50: 0.3741) | lr 2.80e-04 | epoch 1 | evo 28/75 (37%) pct=0.0010 | 1.77s/step | 8646s total
  step  3790 | loss 0.3672 (avg50: 0.3736) | lr 2.80e-04 | epoch 1 | evo 28/75 (37%) pct=0.0010 | 1.77s/step | 8663s total
  step  3800 | loss 0.3837 (avg50: 0.3724) | lr 2.80e-04 | epoch 1 | evo 29/76 (38%) pct=0.0010 | 19.44s/step | 8699s total

  📊 Eval @ step 3800: cosine_sim=0.6265
     sim_behavioral: 0.6398
     sim_complex: 0.5440
     sim_math: 0.6905
     sim_mixed: 0.5971
     sim_prose: 0.5943
     sim_sexpr: 0.7232
     evo: 76 gens, 29 accepted (38.2%), base_pct=0.0010

  step  3810 | loss 0.3724 (avg50: 0.3706) | lr 2.79e-04 | epoch 1 | evo 29/76 (38%) pct=0.0010 | 1.78s/step | 8731s total
  step  3820 | loss 0.3829 (avg50: 0.3707) | lr 2.79e-04 | epoch 1 | evo 29/76 (38%) pct=0.0010 | 1.77s/step | 8748s total
  step  3830 | loss 0.3710 (avg50: 0.3705) | lr 2.79e-04 | epoch 1 | evo 29/76 (38%) pct=0.0010 | 1.77s/step | 8766s total
  step  3840 | loss 0.3989 (avg50: 0.3706) | lr 2.79e-04 | epoch 1 | evo 29/76 (38%) pct=0.0010 | 1.79s/step | 8784s total
  step  3850 | loss 0.3463 (avg50: 0.3728) | lr 2.79e-04 | epoch 1 | evo 29/77 (38%) pct=0.0010 | 19.51s/step | 8819s total
  step  3860 | loss 0.3766 (avg50: 0.3747) | lr 2.79e-04 | epoch 1 | evo 29/77 (38%) pct=0.0010 | 1.77s/step | 8837s total
  step  3870 | loss 0.3639 (avg50: 0.3738) | lr 2.79e-04 | epoch 1 | evo 29/77 (38%) pct=0.0010 | 1.78s/step | 8855s total
  step  3880 | loss 0.3713 (avg50: 0.3750) | lr 2.79e-04 | epoch 1 | evo 29/77 (38%) pct=0.0010 | 1.77s/step | 8872s total
  step  3890 | loss 0.3609 (avg50: 0.3763) | lr 2.78e-04 | epoch 1 | evo 29/77 (38%) pct=0.0010 | 1.77s/step | 8890s total
  step  3900 | loss 0.3848 (avg50: 0.3756) | lr 2.78e-04 | epoch 1 | evo 29/78 (37%) pct=0.0010 | 19.40s/step | 8925s total

  📊 Eval @ step 3900: cosine_sim=0.6175
     sim_behavioral: 0.6266
     sim_complex: 0.5560
     sim_math: 0.6968
     sim_mixed: 0.5931
     sim_prose: 0.5952
     sim_sexpr: 0.7117
     evo: 78 gens, 29 accepted (37.2%), base_pct=0.0010

  step  3910 | loss 0.3648 (avg50: 0.3746) | lr 2.78e-04 | epoch 1 | evo 29/78 (37%) pct=0.0010 | 1.77s/step | 8957s total
  step  3920 | loss 0.4047 (avg50: 0.3753) | lr 2.78e-04 | epoch 1 | evo 29/78 (37%) pct=0.0010 | 1.79s/step | 8975s total
  step  3930 | loss 0.3682 (avg50: 0.3737) | lr 2.78e-04 | epoch 1 | evo 29/78 (37%) pct=0.0010 | 1.77s/step | 8993s total
  step  3940 | loss 0.3587 (avg50: 0.3703) | lr 2.78e-04 | epoch 1 | evo 29/78 (37%) pct=0.0010 | 1.77s/step | 9010s total
  step  3950 | loss 0.3535 (avg50: 0.3686) | lr 2.78e-04 | epoch 1 | evo 29/79 (37%) pct=0.0010 | 19.48s/step | 9046s total
  step  3960 | loss 0.3733 (avg50: 0.3684) | lr 2.78e-04 | epoch 1 | evo 29/79 (37%) pct=0.0010 | 1.78s/step | 9064s total
  step  3970 | loss 0.3895 (avg50: 0.3665) | lr 2.77e-04 | epoch 1 | evo 29/79 (37%) pct=0.0010 | 1.77s/step | 9081s total
  step  3980 | loss 0.3700 (avg50: 0.3677) | lr 2.77e-04 | epoch 1 | evo 29/79 (37%) pct=0.0010 | 1.78s/step | 9099s total
  step  3990 | loss 0.3810 (avg50: 0.3687) | lr 2.77e-04 | epoch 1 | evo 29/79 (37%) pct=0.0010 | 1.79s/step | 9117s total
  step  4000 | loss 0.4144 (avg50: 0.3711) | lr 2.77e-04 | epoch 1 | evo 29/80 (36%) pct=0.0010 | 19.41s/step | 9152s total

  📊 Eval @ step 4000: cosine_sim=0.6191
     sim_behavioral: 0.6419
     sim_complex: 0.5499
     sim_math: 0.7106
     sim_mixed: 0.5936
     sim_prose: 0.5837
     sim_sexpr: 0.7230
     evo: 80 gens, 29 accepted (36.2%), base_pct=0.0010


  📊 Checkpoint eval @ step 4000: cosine_sim=0.6235
     sim_behavioral: 0.6385
     sim_complex: 0.5487
     sim_math: 0.7104
     sim_mixed: 0.5987
     sim_prose: 0.5926
     sim_sexpr: 0.7111
  💾 Checkpoint saved: /Users/mwhitford/src/verbum/checkpoints/basin-v3-d512/step_004000

  step  4010 | loss 0.3900 (avg50: 0.3722) | lr 2.77e-04 | epoch 1 | evo 29/80 (36%) pct=0.0010 | 1.77s/step | 9212s total
  step  4020 | loss 0.3815 (avg50: 0.3722) | lr 2.77e-04 | epoch 1 | evo 29/80 (36%) pct=0.0010 | 1.78s/step | 9230s total
  step  4030 | loss 0.3766 (avg50: 0.3719) | lr 2.77e-04 | epoch 1 | evo 29/80 (36%) pct=0.0010 | 1.78s/step | 9248s total
  step  4040 | loss 0.3591 (avg50: 0.3718) | lr 2.76e-04 | epoch 1 | evo 29/80 (36%) pct=0.0010 | 1.78s/step | 9265s total
  step  4050 | loss 0.3838 (avg50: 0.3686) | lr 2.76e-04 | epoch 1 | evo 29/81 (36%) pct=0.0010 | 19.47s/step | 9301s total
  step  4060 | loss 0.3489 (avg50: 0.3656) | lr 2.76e-04 | epoch 1 | evo 29/81 (36%) pct=0.0010 | 1.77s/step | 9319s total
  step  4070 | loss 0.3605 (avg50: 0.3665) | lr 2.76e-04 | epoch 1 | evo 29/81 (36%) pct=0.0010 | 1.79s/step | 9336s total
  step  4080 | loss 0.3500 (avg50: 0.3662) | lr 2.76e-04 | epoch 1 | evo 29/81 (36%) pct=0.0010 | 1.78s/step | 9354s total
  step  4090 | loss 0.3720 (avg50: 0.3673) | lr 2.76e-04 | epoch 1 | evo 29/81 (36%) pct=0.0010 | 1.77s/step | 9372s total
  step  4100 | loss 0.3730 (avg50: 0.3685) | lr 2.76e-04 | epoch 1 | evo 29/82 (35%) pct=0.0010 | 19.46s/step | 9407s total

  📊 Eval @ step 4100: cosine_sim=0.6290
     sim_behavioral: 0.6518
     sim_complex: 0.5594
     sim_math: 0.6885
     sim_mixed: 0.6059
     sim_prose: 0.6071
     sim_sexpr: 0.7071
     evo: 82 gens, 29 accepted (35.4%), base_pct=0.0010

  step  4110 | loss 0.3559 (avg50: 0.3681) | lr 2.76e-04 | epoch 1 | evo 29/82 (35%) pct=0.0010 | 1.77s/step | 9439s total
  step  4120 | loss 0.3539 (avg50: 0.3686) | lr 2.75e-04 | epoch 1 | evo 29/82 (35%) pct=0.0010 | 1.78s/step | 9457s total
  step  4130 | loss 0.3931 (avg50: 0.3689) | lr 2.75e-04 | epoch 1 | evo 29/82 (35%) pct=0.0010 | 1.78s/step | 9474s total
  step  4140 | loss 0.3584 (avg50: 0.3665) | lr 2.75e-04 | epoch 1 | evo 29/82 (35%) pct=0.0010 | 1.77s/step | 9492s total
  step  4150 | loss 0.3797 (avg50: 0.3674) | lr 2.75e-04 | epoch 1 | evo 29/83 (35%) pct=0.0010 | 19.48s/step | 9528s total
  step  4160 | loss 0.3747 (avg50: 0.3696) | lr 2.75e-04 | epoch 1 | evo 29/83 (35%) pct=0.0010 | 1.77s/step | 9545s total
  step  4170 | loss 0.3750 (avg50: 0.3690) | lr 2.75e-04 | epoch 1 | evo 29/83 (35%) pct=0.0010 | 1.78s/step | 9563s total
  step  4180 | loss 0.3684 (avg50: 0.3682) | lr 2.75e-04 | epoch 1 | evo 29/83 (35%) pct=0.0010 | 1.77s/step | 9581s total
  step  4190 | loss 0.3588 (avg50: 0.3676) | lr 2.75e-04 | epoch 1 | evo 29/83 (35%) pct=0.0010 | 1.78s/step | 9599s total
  step  4200 | loss 0.3653 (avg50: 0.3667) | lr 2.74e-04 | epoch 1 | evo 29/84 (35%) pct=0.0010 | 19.47s/step | 9634s total

  📊 Eval @ step 4200: cosine_sim=0.6332
     sim_behavioral: 0.6503
     sim_complex: 0.5640
     sim_math: 0.7263
     sim_mixed: 0.6008
     sim_prose: 0.5922
     sim_sexpr: 0.7367
     evo: 84 gens, 29 accepted (34.5%), base_pct=0.0010

  step  4210 | loss 0.3548 (avg50: 0.3665) | lr 2.74e-04 | epoch 1 | evo 29/84 (35%) pct=0.0010 | 1.77s/step | 9666s total
  step  4220 | loss 0.3626 (avg50: 0.3666) | lr 2.74e-04 | epoch 1 | evo 29/84 (35%) pct=0.0010 | 1.77s/step | 9683s total
  step  4230 | loss 0.3747 (avg50: 0.3684) | lr 2.74e-04 | epoch 1 | evo 29/84 (35%) pct=0.0010 | 1.77s/step | 9701s total
  step  4240 | loss 0.4115 (avg50: 0.3736) | lr 2.74e-04 | epoch 1 | evo 29/84 (35%) pct=0.0010 | 1.77s/step | 9719s total
  step  4250 | loss 0.3492 (avg50: 0.3773) | lr 2.74e-04 | epoch 1 | evo 30/85 (35%) pct=0.0010 | 19.50s/step | 9754s total
  step  4260 | loss 0.3928 (avg50: 0.3792) | lr 2.74e-04 | epoch 1 | evo 30/85 (35%) pct=0.0010 | 1.77s/step | 9772s total
  step  4270 | loss 0.3755 (avg50: 0.3785) | lr 2.73e-04 | epoch 1 | evo 30/85 (35%) pct=0.0010 | 1.78s/step | 9790s total
  step  4280 | loss 0.3593 (avg50: 0.3768) | lr 2.73e-04 | epoch 1 | evo 30/85 (35%) pct=0.0010 | 1.76s/step | 9808s total
  step  4290 | loss 0.4082 (avg50: 0.3739) | lr 2.73e-04 | epoch 1 | evo 30/85 (35%) pct=0.0010 | 1.78s/step | 9825s total
  step  4300 | loss 0.3392 (avg50: 0.3682) | lr 2.73e-04 | epoch 1 | evo 30/86 (35%) pct=0.0010 | 19.44s/step | 9861s total

  📊 Eval @ step 4300: cosine_sim=0.6316
     sim_behavioral: 0.6340
     sim_complex: 0.5653
     sim_math: 0.7295
     sim_mixed: 0.6033
     sim_prose: 0.5875
     sim_sexpr: 0.7176
     evo: 86 gens, 30 accepted (34.9%), base_pct=0.0010

  step  4310 | loss 0.3866 (avg50: 0.3678) | lr 2.73e-04 | epoch 1 | evo 30/86 (35%) pct=0.0010 | 1.78s/step | 9892s total
  step  4320 | loss 0.3544 (avg50: 0.3656) | lr 2.73e-04 | epoch 1 | evo 30/86 (35%) pct=0.0010 | 1.77s/step | 9910s total
  step  4330 | loss 0.3628 (avg50: 0.3657) | lr 2.73e-04 | epoch 1 | evo 30/86 (35%) pct=0.0010 | 1.78s/step | 9928s total
  step  4340 | loss 0.3588 (avg50: 0.3649) | lr 2.72e-04 | epoch 1 | evo 30/86 (35%) pct=0.0010 | 1.77s/step | 9946s total
  step  4350 | loss 0.3794 (avg50: 0.3670) | lr 2.72e-04 | epoch 1 | evo 30/87 (34%) pct=0.0010 | 19.42s/step | 9981s total
  step  4360 | loss 0.3561 (avg50: 0.3649) | lr 2.72e-04 | epoch 1 | evo 30/87 (34%) pct=0.0010 | 1.77s/step | 9999s total
  step  4370 | loss 0.3881 (avg50: 0.3676) | lr 2.72e-04 | epoch 1 | evo 30/87 (34%) pct=0.0010 | 1.78s/step | 10016s total
  step  4380 | loss 0.3662 (avg50: 0.3688) | lr 2.72e-04 | epoch 1 | evo 30/87 (34%) pct=0.0010 | 1.77s/step | 10034s total
  step  4390 | loss 0.3558 (avg50: 0.3695) | lr 2.72e-04 | epoch 1 | evo 30/87 (34%) pct=0.0010 | 1.77s/step | 10052s total
  step  4400 | loss 0.3515 (avg50: 0.3695) | lr 2.72e-04 | epoch 1 | evo 30/88 (34%) pct=0.0010 | 19.45s/step | 10087s total

  📊 Eval @ step 4400: cosine_sim=0.6352
     sim_behavioral: 0.6481
     sim_complex: 0.5411
     sim_math: 0.7044
     sim_mixed: 0.6135
     sim_prose: 0.6085
     sim_sexpr: 0.7102
     evo: 88 gens, 30 accepted (34.1%), base_pct=0.0010

  step  4410 | loss 0.3843 (avg50: 0.3697) | lr 2.71e-04 | epoch 1 | evo 30/88 (34%) pct=0.0010 | 1.77s/step | 10119s total
  step  4420 | loss 0.3630 (avg50: 0.3684) | lr 2.71e-04 | epoch 1 | evo 30/88 (34%) pct=0.0010 | 1.77s/step | 10137s total
  step  4430 | loss 0.3834 (avg50: 0.3673) | lr 2.71e-04 | epoch 1 | evo 30/88 (34%) pct=0.0010 | 1.77s/step | 10155s total
  step  4440 | loss 0.3648 (avg50: 0.3654) | lr 2.71e-04 | epoch 1 | evo 30/88 (34%) pct=0.0010 | 1.78s/step | 10172s total
  step  4450 | loss 0.3375 (avg50: 0.3616) | lr 2.71e-04 | epoch 1 | evo 30/89 (34%) pct=0.0010 | 19.46s/step | 10208s total
  step  4460 | loss 0.3513 (avg50: 0.3611) | lr 2.71e-04 | epoch 1 | evo 30/89 (34%) pct=0.0010 | 1.78s/step | 10225s total
  step  4470 | loss 0.3750 (avg50: 0.3616) | lr 2.71e-04 | epoch 1 | evo 30/89 (34%) pct=0.0010 | 1.77s/step | 10243s total
  step  4480 | loss 0.3614 (avg50: 0.3630) | lr 2.71e-04 | epoch 1 | evo 30/89 (34%) pct=0.0010 | 1.78s/step | 10261s total
  step  4490 | loss 0.3512 (avg50: 0.3629) | lr 2.70e-04 | epoch 1 | evo 30/89 (34%) pct=0.0010 | 1.78s/step | 10279s total
  step  4500 | loss 0.3738 (avg50: 0.3670) | lr 2.70e-04 | epoch 1 | evo 30/90 (33%) pct=0.0010 | 19.43s/step | 10314s total

  📊 Eval @ step 4500: cosine_sim=0.6326
     sim_behavioral: 0.6594
     sim_complex: 0.5670
     sim_math: 0.7165
     sim_mixed: 0.6131
     sim_prose: 0.6108
     sim_sexpr: 0.7139
     evo: 90 gens, 30 accepted (33.3%), base_pct=0.0010

  step  4510 | loss 0.3679 (avg50: 0.3678) | lr 2.70e-04 | epoch 1 | evo 30/90 (33%) pct=0.0010 | 1.78s/step | 10346s total
  step  4520 | loss 0.3503 (avg50: 0.3672) | lr 2.70e-04 | epoch 1 | evo 30/90 (33%) pct=0.0010 | 1.77s/step | 10364s total
  step  4530 | loss 0.3754 (avg50: 0.3658) | lr 2.70e-04 | epoch 1 | evo 30/90 (33%) pct=0.0010 | 1.77s/step | 10381s total
  step  4540 | loss 0.3650 (avg50: 0.3673) | lr 2.70e-04 | epoch 1 | evo 30/90 (33%) pct=0.0010 | 1.78s/step | 10399s total
  step  4550 | loss 0.3695 (avg50: 0.3668) | lr 2.69e-04 | epoch 1 | evo 30/91 (33%) pct=0.0010 | 19.47s/step | 10434s total
  step  4560 | loss 0.3698 (avg50: 0.3647) | lr 2.69e-04 | epoch 1 | evo 30/91 (33%) pct=0.0010 | 1.78s/step | 10452s total
  step  4570 | loss 0.3779 (avg50: 0.3640) | lr 2.69e-04 | epoch 1 | evo 30/91 (33%) pct=0.0010 | 1.77s/step | 10470s total
  step  4580 | loss 0.3779 (avg50: 0.3621) | lr 2.69e-04 | epoch 1 | evo 30/91 (33%) pct=0.0010 | 1.77s/step | 10488s total
  step  4590 | loss 0.3707 (avg50: 0.3620) | lr 2.69e-04 | epoch 1 | evo 30/91 (33%) pct=0.0010 | 1.77s/step | 10505s total
  step  4600 | loss 0.3550 (avg50: 0.3617) | lr 2.69e-04 | epoch 1 | evo 30/92 (33%) pct=0.0010 | 19.46s/step | 10541s total

  📊 Eval @ step 4600: cosine_sim=0.6385
     sim_behavioral: 0.6471
     sim_complex: 0.5577
     sim_math: 0.7132
     sim_mixed: 0.6027
     sim_prose: 0.6086
     sim_sexpr: 0.7135
     evo: 92 gens, 30 accepted (32.6%), base_pct=0.0010

  step  4610 | loss 0.3821 (avg50: 0.3628) | lr 2.69e-04 | epoch 1 | evo 30/92 (33%) pct=0.0010 | 1.78s/step | 10573s total
  step  4620 | loss 0.3673 (avg50: 0.3630) | lr 2.68e-04 | epoch 1 | evo 30/92 (33%) pct=0.0010 | 1.77s/step | 10590s total
  step  4630 | loss 0.3578 (avg50: 0.3646) | lr 2.68e-04 | epoch 1 | evo 30/92 (33%) pct=0.0010 | 1.78s/step | 10608s total
  step  4640 | loss 0.3677 (avg50: 0.3634) | lr 2.68e-04 | epoch 1 | evo 30/92 (33%) pct=0.0010 | 1.77s/step | 10626s total
  step  4650 | loss 0.3883 (avg50: 0.3639) | lr 2.68e-04 | epoch 1 | evo 30/93 (32%) pct=0.0010 | 19.46s/step | 10661s total
  step  4660 | loss 0.3796 (avg50: 0.3641) | lr 2.68e-04 | epoch 1 | evo 30/93 (32%) pct=0.0010 | 1.77s/step | 10679s total
  step  4670 | loss 0.3699 (avg50: 0.3648) | lr 2.68e-04 | epoch 1 | evo 30/93 (32%) pct=0.0010 | 1.77s/step | 10697s total
  step  4680 | loss 0.3546 (avg50: 0.3638) | lr 2.68e-04 | epoch 1 | evo 30/93 (32%) pct=0.0010 | 1.78s/step | 10714s total
  step  4690 | loss 0.3693 (avg50: 0.3639) | lr 2.67e-04 | epoch 1 | evo 30/93 (32%) pct=0.0010 | 1.78s/step | 10732s total
  step  4700 | loss 0.3682 (avg50: 0.3624) | lr 2.67e-04 | epoch 1 | evo 30/94 (32%) pct=0.0010 | 19.42s/step | 10767s total

  📊 Eval @ step 4700: cosine_sim=0.6397
     sim_behavioral: 0.6519
     sim_complex: 0.5662
     sim_math: 0.7288
     sim_mixed: 0.5912
     sim_prose: 0.6225
     sim_sexpr: 0.7228
     evo: 94 gens, 30 accepted (31.9%), base_pct=0.0010

  step  4710 | loss 0.3323 (avg50: 0.3611) | lr 2.67e-04 | epoch 1 | evo 30/94 (32%) pct=0.0010 | 1.78s/step | 10799s total
  step  4720 | loss 0.3820 (avg50: 0.3610) | lr 2.67e-04 | epoch 1 | evo 30/94 (32%) pct=0.0010 | 1.77s/step | 10817s total
  step  4730 | loss 0.3917 (avg50: 0.3626) | lr 2.67e-04 | epoch 1 | evo 30/94 (32%) pct=0.0010 | 1.78s/step | 10835s total
  step  4740 | loss 0.3687 (avg50: 0.3629) | lr 2.67e-04 | epoch 1 | evo 30/94 (32%) pct=0.0010 | 1.77s/step | 10853s total
  step  4750 | loss 0.3916 (avg50: 0.3650) | lr 2.67e-04 | epoch 1 | evo 30/95 (32%) pct=0.0010 | 19.44s/step | 10888s total
  step  4760 | loss 0.3690 (avg50: 0.3672) | lr 2.66e-04 | epoch 2 | evo 30/95 (32%) pct=0.0010 | 1.76s/step | 10906s total
  step  4770 | loss 0.3566 (avg50: 0.3671) | lr 2.66e-04 | epoch 2 | evo 30/95 (32%) pct=0.0010 | 1.77s/step | 10923s total
  step  4780 | loss 0.3483 (avg50: 0.3646) | lr 2.66e-04 | epoch 2 | evo 30/95 (32%) pct=0.0010 | 1.78s/step | 10941s total
  step  4790 | loss 0.3444 (avg50: 0.3638) | lr 2.66e-04 | epoch 2 | evo 30/95 (32%) pct=0.0010 | 1.76s/step | 10959s total
  step  4800 | loss 0.3786 (avg50: 0.3631) | lr 2.66e-04 | epoch 2 | evo 31/96 (32%) pct=0.0010 | 19.44s/step | 10994s total

  📊 Eval @ step 4800: cosine_sim=0.6252
     sim_behavioral: 0.6314
     sim_complex: 0.5511
     sim_math: 0.7239
     sim_mixed: 0.5878
     sim_prose: 0.5904
     sim_sexpr: 0.7209
     evo: 96 gens, 31 accepted (32.3%), base_pct=0.0010

  step  4810 | loss 0.3391 (avg50: 0.3622) | lr 2.66e-04 | epoch 2 | evo 31/96 (32%) pct=0.0010 | 1.77s/step | 11026s total
  step  4820 | loss 0.3730 (avg50: 0.3610) | lr 2.65e-04 | epoch 2 | evo 31/96 (32%) pct=0.0010 | 1.77s/step | 11044s total
  step  4830 | loss 0.3508 (avg50: 0.3610) | lr 2.65e-04 | epoch 2 | evo 31/96 (32%) pct=0.0010 | 1.78s/step | 11062s total
  step  4840 | loss 0.3890 (avg50: 0.3633) | lr 2.65e-04 | epoch 2 | evo 31/96 (32%) pct=0.0010 | 1.77s/step | 11079s total
  step  4850 | loss 0.3845 (avg50: 0.3634) | lr 2.65e-04 | epoch 2 | evo 31/97 (32%) pct=0.0010 | 19.45s/step | 11115s total
  step  4860 | loss 0.3346 (avg50: 0.3619) | lr 2.65e-04 | epoch 2 | evo 31/97 (32%) pct=0.0010 | 1.77s/step | 11132s total
  step  4870 | loss 0.3615 (avg50: 0.3627) | lr 2.65e-04 | epoch 2 | evo 31/97 (32%) pct=0.0010 | 1.77s/step | 11150s total
  step  4880 | loss 0.3443 (avg50: 0.3633) | lr 2.65e-04 | epoch 2 | evo 31/97 (32%) pct=0.0010 | 1.77s/step | 11168s total
  step  4890 | loss 0.3686 (avg50: 0.3618) | lr 2.64e-04 | epoch 2 | evo 31/97 (32%) pct=0.0010 | 1.78s/step | 11186s total
  step  4900 | loss 0.3647 (avg50: 0.3595) | lr 2.64e-04 | epoch 2 | evo 31/98 (32%) pct=0.0010 | 19.42s/step | 11221s total

  📊 Eval @ step 4900: cosine_sim=0.6426
     sim_behavioral: 0.6579
     sim_complex: 0.5659
     sim_math: 0.7287
     sim_mixed: 0.6221
     sim_prose: 0.6065
     sim_sexpr: 0.7188
     evo: 98 gens, 31 accepted (31.6%), base_pct=0.0010

  step  4910 | loss 0.3571 (avg50: 0.3592) | lr 2.64e-04 | epoch 2 | evo 31/98 (32%) pct=0.0010 | 1.78s/step | 11253s total
  step  4920 | loss 0.3805 (avg50: 0.3617) | lr 2.64e-04 | epoch 2 | evo 31/98 (32%) pct=0.0010 | 1.78s/step | 11271s total
  step  4930 | loss 0.3634 (avg50: 0.3629) | lr 2.64e-04 | epoch 2 | evo 31/98 (32%) pct=0.0010 | 1.77s/step | 11288s total
  step  4940 | loss 0.3352 (avg50: 0.3645) | lr 2.64e-04 | epoch 2 | evo 31/98 (32%) pct=0.0010 | 1.77s/step | 11306s total
  step  4950 | loss 0.3602 (avg50: 0.3643) | lr 2.63e-04 | epoch 2 | evo 31/99 (31%) pct=0.0010 | 19.47s/step | 11342s total
  step  4960 | loss 0.3662 (avg50: 0.3654) | lr 2.63e-04 | epoch 2 | evo 31/99 (31%) pct=0.0010 | 1.77s/step | 11359s total
  step  4970 | loss 0.3794 (avg50: 0.3624) | lr 2.63e-04 | epoch 2 | evo 31/99 (31%) pct=0.0010 | 1.78s/step | 11377s total
  step  4980 | loss 0.3461 (avg50: 0.3633) | lr 2.63e-04 | epoch 2 | evo 31/99 (31%) pct=0.0010 | 1.77s/step | 11395s total
  step  4990 | loss 0.3632 (avg50: 0.3603) | lr 2.63e-04 | epoch 2 | evo 31/99 (31%) pct=0.0010 | 1.78s/step | 11412s total
  step  5000 | loss 0.3514 (avg50: 0.3604) | lr 2.63e-04 | epoch 2 | evo 32/100 (32%) pct=0.0010 | 19.46s/step | 11448s total

  📊 Eval @ step 5000: cosine_sim=0.6334
     sim_behavioral: 0.6391
     sim_complex: 0.5547
     sim_math: 0.7220
     sim_mixed: 0.6214
     sim_prose: 0.5887
     sim_sexpr: 0.7249
     evo: 100 gens, 32 accepted (32.0%), base_pct=0.0010


  📊 Checkpoint eval @ step 5000: cosine_sim=0.6289
     sim_behavioral: 0.6375
     sim_complex: 0.5510
     sim_math: 0.7226
     sim_mixed: 0.6065
     sim_prose: 0.5828
     sim_sexpr: 0.7165
  💾 Checkpoint saved: /Users/mwhitford/src/verbum/checkpoints/basin-v3-d512/step_005000

  step  5010 | loss 0.3573 (avg50: 0.3599) | lr 2.62e-04 | epoch 2 | evo 32/100 (32%) pct=0.0010 | 1.77s/step | 11508s total
  step  5020 | loss 0.3561 (avg50: 0.3620) | lr 2.62e-04 | epoch 2 | evo 32/100 (32%) pct=0.0010 | 1.77s/step | 11526s total
  step  5030 | loss 0.3689 (avg50: 0.3618) | lr 2.62e-04 | epoch 2 | evo 32/100 (32%) pct=0.0010 | 1.77s/step | 11544s total
  step  5040 | loss 0.3358 (avg50: 0.3627) | lr 2.62e-04 | epoch 2 | evo 32/100 (32%) pct=0.0010 | 1.77s/step | 11561s total
  step  5050 | loss 0.3713 (avg50: 0.3641) | lr 2.62e-04 | epoch 2 | evo 32/101 (32%) pct=0.0010 | 19.62s/step | 11597s total
  step  5060 | loss 0.3481 (avg50: 0.3642) | lr 2.62e-04 | epoch 2 | evo 32/101 (32%) pct=0.0010 | 1.78s/step | 11615s total
  step  5070 | loss 0.3645 (avg50: 0.3629) | lr 2.62e-04 | epoch 2 | evo 32/101 (32%) pct=0.0010 | 1.77s/step | 11632s total
  step  5080 | loss 0.3462 (avg50: 0.3628) | lr 2.61e-04 | epoch 2 | evo 32/101 (32%) pct=0.0010 | 1.77s/step | 11650s total
  step  5090 | loss 0.3575 (avg50: 0.3623) | lr 2.61e-04 | epoch 2 | evo 32/101 (32%) pct=0.0010 | 1.77s/step | 11668s total
  step  5100 | loss 0.3822 (avg50: 0.3620) | lr 2.61e-04 | epoch 2 | evo 32/102 (31%) pct=0.0010 | 19.43s/step | 11703s total

  📊 Eval @ step 5100: cosine_sim=0.6333
     sim_behavioral: 0.6518
     sim_complex: 0.5679
     sim_math: 0.7180
     sim_mixed: 0.6233
     sim_prose: 0.6040
     sim_sexpr: 0.7233
     evo: 102 gens, 32 accepted (31.4%), base_pct=0.0010

  step  5110 | loss 0.3665 (avg50: 0.3623) | lr 2.61e-04 | epoch 2 | evo 32/102 (31%) pct=0.0010 | 1.77s/step | 11735s total
  step  5120 | loss 0.3700 (avg50: 0.3619) | lr 2.61e-04 | epoch 2 | evo 32/102 (31%) pct=0.0010 | 1.77s/step | 11753s total
  step  5130 | loss 0.3785 (avg50: 0.3598) | lr 2.61e-04 | epoch 2 | evo 32/102 (31%) pct=0.0010 | 1.77s/step | 11771s total
  step  5140 | loss 0.3688 (avg50: 0.3589) | lr 2.60e-04 | epoch 2 | evo 32/102 (31%) pct=0.0010 | 1.79s/step | 11788s total
  step  5150 | loss 0.3788 (avg50: 0.3589) | lr 2.60e-04 | epoch 2 | evo 32/103 (31%) pct=0.0010 | 19.96s/step | 11824s total
  step  5160 | loss 0.3699 (avg50: 0.3591) | lr 2.60e-04 | epoch 2 | evo 32/103 (31%) pct=0.0010 | 1.80s/step | 11842s total
  step  5170 | loss 0.3624 (avg50: 0.3593) | lr 2.60e-04 | epoch 2 | evo 32/103 (31%) pct=0.0010 | 1.80s/step | 11860s total
  step  5180 | loss 0.3491 (avg50: 0.3598) | lr 2.60e-04 | epoch 2 | evo 32/103 (31%) pct=0.0010 | 1.79s/step | 11878s total
  step  5190 | loss 0.3444 (avg50: 0.3602) | lr 2.60e-04 | epoch 2 | evo 32/103 (31%) pct=0.0010 | 1.77s/step | 11896s total
  step  5200 | loss 0.3558 (avg50: 0.3618) | lr 2.59e-04 | epoch 2 | evo 32/104 (31%) pct=0.0010 | 19.55s/step | 11931s total

  📊 Eval @ step 5200: cosine_sim=0.6358
     sim_behavioral: 0.6512
     sim_complex: 0.5690
     sim_math: 0.7272
     sim_mixed: 0.6269
     sim_prose: 0.6169
     sim_sexpr: 0.7230
     evo: 104 gens, 32 accepted (30.8%), base_pct=0.0010

  step  5210 | loss 0.3599 (avg50: 0.3616) | lr 2.59e-04 | epoch 2 | evo 32/104 (31%) pct=0.0010 | 1.77s/step | 11963s total
  step  5220 | loss 0.3529 (avg50: 0.3611) | lr 2.59e-04 | epoch 2 | evo 32/104 (31%) pct=0.0010 | 1.77s/step | 11981s total
  step  5230 | loss 0.3625 (avg50: 0.3625) | lr 2.59e-04 | epoch 2 | evo 32/104 (31%) pct=0.0010 | 1.79s/step | 11999s total
  step  5240 | loss 0.4015 (avg50: 0.3634) | lr 2.59e-04 | epoch 2 | evo 32/104 (31%) pct=0.0010 | 1.82s/step | 12017s total
  step  5250 | loss 0.3694 (avg50: 0.3603) | lr 2.59e-04 | epoch 2 | evo 32/105 (30%) pct=0.0010 | 19.59s/step | 12052s total
  step  5260 | loss 0.3696 (avg50: 0.3596) | lr 2.58e-04 | epoch 2 | evo 32/105 (30%) pct=0.0010 | 1.79s/step | 12070s total
  step  5270 | loss 0.3542 (avg50: 0.3593) | lr 2.58e-04 | epoch 2 | evo 32/105 (30%) pct=0.0010 | 1.77s/step | 12088s total
  step  5280 | loss 0.3561 (avg50: 0.3571) | lr 2.58e-04 | epoch 2 | evo 32/105 (30%) pct=0.0010 | 1.78s/step | 12106s total
  step  5290 | loss 0.3511 (avg50: 0.3569) | lr 2.58e-04 | epoch 2 | evo 32/105 (30%) pct=0.0010 | 1.79s/step | 12124s total
  step  5300 | loss 0.3555 (avg50: 0.3568) | lr 2.58e-04 | epoch 2 | evo 32/106 (30%) pct=0.0010 | 19.61s/step | 12159s total

  📊 Eval @ step 5300: cosine_sim=0.6335
     sim_behavioral: 0.6460
     sim_complex: 0.5576
     sim_math: 0.7306
     sim_mixed: 0.6040
     sim_prose: 0.6058
     sim_sexpr: 0.7178
     evo: 106 gens, 32 accepted (30.2%), base_pct=0.0010

  step  5310 | loss 0.3492 (avg50: 0.3585) | lr 2.58e-04 | epoch 2 | evo 32/106 (30%) pct=0.0010 | 1.78s/step | 12191s total
  step  5320 | loss 0.3652 (avg50: 0.3586) | lr 2.57e-04 | epoch 2 | evo 32/106 (30%) pct=0.0010 | 1.80s/step | 12209s total
  step  5330 | loss 0.3774 (avg50: 0.3607) | lr 2.57e-04 | epoch 2 | evo 32/106 (30%) pct=0.0010 | 1.77s/step | 12227s total
  step  5340 | loss 0.3692 (avg50: 0.3621) | lr 2.57e-04 | epoch 2 | evo 32/106 (30%) pct=0.0010 | 1.79s/step | 12245s total
  step  5350 | loss 0.3625 (avg50: 0.3617) | lr 2.57e-04 | epoch 2 | evo 32/107 (30%) pct=0.0010 | 19.57s/step | 12281s total
  step  5360 | loss 0.3696 (avg50: 0.3588) | lr 2.57e-04 | epoch 2 | evo 32/107 (30%) pct=0.0010 | 1.80s/step | 12298s total
  step  5370 | loss 0.3793 (avg50: 0.3587) | lr 2.57e-04 | epoch 2 | evo 32/107 (30%) pct=0.0010 | 1.86s/step | 12316s total
  step  5380 | loss 0.3387 (avg50: 0.3570) | lr 2.56e-04 | epoch 2 | evo 32/107 (30%) pct=0.0010 | 1.79s/step | 12334s total
  step  5390 | loss 0.3287 (avg50: 0.3564) | lr 2.56e-04 | epoch 2 | evo 32/107 (30%) pct=0.0010 | 1.80s/step | 12352s total
  step  5400 | loss 0.3694 (avg50: 0.3596) | lr 2.56e-04 | epoch 2 | evo 32/108 (30%) pct=0.0010 | 19.57s/step | 12388s total

  📊 Eval @ step 5400: cosine_sim=0.6357
     sim_behavioral: 0.6546
     sim_complex: 0.5599
     sim_math: 0.7078
     sim_mixed: 0.6325
     sim_prose: 0.6047
     sim_sexpr: 0.7236
     evo: 108 gens, 32 accepted (29.6%), base_pct=0.0010

  step  5410 | loss 0.3585 (avg50: 0.3609) | lr 2.56e-04 | epoch 2 | evo 32/108 (30%) pct=0.0010 | 1.83s/step | 12420s total
  step  5420 | loss 0.3657 (avg50: 0.3615) | lr 2.56e-04 | epoch 2 | evo 32/108 (30%) pct=0.0010 | 1.82s/step | 12438s total
  step  5430 | loss 0.3522 (avg50: 0.3623) | lr 2.56e-04 | epoch 2 | evo 32/108 (30%) pct=0.0010 | 1.78s/step | 12456s total
  step  5440 | loss 0.3690 (avg50: 0.3607) | lr 2.55e-04 | epoch 2 | evo 32/108 (30%) pct=0.0010 | 1.80s/step | 12474s total
  step  5450 | loss 0.3702 (avg50: 0.3594) | lr 2.55e-04 | epoch 2 | evo 32/109 (29%) pct=0.0010 | 19.61s/step | 12510s total
  step  5460 | loss 0.3360 (avg50: 0.3581) | lr 2.55e-04 | epoch 2 | evo 32/109 (29%) pct=0.0010 | 1.77s/step | 12528s total
  step  5470 | loss 0.3872 (avg50: 0.3598) | lr 2.55e-04 | epoch 2 | evo 32/109 (29%) pct=0.0010 | 1.78s/step | 12546s total
  step  5480 | loss 0.3514 (avg50: 0.3591) | lr 2.55e-04 | epoch 2 | evo 32/109 (29%) pct=0.0010 | 1.78s/step | 12564s total
  step  5490 | loss 0.3663 (avg50: 0.3599) | lr 2.55e-04 | epoch 2 | evo 32/109 (29%) pct=0.0010 | 1.78s/step | 12582s total
  step  5500 | loss 0.3399 (avg50: 0.3592) | lr 2.54e-04 | epoch 2 | evo 33/110 (30%) pct=0.0010 | 19.62s/step | 12617s total

  📊 Eval @ step 5500: cosine_sim=0.6395
     sim_behavioral: 0.6479
     sim_complex: 0.5684
     sim_math: 0.7146
     sim_mixed: 0.6170
     sim_prose: 0.6136
     sim_sexpr: 0.7229
     evo: 110 gens, 33 accepted (30.0%), base_pct=0.0010

  step  5510 | loss 0.3798 (avg50: 0.3628) | lr 2.54e-04 | epoch 2 | evo 33/110 (30%) pct=0.0010 | 1.78s/step | 12649s total
  step  5520 | loss 0.3226 (avg50: 0.3597) | lr 2.54e-04 | epoch 2 | evo 33/110 (30%) pct=0.0010 | 1.78s/step | 12667s total
  step  5530 | loss 0.3548 (avg50: 0.3591) | lr 2.54e-04 | epoch 2 | evo 33/110 (30%) pct=0.0010 | 1.78s/step | 12685s total
  step  5540 | loss 0.3464 (avg50: 0.3574) | lr 2.54e-04 | epoch 2 | evo 33/110 (30%) pct=0.0010 | 1.79s/step | 12703s total
  step  5550 | loss 0.3596 (avg50: 0.3587) | lr 2.54e-04 | epoch 2 | evo 33/111 (30%) pct=0.0010 | 19.57s/step | 12739s total
  step  5560 | loss 0.3395 (avg50: 0.3561) | lr 2.53e-04 | epoch 2 | evo 33/111 (30%) pct=0.0010 | 1.78s/step | 12756s total
  step  5570 | loss 0.3679 (avg50: 0.3567) | lr 2.53e-04 | epoch 2 | evo 33/111 (30%) pct=0.0010 | 1.78s/step | 12774s total
  step  5580 | loss 0.3539 (avg50: 0.3555) | lr 2.53e-04 | epoch 2 | evo 33/111 (30%) pct=0.0010 | 1.79s/step | 12792s total
  step  5590 | loss 0.3640 (avg50: 0.3579) | lr 2.53e-04 | epoch 2 | evo 33/111 (30%) pct=0.0010 | 1.78s/step | 12810s total
  step  5600 | loss 0.3440 (avg50: 0.3569) | lr 2.53e-04 | epoch 2 | evo 33/112 (29%) pct=0.0010 | 19.49s/step | 12846s total

  📊 Eval @ step 5600: cosine_sim=0.6426
     sim_behavioral: 0.6596
     sim_complex: 0.5792
     sim_math: 0.7405
     sim_mixed: 0.6109
     sim_prose: 0.6055
     sim_sexpr: 0.7131
     evo: 112 gens, 33 accepted (29.5%), base_pct=0.0010

  step  5610 | loss 0.3543 (avg50: 0.3567) | lr 2.52e-04 | epoch 2 | evo 33/112 (29%) pct=0.0010 | 1.80s/step | 12878s total
  step  5620 | loss 0.3726 (avg50: 0.3566) | lr 2.52e-04 | epoch 2 | evo 33/112 (29%) pct=0.0010 | 1.78s/step | 12896s total
  step  5630 | loss 0.3617 (avg50: 0.3575) | lr 2.52e-04 | epoch 2 | evo 33/112 (29%) pct=0.0010 | 1.80s/step | 12914s total
  step  5640 | loss 0.3731 (avg50: 0.3572) | lr 2.52e-04 | epoch 2 | evo 33/112 (29%) pct=0.0010 | 1.79s/step | 12932s total
  step  5650 | loss 0.3708 (avg50: 0.3568) | lr 2.52e-04 | epoch 2 | evo 33/113 (29%) pct=0.0010 | 19.58s/step | 12967s total
  step  5660 | loss 0.3644 (avg50: 0.3582) | lr 2.52e-04 | epoch 2 | evo 33/113 (29%) pct=0.0010 | 1.79s/step | 12985s total
  step  5670 | loss 0.3365 (avg50: 0.3581) | lr 2.51e-04 | epoch 2 | evo 33/113 (29%) pct=0.0010 | 1.80s/step | 13003s total
  step  5680 | loss 0.3705 (avg50: 0.3600) | lr 2.51e-04 | epoch 2 | evo 33/113 (29%) pct=0.0010 | 1.79s/step | 13021s total
  step  5690 | loss 0.3601 (avg50: 0.3592) | lr 2.51e-04 | epoch 2 | evo 33/113 (29%) pct=0.0010 | 1.79s/step | 13039s total
  step  5700 | loss 0.3462 (avg50: 0.3591) | lr 2.51e-04 | epoch 2 | evo 33/114 (29%) pct=0.0010 | 19.56s/step | 13075s total

  📊 Eval @ step 5700: cosine_sim=0.6404
     sim_behavioral: 0.6482
     sim_complex: 0.5799
     sim_math: 0.7399
     sim_mixed: 0.6288
     sim_prose: 0.6161
     sim_sexpr: 0.7085
     evo: 114 gens, 33 accepted (28.9%), base_pct=0.0010

  step  5710 | loss 0.3578 (avg50: 0.3568) | lr 2.51e-04 | epoch 2 | evo 33/114 (29%) pct=0.0010 | 1.76s/step | 13107s total
  step  5720 | loss 0.3455 (avg50: 0.3557) | lr 2.51e-04 | epoch 2 | evo 33/114 (29%) pct=0.0010 | 1.81s/step | 13125s total
  step  5730 | loss 0.3706 (avg50: 0.3546) | lr 2.50e-04 | epoch 2 | evo 33/114 (29%) pct=0.0010 | 1.80s/step | 13143s total
  step  5740 | loss 0.3570 (avg50: 0.3554) | lr 2.50e-04 | epoch 2 | evo 33/114 (29%) pct=0.0010 | 1.81s/step | 13161s total
  step  5750 | loss 0.3576 (avg50: 0.3552) | lr 2.50e-04 | epoch 2 | evo 34/115 (30%) pct=0.0010 | 19.55s/step | 13196s total
  step  5760 | loss 0.3260 (avg50: 0.3563) | lr 2.50e-04 | epoch 2 | evo 34/115 (30%) pct=0.0010 | 1.77s/step | 13214s total
  step  5770 | loss 0.3579 (avg50: 0.3584) | lr 2.50e-04 | epoch 2 | evo 34/115 (30%) pct=0.0010 | 1.82s/step | 13232s total
  step  5780 | loss 0.3677 (avg50: 0.3580) | lr 2.49e-04 | epoch 2 | evo 34/115 (30%) pct=0.0010 | 1.84s/step | 13251s total
  step  5790 | loss 0.3579 (avg50: 0.3583) | lr 2.49e-04 | epoch 2 | evo 34/115 (30%) pct=0.0010 | 1.85s/step | 13269s total
  step  5800 | loss 0.3655 (avg50: 0.3577) | lr 2.49e-04 | epoch 2 | evo 34/116 (29%) pct=0.0010 | 19.76s/step | 13304s total

  📊 Eval @ step 5800: cosine_sim=0.6483
     sim_behavioral: 0.6526
     sim_complex: 0.5682
     sim_math: 0.7311
     sim_mixed: 0.6260
     sim_prose: 0.6336
     sim_sexpr: 0.7305
     evo: 116 gens, 34 accepted (29.3%), base_pct=0.0010

  step  5810 | loss 0.3390 (avg50: 0.3566) | lr 2.49e-04 | epoch 2 | evo 34/116 (29%) pct=0.0010 | 1.78s/step | 13336s total
  step  5820 | loss 0.3315 (avg50: 0.3549) | lr 2.49e-04 | epoch 2 | evo 34/116 (29%) pct=0.0010 | 1.80s/step | 13354s total
  step  5830 | loss 0.3679 (avg50: 0.3552) | lr 2.49e-04 | epoch 2 | evo 34/116 (29%) pct=0.0010 | 1.77s/step | 13372s total
  step  5840 | loss 0.3816 (avg50: 0.3545) | lr 2.48e-04 | epoch 2 | evo 34/116 (29%) pct=0.0010 | 1.76s/step | 13390s total
  step  5850 | loss 0.3318 (avg50: 0.3543) | lr 2.48e-04 | epoch 2 | evo 34/117 (29%) pct=0.0010 | 19.64s/step | 13425s total
  step  5860 | loss 0.3623 (avg50: 0.3589) | lr 2.48e-04 | epoch 2 | evo 34/117 (29%) pct=0.0010 | 1.81s/step | 13443s total
  step  5870 | loss 0.3560 (avg50: 0.3597) | lr 2.48e-04 | epoch 2 | evo 34/117 (29%) pct=0.0010 | 1.80s/step | 13461s total
  step  5880 | loss 0.3772 (avg50: 0.3600) | lr 2.48e-04 | epoch 2 | evo 34/117 (29%) pct=0.0010 | 1.78s/step | 13479s total
  step  5890 | loss 0.3524 (avg50: 0.3603) | lr 2.47e-04 | epoch 2 | evo 34/117 (29%) pct=0.0010 | 1.76s/step | 13497s total
  step  5900 | loss 0.3705 (avg50: 0.3620) | lr 2.47e-04 | epoch 2 | evo 35/118 (30%) pct=0.0010 | 19.54s/step | 13533s total

  📊 Eval @ step 5900: cosine_sim=0.6055
     sim_behavioral: 0.6043
     sim_complex: 0.5391
     sim_math: 0.7227
     sim_mixed: 0.5819
     sim_prose: 0.5806
     sim_sexpr: 0.7162
     evo: 118 gens, 35 accepted (29.7%), base_pct=0.0010

  step  5910 | loss 0.3802 (avg50: 0.3643) | lr 2.47e-04 | epoch 2 | evo 35/118 (30%) pct=0.0010 | 1.79s/step | 13565s total
  step  5920 | loss 0.3493 (avg50: 0.3658) | lr 2.47e-04 | epoch 2 | evo 35/118 (30%) pct=0.0010 | 1.78s/step | 13583s total
  step  5930 | loss 0.3743 (avg50: 0.3671) | lr 2.47e-04 | epoch 2 | evo 35/118 (30%) pct=0.0010 | 1.78s/step | 13601s total
  step  5940 | loss 0.3373 (avg50: 0.3653) | lr 2.47e-04 | epoch 2 | evo 35/118 (30%) pct=0.0010 | 1.80s/step | 13619s total
  step  5950 | loss 0.3546 (avg50: 0.3666) | lr 2.46e-04 | epoch 2 | evo 36/119 (30%) pct=0.0010 | 19.59s/step | 13654s total
  step  5960 | loss 0.3611 (avg50: 0.3624) | lr 2.46e-04 | epoch 2 | evo 36/119 (30%) pct=0.0010 | 1.78s/step | 13672s total
  step  5970 | loss 0.3265 (avg50: 0.3605) | lr 2.46e-04 | epoch 2 | evo 36/119 (30%) pct=0.0010 | 1.79s/step | 13690s total
  step  5980 | loss 0.3621 (avg50: 0.3580) | lr 2.46e-04 | epoch 2 | evo 36/119 (30%) pct=0.0010 | 1.79s/step | 13708s total
  step  5990 | loss 0.3580 (avg50: 0.3601) | lr 2.46e-04 | epoch 2 | evo 36/119 (30%) pct=0.0010 | 1.79s/step | 13726s total
  step  6000 | loss 0.3381 (avg50: 0.3576) | lr 2.45e-04 | epoch 2 | evo 37/120 (31%) pct=0.0010 | 19.59s/step | 13762s total

  📊 Eval @ step 6000: cosine_sim=0.6321
     sim_behavioral: 0.6530
     sim_complex: 0.5482
     sim_math: 0.7500
     sim_mixed: 0.6173
     sim_prose: 0.6077
     sim_sexpr: 0.7360
     evo: 120 gens, 37 accepted (30.8%), base_pct=0.0010


  📊 Checkpoint eval @ step 6000: cosine_sim=0.6355
     sim_behavioral: 0.6476
     sim_complex: 0.5628
     sim_math: 0.7183
     sim_mixed: 0.6181
     sim_prose: 0.6108
     sim_sexpr: 0.7251
  💾 Checkpoint saved: /Users/mwhitford/src/verbum/checkpoints/basin-v3-d512/step_006000

  step  6010 | loss 0.3339 (avg50: 0.3548) | lr 2.45e-04 | epoch 2 | evo 37/120 (31%) pct=0.0010 | 1.79s/step | 13822s total
  step  6020 | loss 0.3572 (avg50: 0.3557) | lr 2.45e-04 | epoch 2 | evo 37/120 (31%) pct=0.0010 | 1.78s/step | 13840s total
  step  6030 | loss 0.3662 (avg50: 0.3572) | lr 2.45e-04 | epoch 2 | evo 37/120 (31%) pct=0.0010 | 1.79s/step | 13858s total
  step  6040 | loss 0.3680 (avg50: 0.3547) | lr 2.45e-04 | epoch 2 | evo 37/120 (31%) pct=0.0010 | 1.77s/step | 13876s total
  step  6050 | loss 0.3522 (avg50: 0.3536) | lr 2.44e-04 | epoch 2 | evo 37/121 (31%) pct=0.0010 | 19.61s/step | 13912s total
  step  6060 | loss 0.3597 (avg50: 0.3563) | lr 2.44e-04 | epoch 2 | evo 37/121 (31%) pct=0.0010 | 1.77s/step | 13930s total
  step  6070 | loss 0.3333 (avg50: 0.3550) | lr 2.44e-04 | epoch 2 | evo 37/121 (31%) pct=0.0010 | 1.78s/step | 13948s total
  step  6080 | loss 0.3498 (avg50: 0.3554) | lr 2.44e-04 | epoch 2 | evo 37/121 (31%) pct=0.0010 | 1.81s/step | 13966s total
  step  6090 | loss 0.3365 (avg50: 0.3547) | lr 2.44e-04 | epoch 2 | evo 37/121 (31%) pct=0.0010 | 1.80s/step | 13983s total
  step  6100 | loss 0.3789 (avg50: 0.3576) | lr 2.44e-04 | epoch 2 | evo 38/122 (31%) pct=0.0010 | 19.67s/step | 14019s total

  📊 Eval @ step 6100: cosine_sim=0.6071
     sim_behavioral: 0.6030
     sim_complex: 0.5314
     sim_math: 0.7242
     sim_mixed: 0.5950
     sim_prose: 0.5555
     sim_sexpr: 0.7257
     evo: 122 gens, 38 accepted (31.1%), base_pct=0.0010

  step  6110 | loss 0.3757 (avg50: 0.3610) | lr 2.43e-04 | epoch 2 | evo 38/122 (31%) pct=0.0010 | 1.78s/step | 14051s total
  step  6120 | loss 0.3568 (avg50: 0.3615) | lr 2.43e-04 | epoch 2 | evo 38/122 (31%) pct=0.0010 | 1.77s/step | 14069s total
  step  6130 | loss 0.3608 (avg50: 0.3608) | lr 2.43e-04 | epoch 2 | evo 38/122 (31%) pct=0.0010 | 1.81s/step | 14087s total
  step  6140 | loss 0.3850 (avg50: 0.3630) | lr 2.43e-04 | epoch 2 | evo 38/122 (31%) pct=0.0010 | 1.78s/step | 14106s total
  step  6150 | loss 0.3476 (avg50: 0.3617) | lr 2.43e-04 | epoch 2 | evo 38/123 (31%) pct=0.0010 | 19.68s/step | 14141s total
  step  6160 | loss 0.3401 (avg50: 0.3569) | lr 2.42e-04 | epoch 2 | evo 38/123 (31%) pct=0.0010 | 1.87s/step | 14160s total
  step  6170 | loss 0.3409 (avg50: 0.3549) | lr 2.42e-04 | epoch 2 | evo 38/123 (31%) pct=0.0010 | 1.81s/step | 14178s total
  step  6180 | loss 0.4029 (avg50: 0.3545) | lr 2.42e-04 | epoch 2 | evo 38/123 (31%) pct=0.0010 | 1.80s/step | 14196s total
  step  6190 | loss 0.3532 (avg50: 0.3562) | lr 2.42e-04 | epoch 2 | evo 38/123 (31%) pct=0.0010 | 1.79s/step | 14214s total
  step  6200 | loss 0.3514 (avg50: 0.3580) | lr 2.42e-04 | epoch 2 | evo 38/124 (31%) pct=0.0010 | 19.64s/step | 14250s total

  📊 Eval @ step 6200: cosine_sim=0.6443
     sim_behavioral: 0.6606
     sim_complex: 0.5666
     sim_math: 0.7356
     sim_mixed: 0.6241
     sim_prose: 0.6082
     sim_sexpr: 0.7168
     evo: 124 gens, 38 accepted (30.6%), base_pct=0.0010

  step  6210 | loss 0.3681 (avg50: 0.3576) | lr 2.41e-04 | epoch 2 | evo 38/124 (31%) pct=0.0010 | 1.76s/step | 14282s total
  step  6220 | loss 0.3824 (avg50: 0.3605) | lr 2.41e-04 | epoch 2 | evo 38/124 (31%) pct=0.0010 | 1.84s/step | 14300s total
  step  6230 | loss 0.3567 (avg50: 0.3592) | lr 2.41e-04 | epoch 2 | evo 38/124 (31%) pct=0.0010 | 1.78s/step | 14318s total
  step  6240 | loss 0.3688 (avg50: 0.3557) | lr 2.41e-04 | epoch 2 | evo 38/124 (31%) pct=0.0010 | 1.80s/step | 14336s total
  step  6250 | loss 0.3471 (avg50: 0.3527) | lr 2.41e-04 | epoch 2 | evo 38/125 (30%) pct=0.0010 | 19.57s/step | 14372s total
  step  6260 | loss 0.3614 (avg50: 0.3521) | lr 2.41e-04 | epoch 2 | evo 38/125 (30%) pct=0.0010 | 1.78s/step | 14390s total
  step  6270 | loss 0.3456 (avg50: 0.3499) | lr 2.40e-04 | epoch 2 | evo 38/125 (30%) pct=0.0010 | 1.78s/step | 14407s total
  step  6280 | loss 0.3352 (avg50: 0.3512) | lr 2.40e-04 | epoch 2 | evo 38/125 (30%) pct=0.0010 | 1.79s/step | 14425s total
  step  6290 | loss 0.3301 (avg50: 0.3527) | lr 2.40e-04 | epoch 2 | evo 38/125 (30%) pct=0.0010 | 1.78s/step | 14443s total
  step  6300 | loss 0.3987 (avg50: 0.3546) | lr 2.40e-04 | epoch 2 | evo 38/126 (30%) pct=0.0010 | 19.55s/step | 14479s total

  📊 Eval @ step 6300: cosine_sim=0.6566
     sim_behavioral: 0.6660
     sim_complex: 0.5621
     sim_math: 0.7481
     sim_mixed: 0.6179
     sim_prose: 0.6276
     sim_sexpr: 0.7342
     evo: 126 gens, 38 accepted (30.2%), base_pct=0.0010

  step  6310 | loss 0.3476 (avg50: 0.3558) | lr 2.40e-04 | epoch 2 | evo 38/126 (30%) pct=0.0010 | 1.77s/step | 14511s total
  step  6320 | loss 0.3693 (avg50: 0.3564) | lr 2.39e-04 | epoch 2 | evo 38/126 (30%) pct=0.0010 | 1.80s/step | 14529s total
  step  6330 | loss 0.3620 (avg50: 0.3569) | lr 2.39e-04 | epoch 2 | evo 38/126 (30%) pct=0.0010 | 1.77s/step | 14547s total
  step  6340 | loss 0.3710 (avg50: 0.3573) | lr 2.39e-04 | epoch 2 | evo 38/126 (30%) pct=0.0010 | 1.80s/step | 14565s total
  step  6350 | loss 0.3741 (avg50: 0.3571) | lr 2.39e-04 | epoch 2 | evo 38/127 (30%) pct=0.0010 | 19.50s/step | 14600s total
  step  6360 | loss 0.3844 (avg50: 0.3569) | lr 2.39e-04 | epoch 2 | evo 38/127 (30%) pct=0.0010 | 1.77s/step | 14618s total
  step  6370 | loss 0.3507 (avg50: 0.3579) | lr 2.38e-04 | epoch 2 | evo 38/127 (30%) pct=0.0010 | 1.79s/step | 14636s total
  step  6380 | loss 0.3700 (avg50: 0.3595) | lr 2.38e-04 | epoch 2 | evo 38/127 (30%) pct=0.0010 | 1.78s/step | 14654s total
  step  6390 | loss 0.3709 (avg50: 0.3599) | lr 2.38e-04 | epoch 2 | evo 38/127 (30%) pct=0.0010 | 1.82s/step | 14672s total
  step  6400 | loss 0.3604 (avg50: 0.3595) | lr 2.38e-04 | epoch 2 | evo 38/128 (30%) pct=0.0010 | 19.76s/step | 14708s total

  📊 Eval @ step 6400: cosine_sim=0.6487
     sim_behavioral: 0.6657
     sim_complex: 0.5728
     sim_math: 0.7421
     sim_mixed: 0.6315
     sim_prose: 0.6000
     sim_sexpr: 0.7217
     evo: 128 gens, 38 accepted (29.7%), base_pct=0.0010

  step  6410 | loss 0.3643 (avg50: 0.3593) | lr 2.38e-04 | epoch 2 | evo 38/128 (30%) pct=0.0010 | 1.78s/step | 14740s total
  step  6420 | loss 0.3552 (avg50: 0.3590) | lr 2.37e-04 | epoch 2 | evo 38/128 (30%) pct=0.0010 | 1.78s/step | 14758s total
  step  6430 | loss 0.3692 (avg50: 0.3569) | lr 2.37e-04 | epoch 2 | evo 38/128 (30%) pct=0.0010 | 1.79s/step | 14775s total
  step  6440 | loss 0.3446 (avg50: 0.3558) | lr 2.37e-04 | epoch 2 | evo 38/128 (30%) pct=0.0010 | 1.80s/step | 14793s total
  step  6450 | loss 0.3676 (avg50: 0.3551) | lr 2.37e-04 | epoch 2 | evo 38/129 (29%) pct=0.0010 | 19.75s/step | 14829s total
  step  6460 | loss 0.3613 (avg50: 0.3557) | lr 2.37e-04 | epoch 2 | evo 38/129 (29%) pct=0.0010 | 1.78s/step | 14847s total
  step  6470 | loss 0.3531 (avg50: 0.3560) | lr 2.36e-04 | epoch 2 | evo 38/129 (29%) pct=0.0010 | 1.80s/step | 14865s total
  step  6480 | loss 0.3406 (avg50: 0.3555) | lr 2.36e-04 | epoch 2 | evo 38/129 (29%) pct=0.0010 | 1.79s/step | 14883s total
  step  6490 | loss 0.3430 (avg50: 0.3547) | lr 2.36e-04 | epoch 2 | evo 38/129 (29%) pct=0.0010 | 1.77s/step | 14901s total
  step  6500 | loss 0.3401 (avg50: 0.3544) | lr 2.36e-04 | epoch 2 | evo 38/130 (29%) pct=0.0010 | 19.59s/step | 14936s total

  📊 Eval @ step 6500: cosine_sim=0.6435
     sim_behavioral: 0.6598
     sim_complex: 0.5600
     sim_math: 0.7307
     sim_mixed: 0.6212
     sim_prose: 0.6209
     sim_sexpr: 0.7239
     evo: 130 gens, 38 accepted (29.2%), base_pct=0.0010

  step  6510 | loss 0.3540 (avg50: 0.3516) | lr 2.36e-04 | epoch 2 | evo 38/130 (29%) pct=0.0010 | 1.79s/step | 14968s total
  step  6520 | loss 0.3576 (avg50: 0.3510) | lr 2.35e-04 | epoch 2 | evo 38/130 (29%) pct=0.0010 | 1.80s/step | 14986s total
  step  6530 | loss 0.3464 (avg50: 0.3495) | lr 2.35e-04 | epoch 2 | evo 38/130 (29%) pct=0.0010 | 1.81s/step | 15004s total
  step  6540 | loss 0.3624 (avg50: 0.3503) | lr 2.35e-04 | epoch 2 | evo 38/130 (29%) pct=0.0010 | 1.79s/step | 15022s total
  step  6550 | loss 0.3625 (avg50: 0.3504) | lr 2.35e-04 | epoch 2 | evo 39/131 (30%) pct=0.0010 | 19.78s/step | 15058s total
  step  6560 | loss 0.3492 (avg50: 0.3539) | lr 2.35e-04 | epoch 2 | evo 39/131 (30%) pct=0.0010 | 1.78s/step | 15076s total
  step  6570 | loss 0.3347 (avg50: 0.3530) | lr 2.34e-04 | epoch 2 | evo 39/131 (30%) pct=0.0010 | 1.78s/step | 15094s total
  step  6580 | loss 0.3589 (avg50: 0.3549) | lr 2.34e-04 | epoch 2 | evo 39/131 (30%) pct=0.0010 | 1.77s/step | 15112s total
  step  6590 | loss 0.3658 (avg50: 0.3568) | lr 2.34e-04 | epoch 2 | evo 39/131 (30%) pct=0.0010 | 1.80s/step | 15130s total
  step  6600 | loss 0.3596 (avg50: 0.3586) | lr 2.34e-04 | epoch 2 | evo 39/132 (30%) pct=0.0010 | 19.58s/step | 15165s total

  📊 Eval @ step 6600: cosine_sim=0.6435
     sim_behavioral: 0.6602
     sim_complex: 0.5605
     sim_math: 0.7422
     sim_mixed: 0.6276
     sim_prose: 0.6012
     sim_sexpr: 0.7371
     evo: 132 gens, 39 accepted (29.5%), base_pct=0.0010

  step  6610 | loss 0.3518 (avg50: 0.3569) | lr 2.34e-04 | epoch 2 | evo 39/132 (30%) pct=0.0010 | 1.78s/step | 15198s total
  step  6620 | loss 0.3416 (avg50: 0.3578) | lr 2.33e-04 | epoch 2 | evo 39/132 (30%) pct=0.0010 | 1.85s/step | 15216s total
  step  6630 | loss 0.3621 (avg50: 0.3563) | lr 2.33e-04 | epoch 2 | evo 39/132 (30%) pct=0.0010 | 1.77s/step | 15234s total
  step  6640 | loss 0.3548 (avg50: 0.3556) | lr 2.33e-04 | epoch 2 | evo 39/132 (30%) pct=0.0010 | 1.79s/step | 15252s total
  step  6650 | loss 0.3755 (avg50: 0.3551) | lr 2.33e-04 | epoch 2 | evo 39/133 (29%) pct=0.0010 | 19.85s/step | 15288s total
  step  6660 | loss 0.3430 (avg50: 0.3546) | lr 2.33e-04 | epoch 2 | evo 39/133 (29%) pct=0.0010 | 1.77s/step | 15306s total
  step  6670 | loss 0.3430 (avg50: 0.3535) | lr 2.32e-04 | epoch 2 | evo 39/133 (29%) pct=0.0010 | 1.77s/step | 15324s total
  step  6680 | loss 0.3448 (avg50: 0.3542) | lr 2.32e-04 | epoch 2 | evo 39/133 (29%) pct=0.0010 | 1.77s/step | 15341s total
  step  6690 | loss 0.3702 (avg50: 0.3537) | lr 2.32e-04 | epoch 2 | evo 39/133 (29%) pct=0.0010 | 1.79s/step | 15359s total
  step  6700 | loss 0.3695 (avg50: 0.3521) | lr 2.32e-04 | epoch 2 | evo 40/134 (30%) pct=0.0010 | 19.55s/step | 15395s total

  📊 Eval @ step 6700: cosine_sim=0.6383
     sim_behavioral: 0.6383
     sim_complex: 0.5590
     sim_math: 0.7384
     sim_mixed: 0.6134
     sim_prose: 0.6240
     sim_sexpr: 0.7238
     evo: 134 gens, 40 accepted (29.9%), base_pct=0.0010

  step  6710 | loss 0.3621 (avg50: 0.3527) | lr 2.32e-04 | epoch 2 | evo 40/134 (30%) pct=0.0010 | 1.78s/step | 15427s total
  step  6720 | loss 0.3494 (avg50: 0.3540) | lr 2.31e-04 | epoch 2 | evo 40/134 (30%) pct=0.0010 | 1.78s/step | 15445s total
  step  6730 | loss 0.3611 (avg50: 0.3553) | lr 2.31e-04 | epoch 2 | evo 40/134 (30%) pct=0.0010 | 1.82s/step | 15463s total
  step  6740 | loss 0.3504 (avg50: 0.3554) | lr 2.31e-04 | epoch 2 | evo 40/134 (30%) pct=0.0010 | 1.82s/step | 15481s total
  step  6750 | loss 0.3565 (avg50: 0.3554) | lr 2.31e-04 | epoch 2 | evo 40/135 (30%) pct=0.0010 | 19.59s/step | 15516s total
  step  6760 | loss 0.3630 (avg50: 0.3556) | lr 2.31e-04 | epoch 2 | evo 40/135 (30%) pct=0.0010 | 1.80s/step | 15534s total
  step  6770 | loss 0.3578 (avg50: 0.3560) | lr 2.30e-04 | epoch 2 | evo 40/135 (30%) pct=0.0010 | 1.80s/step | 15552s total
  step  6780 | loss 0.3733 (avg50: 0.3557) | lr 2.30e-04 | epoch 2 | evo 40/135 (30%) pct=0.0010 | 1.76s/step | 15570s total
  step  6790 | loss 0.3592 (avg50: 0.3539) | lr 2.30e-04 | epoch 2 | evo 40/135 (30%) pct=0.0010 | 1.79s/step | 15588s total
  step  6800 | loss 0.3510 (avg50: 0.3545) | lr 2.30e-04 | epoch 2 | evo 40/136 (29%) pct=0.0010 | 19.73s/step | 15624s total

  📊 Eval @ step 6800: cosine_sim=0.6516
     sim_behavioral: 0.6652
     sim_complex: 0.5946
     sim_math: 0.7450
     sim_mixed: 0.6327
     sim_prose: 0.6104
     sim_sexpr: 0.7354
     evo: 136 gens, 40 accepted (29.4%), base_pct=0.0010

  step  6810 | loss 0.3274 (avg50: 0.3526) | lr 2.30e-04 | epoch 2 | evo 40/136 (29%) pct=0.0010 | 1.79s/step | 15656s total
  step  6820 | loss 0.3436 (avg50: 0.3504) | lr 2.29e-04 | epoch 2 | evo 40/136 (29%) pct=0.0010 | 1.82s/step | 15674s total
  step  6830 | loss 0.3673 (avg50: 0.3504) | lr 2.29e-04 | epoch 2 | evo 40/136 (29%) pct=0.0010 | 1.81s/step | 15692s total
  step  6840 | loss 0.3540 (avg50: 0.3518) | lr 2.29e-04 | epoch 2 | evo 40/136 (29%) pct=0.0010 | 1.80s/step | 15710s total
  step  6850 | loss 0.3474 (avg50: 0.3513) | lr 2.29e-04 | epoch 2 | evo 40/137 (29%) pct=0.0010 | 19.61s/step | 15746s total
  step  6860 | loss 0.3557 (avg50: 0.3537) | lr 2.29e-04 | epoch 2 | evo 40/137 (29%) pct=0.0010 | 1.78s/step | 15764s total
  step  6870 | loss 0.3456 (avg50: 0.3549) | lr 2.28e-04 | epoch 2 | evo 40/137 (29%) pct=0.0010 | 1.83s/step | 15782s total
  step  6880 | loss 0.3449 (avg50: 0.3533) | lr 2.28e-04 | epoch 2 | evo 40/137 (29%) pct=0.0010 | 1.78s/step | 15800s total
  step  6890 | loss 0.3452 (avg50: 0.3535) | lr 2.28e-04 | epoch 2 | evo 40/137 (29%) pct=0.0010 | 1.79s/step | 15818s total
  step  6900 | loss 0.3630 (avg50: 0.3532) | lr 2.28e-04 | epoch 2 | evo 40/138 (29%) pct=0.0010 | 19.91s/step | 15854s total

  📊 Eval @ step 6900: cosine_sim=0.6441
     sim_behavioral: 0.6609
     sim_complex: 0.5624
     sim_math: 0.7259
     sim_mixed: 0.6249
     sim_prose: 0.6059
     sim_sexpr: 0.7198
     evo: 138 gens, 40 accepted (29.0%), base_pct=0.0010

  step  6910 | loss 0.3458 (avg50: 0.3523) | lr 2.28e-04 | epoch 2 | evo 40/138 (29%) pct=0.0010 | 1.78s/step | 15886s total
  step  6920 | loss 0.3405 (avg50: 0.3501) | lr 2.27e-04 | epoch 2 | evo 40/138 (29%) pct=0.0010 | 1.77s/step | 15904s total
  step  6930 | loss 0.3533 (avg50: 0.3494) | lr 2.27e-04 | epoch 2 | evo 40/138 (29%) pct=0.0010 | 1.78s/step | 15922s total
  step  6940 | loss 0.3817 (avg50: 0.3499) | lr 2.27e-04 | epoch 2 | evo 40/138 (29%) pct=0.0010 | 1.79s/step | 15940s total
  step  6950 | loss 0.3582 (avg50: 0.3510) | lr 2.27e-04 | epoch 2 | evo 40/139 (29%) pct=0.0010 | 19.61s/step | 15976s total
  step  6960 | loss 0.3406 (avg50: 0.3521) | lr 2.27e-04 | epoch 2 | evo 40/139 (29%) pct=0.0010 | 1.79s/step | 15994s total
  step  6970 | loss 0.3502 (avg50: 0.3537) | lr 2.26e-04 | epoch 2 | evo 40/139 (29%) pct=0.0010 | 1.78s/step | 16012s total
  step  6980 | loss 0.3474 (avg50: 0.3555) | lr 2.26e-04 | epoch 2 | evo 40/139 (29%) pct=0.0010 | 1.79s/step | 16030s total
  step  6990 | loss 0.3497 (avg50: 0.3526) | lr 2.26e-04 | epoch 2 | evo 40/139 (29%) pct=0.0010 | 1.78s/step | 16048s total
  step  7000 | loss 0.3430 (avg50: 0.3512) | lr 2.26e-04 | epoch 2 | evo 40/140 (29%) pct=0.0010 | 19.75s/step | 16083s total

  📊 Eval @ step 7000: cosine_sim=0.6496
     sim_behavioral: 0.6631
     sim_complex: 0.5787
     sim_math: 0.7296
     sim_mixed: 0.6096
     sim_prose: 0.6122
     sim_sexpr: 0.7235
     evo: 140 gens, 40 accepted (28.6%), base_pct=0.0010


  📊 Checkpoint eval @ step 7000: cosine_sim=0.6478
     sim_behavioral: 0.6656
     sim_complex: 0.5706
     sim_math: 0.7237
     sim_mixed: 0.6307
     sim_prose: 0.6112
     sim_sexpr: 0.7376
  💾 Checkpoint saved: /Users/mwhitford/src/verbum/checkpoints/basin-v3-d512/step_007000

  step  7010 | loss 0.3487 (avg50: 0.3502) | lr 2.26e-04 | epoch 2 | evo 40/140 (29%) pct=0.0010 | 1.81s/step | 16144s total
  step  7020 | loss 0.3610 (avg50: 0.3512) | lr 2.25e-04 | epoch 2 | evo 40/140 (29%) pct=0.0010 | 1.83s/step | 16162s total
  step  7030 | loss 0.3399 (avg50: 0.3501) | lr 2.25e-04 | epoch 2 | evo 40/140 (29%) pct=0.0010 | 1.81s/step | 16181s total
  step  7040 | loss 0.3614 (avg50: 0.3514) | lr 2.25e-04 | epoch 2 | evo 40/140 (29%) pct=0.0010 | 1.80s/step | 16198s total
  step  7050 | loss 0.3098 (avg50: 0.3508) | lr 2.25e-04 | epoch 2 | evo 40/141 (28%) pct=0.0010 | 19.71s/step | 16234s total
  step  7060 | loss 0.3623 (avg50: 0.3512) | lr 2.25e-04 | epoch 2 | evo 40/141 (28%) pct=0.0010 | 1.80s/step | 16252s total
  step  7070 | loss 0.3557 (avg50: 0.3488) | lr 2.24e-04 | epoch 2 | evo 40/141 (28%) pct=0.0010 | 1.79s/step | 16270s total
  step  7080 | loss 0.3653 (avg50: 0.3491) | lr 2.24e-04 | epoch 2 | evo 40/141 (28%) pct=0.0010 | 1.91s/step | 16288s total
  step  7090 | loss 0.3439 (avg50: 0.3487) | lr 2.24e-04 | epoch 2 | evo 40/141 (28%) pct=0.0010 | 1.83s/step | 16307s total
  step  7100 | loss 0.3306 (avg50: 0.3493) | lr 2.24e-04 | epoch 2 | evo 40/142 (28%) pct=0.0010 | 19.98s/step | 16343s total

  📊 Eval @ step 7100: cosine_sim=0.6581
     sim_behavioral: 0.6637
     sim_complex: 0.5732
     sim_math: 0.7265
     sim_mixed: 0.6300
     sim_prose: 0.6343
     sim_sexpr: 0.7341
     evo: 142 gens, 40 accepted (28.2%), base_pct=0.0010

  step  7110 | loss 0.3509 (avg50: 0.3490) | lr 2.23e-04 | epoch 2 | evo 40/142 (28%) pct=0.0010 | 1.80s/step | 16376s total
  step  7120 | loss 0.3686 (avg50: 0.3493) | lr 2.23e-04 | epoch 2 | evo 40/142 (28%) pct=0.0010 | 1.80s/step | 16394s total
  step  7130 | loss 0.3664 (avg50: 0.3495) | lr 2.23e-04 | epoch 3 | evo 40/142 (28%) pct=0.0010 | 1.79s/step | 16412s total
  step  7140 | loss 0.3260 (avg50: 0.3501) | lr 2.23e-04 | epoch 3 | evo 40/142 (28%) pct=0.0010 | 1.82s/step | 16430s total
  step  7150 | loss 0.3304 (avg50: 0.3511) | lr 2.23e-04 | epoch 3 | evo 40/143 (28%) pct=0.0010 | 19.91s/step | 16466s total
  step  7160 | loss 0.3551 (avg50: 0.3515) | lr 2.22e-04 | epoch 3 | evo 40/143 (28%) pct=0.0010 | 1.80s/step | 16484s total
  step  7170 | loss 0.3585 (avg50: 0.3530) | lr 2.22e-04 | epoch 3 | evo 40/143 (28%) pct=0.0010 | 1.78s/step | 16502s total
  step  7180 | loss 0.3272 (avg50: 0.3514) | lr 2.22e-04 | epoch 3 | evo 40/143 (28%) pct=0.0010 | 1.79s/step | 16520s total
  step  7190 | loss 0.3390 (avg50: 0.3508) | lr 2.22e-04 | epoch 3 | evo 40/143 (28%) pct=0.0010 | 1.81s/step | 16538s total
  step  7200 | loss 0.3494 (avg50: 0.3484) | lr 2.22e-04 | epoch 3 | evo 40/144 (28%) pct=0.0010 | 19.60s/step | 16574s total

  📊 Eval @ step 7200: cosine_sim=0.6539
     sim_behavioral: 0.6672
     sim_complex: 0.5734
     sim_math: 0.7497
     sim_mixed: 0.6355
     sim_prose: 0.6215
     sim_sexpr: 0.7393
     evo: 144 gens, 40 accepted (27.8%), base_pct=0.0010

  step  7210 | loss 0.3468 (avg50: 0.3463) | lr 2.21e-04 | epoch 3 | evo 40/144 (28%) pct=0.0010 | 1.80s/step | 16606s total
  step  7220 | loss 0.3662 (avg50: 0.3475) | lr 2.21e-04 | epoch 3 | evo 40/144 (28%) pct=0.0010 | 1.81s/step | 16624s total
  step  7230 | loss 0.3770 (avg50: 0.3498) | lr 2.21e-04 | epoch 3 | evo 40/144 (28%) pct=0.0010 | 1.80s/step | 16642s total
  step  7240 | loss 0.3430 (avg50: 0.3501) | lr 2.21e-04 | epoch 3 | evo 40/144 (28%) pct=0.0010 | 1.79s/step | 16660s total
  step  7250 | loss 0.3562 (avg50: 0.3514) | lr 2.21e-04 | epoch 3 | evo 40/145 (28%) pct=0.0010 | 20.03s/step | 16697s total
  step  7260 | loss 0.3402 (avg50: 0.3526) | lr 2.20e-04 | epoch 3 | evo 40/145 (28%) pct=0.0010 | 1.80s/step | 16715s total
  step  7270 | loss 0.3469 (avg50: 0.3503) | lr 2.20e-04 | epoch 3 | evo 40/145 (28%) pct=0.0010 | 1.85s/step | 16733s total
  step  7280 | loss 0.3730 (avg50: 0.3498) | lr 2.20e-04 | epoch 3 | evo 40/145 (28%) pct=0.0010 | 1.82s/step | 16751s total
  step  7290 | loss 0.3508 (avg50: 0.3492) | lr 2.20e-04 | epoch 3 | evo 40/145 (28%) pct=0.0010 | 1.77s/step | 16769s total
  step  7300 | loss 0.3616 (avg50: 0.3496) | lr 2.19e-04 | epoch 3 | evo 40/146 (27%) pct=0.0010 | 19.82s/step | 16805s total

  📊 Eval @ step 7300: cosine_sim=0.6480
     sim_behavioral: 0.6636
     sim_complex: 0.5838
     sim_math: 0.7352
     sim_mixed: 0.6297
     sim_prose: 0.6169
     sim_sexpr: 0.7216
     evo: 146 gens, 40 accepted (27.4%), base_pct=0.0010

  step  7310 | loss 0.3419 (avg50: 0.3473) | lr 2.19e-04 | epoch 3 | evo 40/146 (27%) pct=0.0010 | 1.84s/step | 16838s total
  step  7320 | loss 0.3569 (avg50: 0.3474) | lr 2.19e-04 | epoch 3 | evo 40/146 (27%) pct=0.0010 | 1.78s/step | 16856s total
  step  7330 | loss 0.3490 (avg50: 0.3460) | lr 2.19e-04 | epoch 3 | evo 40/146 (27%) pct=0.0010 | 1.86s/step | 16874s total
  step  7340 | loss 0.3664 (avg50: 0.3466) | lr 2.19e-04 | epoch 3 | evo 40/146 (27%) pct=0.0010 | 1.82s/step | 16892s total
  step  7350 | loss 0.3756 (avg50: 0.3458) | lr 2.18e-04 | epoch 3 | evo 40/147 (27%) pct=0.0010 | 19.71s/step | 16928s total
  step  7360 | loss 0.3472 (avg50: 0.3478) | lr 2.18e-04 | epoch 3 | evo 40/147 (27%) pct=0.0010 | 1.80s/step | 16946s total
  step  7370 | loss 0.3381 (avg50: 0.3476) | lr 2.18e-04 | epoch 3 | evo 40/147 (27%) pct=0.0010 | 1.80s/step | 16965s total
  step  7380 | loss 0.3372 (avg50: 0.3486) | lr 2.18e-04 | epoch 3 | evo 40/147 (27%) pct=0.0010 | 1.80s/step | 16983s total
  step  7390 | loss 0.3400 (avg50: 0.3489) | lr 2.18e-04 | epoch 3 | evo 40/147 (27%) pct=0.0010 | 1.81s/step | 17001s total
  step  7400 | loss 0.3314 (avg50: 0.3510) | lr 2.17e-04 | epoch 3 | evo 40/148 (27%) pct=0.0010 | 19.99s/step | 17037s total

  📊 Eval @ step 7400: cosine_sim=0.6426
     sim_behavioral: 0.6664
     sim_complex: 0.5606
     sim_math: 0.7230
     sim_mixed: 0.6390
     sim_prose: 0.6103
     sim_sexpr: 0.7345
     evo: 148 gens, 40 accepted (27.0%), base_pct=0.0010

  step  7410 | loss 0.3553 (avg50: 0.3501) | lr 2.17e-04 | epoch 3 | evo 40/148 (27%) pct=0.0010 | 1.79s/step | 17070s total
  step  7420 | loss 0.3666 (avg50: 0.3507) | lr 2.17e-04 | epoch 3 | evo 40/148 (27%) pct=0.0010 | 1.81s/step | 17088s total
  step  7430 | loss 0.3256 (avg50: 0.3491) | lr 2.17e-04 | epoch 3 | evo 40/148 (27%) pct=0.0010 | 1.83s/step | 17106s total
  step  7440 | loss 0.3488 (avg50: 0.3494) | lr 2.16e-04 | epoch 3 | evo 40/148 (27%) pct=0.0010 | 1.81s/step | 17125s total
  step  7450 | loss 0.3262 (avg50: 0.3487) | lr 2.16e-04 | epoch 3 | evo 40/149 (27%) pct=0.0010 | 19.90s/step | 17161s total
  step  7460 | loss 0.3604 (avg50: 0.3484) | lr 2.16e-04 | epoch 3 | evo 40/149 (27%) pct=0.0010 | 1.81s/step | 17179s total
  step  7470 | loss 0.3582 (avg50: 0.3484) | lr 2.16e-04 | epoch 3 | evo 40/149 (27%) pct=0.0010 | 1.79s/step | 17197s total
  step  7480 | loss 0.3450 (avg50: 0.3487) | lr 2.16e-04 | epoch 3 | evo 40/149 (27%) pct=0.0010 | 1.81s/step | 17215s total
  step  7490 | loss 0.3350 (avg50: 0.3469) | lr 2.15e-04 | epoch 3 | evo 40/149 (27%) pct=0.0010 | 1.82s/step | 17233s total
  step  7500 | loss 0.3387 (avg50: 0.3465) | lr 2.15e-04 | epoch 3 | evo 40/150 (27%) pct=0.0010 | 19.76s/step | 17269s total

  📊 Eval @ step 7500: cosine_sim=0.6560
     sim_behavioral: 0.6707
     sim_complex: 0.5742
     sim_math: 0.7331
     sim_mixed: 0.6322
     sim_prose: 0.6206
     sim_sexpr: 0.7309
     evo: 150 gens, 40 accepted (26.7%), base_pct=0.0010

  step  7510 | loss 0.3546 (avg50: 0.3483) | lr 2.15e-04 | epoch 3 | evo 40/150 (27%) pct=0.0010 | 1.81s/step | 17302s total
  step  7520 | loss 0.3371 (avg50: 0.3477) | lr 2.15e-04 | epoch 3 | evo 40/150 (27%) pct=0.0010 | 1.83s/step | 17320s total
  step  7530 | loss 0.3475 (avg50: 0.3491) | lr 2.15e-04 | epoch 3 | evo 40/150 (27%) pct=0.0010 | 1.83s/step | 17338s total
  step  7540 | loss 0.3481 (avg50: 0.3513) | lr 2.14e-04 | epoch 3 | evo 40/150 (27%) pct=0.0010 | 1.80s/step | 17357s total
  step  7550 | loss 0.3382 (avg50: 0.3518) | lr 2.14e-04 | epoch 3 | evo 41/151 (27%) pct=0.0010 | 19.84s/step | 17393s total
  step  7560 | loss 0.3489 (avg50: 0.3528) | lr 2.14e-04 | epoch 3 | evo 41/151 (27%) pct=0.0010 | 1.80s/step | 17411s total
  step  7570 | loss 0.3577 (avg50: 0.3545) | lr 2.14e-04 | epoch 3 | evo 41/151 (27%) pct=0.0010 | 1.80s/step | 17429s total
  step  7580 | loss 0.3453 (avg50: 0.3548) | lr 2.13e-04 | epoch 3 | evo 41/151 (27%) pct=0.0010 | 1.81s/step | 17447s total
  step  7590 | loss 0.3565 (avg50: 0.3556) | lr 2.13e-04 | epoch 3 | evo 41/151 (27%) pct=0.0010 | 1.78s/step | 17465s total
  step  7600 | loss 0.3329 (avg50: 0.3541) | lr 2.13e-04 | epoch 3 | evo 41/152 (27%) pct=0.0010 | 19.74s/step | 17501s total

  📊 Eval @ step 7600: cosine_sim=0.6492
     sim_behavioral: 0.6711
     sim_complex: 0.5711
     sim_math: 0.7341
     sim_mixed: 0.6339
     sim_prose: 0.6185
     sim_sexpr: 0.7346
     evo: 152 gens, 41 accepted (27.0%), base_pct=0.0010

  step  7610 | loss 0.3626 (avg50: 0.3542) | lr 2.13e-04 | epoch 3 | evo 41/152 (27%) pct=0.0010 | 1.79s/step | 17534s total
  step  7620 | loss 0.3349 (avg50: 0.3534) | lr 2.13e-04 | epoch 3 | evo 41/152 (27%) pct=0.0010 | 1.80s/step | 17552s total
  step  7630 | loss 0.3718 (avg50: 0.3517) | lr 2.12e-04 | epoch 3 | evo 41/152 (27%) pct=0.0010 | 1.80s/step | 17570s total
  step  7640 | loss 0.3436 (avg50: 0.3519) | lr 2.12e-04 | epoch 3 | evo 41/152 (27%) pct=0.0010 | 1.78s/step | 17588s total
  step  7650 | loss 0.3449 (avg50: 0.3540) | lr 2.12e-04 | epoch 3 | evo 41/153 (27%) pct=0.0010 | 19.88s/step | 17624s total
  step  7660 | loss 0.3499 (avg50: 0.3514) | lr 2.12e-04 | epoch 3 | evo 41/153 (27%) pct=0.0010 | 1.77s/step | 17642s total
  step  7670 | loss 0.3740 (avg50: 0.3516) | lr 2.11e-04 | epoch 3 | evo 41/153 (27%) pct=0.0010 | 1.84s/step | 17660s total
  step  7680 | loss 0.3575 (avg50: 0.3529) | lr 2.11e-04 | epoch 3 | evo 41/153 (27%) pct=0.0010 | 1.80s/step | 17678s total
  step  7690 | loss 0.3591 (avg50: 0.3525) | lr 2.11e-04 | epoch 3 | evo 41/153 (27%) pct=0.0010 | 1.80s/step | 17696s total
  step  7700 | loss 0.3682 (avg50: 0.3509) | lr 2.11e-04 | epoch 3 | evo 41/154 (27%) pct=0.0010 | 19.63s/step | 17732s total

  📊 Eval @ step 7700: cosine_sim=0.6422
     sim_behavioral: 0.6504
     sim_complex: 0.5647
     sim_math: 0.7350
     sim_mixed: 0.6265
     sim_prose: 0.6192
     sim_sexpr: 0.7321
     evo: 154 gens, 41 accepted (26.6%), base_pct=0.0010

  step  7710 | loss 0.3532 (avg50: 0.3518) | lr 2.11e-04 | epoch 3 | evo 41/154 (27%) pct=0.0010 | 1.80s/step | 17764s total
  step  7720 | loss 0.3431 (avg50: 0.3507) | lr 2.10e-04 | epoch 3 | evo 41/154 (27%) pct=0.0010 | 1.78s/step | 17782s total
  step  7730 | loss 0.3278 (avg50: 0.3490) | lr 2.10e-04 | epoch 3 | evo 41/154 (27%) pct=0.0010 | 1.81s/step | 17800s total
  step  7740 | loss 0.3368 (avg50: 0.3456) | lr 2.10e-04 | epoch 3 | evo 41/154 (27%) pct=0.0010 | 1.80s/step | 17818s total
  step  7750 | loss 0.3457 (avg50: 0.3447) | lr 2.10e-04 | epoch 3 | evo 41/155 (26%) pct=0.0010 | 19.75s/step | 17854s total
  step  7760 | loss 0.3632 (avg50: 0.3435) | lr 2.09e-04 | epoch 3 | evo 41/155 (26%) pct=0.0010 | 1.78s/step | 17872s total
  step  7770 | loss 0.3659 (avg50: 0.3449) | lr 2.09e-04 | epoch 3 | evo 41/155 (26%) pct=0.0010 | 1.77s/step | 17890s total
  step  7780 | loss 0.3265 (avg50: 0.3452) | lr 2.09e-04 | epoch 3 | evo 41/155 (26%) pct=0.0010 | 1.80s/step | 17908s total
  step  7790 | loss 0.3693 (avg50: 0.3474) | lr 2.09e-04 | epoch 3 | evo 41/155 (26%) pct=0.0010 | 1.79s/step | 17926s total
  step  7800 | loss 0.3662 (avg50: 0.3486) | lr 2.09e-04 | epoch 3 | evo 41/156 (26%) pct=0.0010 | 19.71s/step | 17961s total

  📊 Eval @ step 7800: cosine_sim=0.6480
     sim_behavioral: 0.6726
     sim_complex: 0.5963
     sim_math: 0.7348
     sim_mixed: 0.6270
     sim_prose: 0.6124
     sim_sexpr: 0.7292
     evo: 156 gens, 41 accepted (26.3%), base_pct=0.0010

  step  7810 | loss 0.3430 (avg50: 0.3501) | lr 2.08e-04 | epoch 3 | evo 41/156 (26%) pct=0.0010 | 1.80s/step | 17994s total
  step  7820 | loss 0.3483 (avg50: 0.3481) | lr 2.08e-04 | epoch 3 | evo 41/156 (26%) pct=0.0010 | 1.78s/step | 18011s total
  step  7830 | loss 0.3478 (avg50: 0.3497) | lr 2.08e-04 | epoch 3 | evo 41/156 (26%) pct=0.0010 | 1.78s/step | 18029s total
  step  7840 | loss 0.3612 (avg50: 0.3482) | lr 2.08e-04 | epoch 3 | evo 41/156 (26%) pct=0.0010 | 1.83s/step | 18047s total
  step  7850 | loss 0.3473 (avg50: 0.3468) | lr 2.07e-04 | epoch 3 | evo 42/157 (27%) pct=0.0010 | 19.89s/step | 18083s total
  step  7860 | loss 0.3526 (avg50: 0.3469) | lr 2.07e-04 | epoch 3 | evo 42/157 (27%) pct=0.0010 | 1.80s/step | 18101s total
  step  7870 | loss 0.3272 (avg50: 0.3471) | lr 2.07e-04 | epoch 3 | evo 42/157 (27%) pct=0.0010 | 1.80s/step | 18120s total
  step  7880 | loss 0.3261 (avg50: 0.3457) | lr 2.07e-04 | epoch 3 | evo 42/157 (27%) pct=0.0010 | 1.80s/step | 18138s total
  step  7890 | loss 0.3455 (avg50: 0.3473) | lr 2.07e-04 | epoch 3 | evo 42/157 (27%) pct=0.0010 | 1.78s/step | 18156s total
  step  7900 | loss 0.3304 (avg50: 0.3480) | lr 2.06e-04 | epoch 3 | evo 42/158 (27%) pct=0.0010 | 19.84s/step | 18191s total

  📊 Eval @ step 7900: cosine_sim=0.6513
     sim_behavioral: 0.6757
     sim_complex: 0.5898
     sim_math: 0.7497
     sim_mixed: 0.6266
     sim_prose: 0.6104
     sim_sexpr: 0.7499
     evo: 158 gens, 42 accepted (26.6%), base_pct=0.0010

  step  7910 | loss 0.3507 (avg50: 0.3471) | lr 2.06e-04 | epoch 3 | evo 42/158 (27%) pct=0.0010 | 1.80s/step | 18224s total
  step  7920 | loss 0.3504 (avg50: 0.3472) | lr 2.06e-04 | epoch 3 | evo 42/158 (27%) pct=0.0010 | 1.82s/step | 18242s total
  step  7930 | loss 0.3534 (avg50: 0.3488) | lr 2.06e-04 | epoch 3 | evo 42/158 (27%) pct=0.0010 | 1.80s/step | 18260s total
  step  7940 | loss 0.3418 (avg50: 0.3478) | lr 2.05e-04 | epoch 3 | evo 42/158 (27%) pct=0.0010 | 1.80s/step | 18278s total
  step  7950 | loss 0.3463 (avg50: 0.3488) | lr 2.05e-04 | epoch 3 | evo 43/159 (27%) pct=0.0010 | 19.68s/step | 18314s total
  step  7960 | loss 0.3545 (avg50: 0.3502) | lr 2.05e-04 | epoch 3 | evo 43/159 (27%) pct=0.0010 | 1.79s/step | 18332s total
  step  7970 | loss 0.3498 (avg50: 0.3518) | lr 2.05e-04 | epoch 3 | evo 43/159 (27%) pct=0.0010 | 1.78s/step | 18350s total
  step  7980 | loss 0.3394 (avg50: 0.3505) | lr 2.05e-04 | epoch 3 | evo 43/159 (27%) pct=0.0010 | 1.79s/step | 18368s total
  step  7990 | loss 0.3608 (avg50: 0.3515) | lr 2.04e-04 | epoch 3 | evo 43/159 (27%) pct=0.0010 | 1.80s/step | 18386s total
  step  8000 | loss 0.3294 (avg50: 0.3497) | lr 2.04e-04 | epoch 3 | evo 43/160 (27%) pct=0.0010 | 19.76s/step | 18422s total

  📊 Eval @ step 8000: cosine_sim=0.6583
     sim_behavioral: 0.6676
     sim_complex: 0.5859
     sim_math: 0.7520
     sim_mixed: 0.6298
     sim_prose: 0.6282
     sim_sexpr: 0.7300
     evo: 160 gens, 43 accepted (26.9%), base_pct=0.0010


  📊 Checkpoint eval @ step 8000: cosine_sim=0.6508
     sim_behavioral: 0.6719
     sim_complex: 0.5768
     sim_math: 0.7380
     sim_mixed: 0.6276
     sim_prose: 0.6162
     sim_sexpr: 0.7232
  💾 Checkpoint saved: /Users/mwhitford/src/verbum/checkpoints/basin-v3-d512/step_008000

  step  8010 | loss 0.3695 (avg50: 0.3492) | lr 2.04e-04 | epoch 3 | evo 43/160 (27%) pct=0.0010 | 1.80s/step | 18483s total
  step  8020 | loss 0.3002 (avg50: 0.3477) | lr 2.04e-04 | epoch 3 | evo 43/160 (27%) pct=0.0010 | 1.79s/step | 18501s total
  step  8030 | loss 0.3516 (avg50: 0.3487) | lr 2.03e-04 | epoch 3 | evo 43/160 (27%) pct=0.0010 | 1.78s/step | 18519s total
  step  8040 | loss 0.3637 (avg50: 0.3493) | lr 2.03e-04 | epoch 3 | evo 43/160 (27%) pct=0.0010 | 1.85s/step | 18537s total
  step  8050 | loss 0.3387 (avg50: 0.3485) | lr 2.03e-04 | epoch 3 | evo 43/161 (27%) pct=0.0010 | 19.75s/step | 18573s total
  step  8060 | loss 0.3671 (avg50: 0.3471) | lr 2.03e-04 | epoch 3 | evo 43/161 (27%) pct=0.0010 | 1.79s/step | 18591s total
  step  8070 | loss 0.3487 (avg50: 0.3466) | lr 2.03e-04 | epoch 3 | evo 43/161 (27%) pct=0.0010 | 1.82s/step | 18609s total
  step  8080 | loss 0.3639 (avg50: 0.3460) | lr 2.02e-04 | epoch 3 | evo 43/161 (27%) pct=0.0010 | 1.79s/step | 18627s total
  step  8090 | loss 0.3366 (avg50: 0.3437) | lr 2.02e-04 | epoch 3 | evo 43/161 (27%) pct=0.0010 | 1.81s/step | 18645s total
  step  8100 | loss 0.3503 (avg50: 0.3448) | lr 2.02e-04 | epoch 3 | evo 43/162 (27%) pct=0.0010 | 19.97s/step | 18682s total

  📊 Eval @ step 8100: cosine_sim=0.6502
     sim_behavioral: 0.6595
     sim_complex: 0.5753
     sim_math: 0.7174
     sim_mixed: 0.6399
     sim_prose: 0.6265
     sim_sexpr: 0.7363
     evo: 162 gens, 43 accepted (26.5%), base_pct=0.0010

  step  8110 | loss 0.3384 (avg50: 0.3448) | lr 2.02e-04 | epoch 3 | evo 43/162 (27%) pct=0.0010 | 1.79s/step | 18714s total
  step  8120 | loss 0.3434 (avg50: 0.3457) | lr 2.01e-04 | epoch 3 | evo 43/162 (27%) pct=0.0010 | 1.79s/step | 18732s total
  step  8130 | loss 0.3658 (avg50: 0.3448) | lr 2.01e-04 | epoch 3 | evo 43/162 (27%) pct=0.0010 | 1.77s/step | 18750s total
  step  8140 | loss 0.3509 (avg50: 0.3458) | lr 2.01e-04 | epoch 3 | evo 43/162 (27%) pct=0.0010 | 1.81s/step | 18768s total
  step  8150 | loss 0.3432 (avg50: 0.3470) | lr 2.01e-04 | epoch 3 | evo 44/163 (27%) pct=0.0010 | 19.70s/step | 18804s total
  step  8160 | loss 0.3417 (avg50: 0.3476) | lr 2.01e-04 | epoch 3 | evo 44/163 (27%) pct=0.0010 | 1.81s/step | 18822s total
  step  8170 | loss 0.3758 (avg50: 0.3475) | lr 2.00e-04 | epoch 3 | evo 44/163 (27%) pct=0.0010 | 1.77s/step | 18840s total
  step  8180 | loss 0.3353 (avg50: 0.3491) | lr 2.00e-04 | epoch 3 | evo 44/163 (27%) pct=0.0010 | 1.79s/step | 18858s total
  step  8190 | loss 0.3518 (avg50: 0.3506) | lr 2.00e-04 | epoch 3 | evo 44/163 (27%) pct=0.0010 | 1.79s/step | 18876s total
  step  8200 | loss 0.3298 (avg50: 0.3490) | lr 2.00e-04 | epoch 3 | evo 44/164 (27%) pct=0.0010 | 19.72s/step | 18912s total

  📊 Eval @ step 8200: cosine_sim=0.6590
     sim_behavioral: 0.6694
     sim_complex: 0.5724
     sim_math: 0.7416
     sim_mixed: 0.6392
     sim_prose: 0.6285
     sim_sexpr: 0.7276
     evo: 164 gens, 44 accepted (26.8%), base_pct=0.0010

  step  8210 | loss 0.3464 (avg50: 0.3483) | lr 1.99e-04 | epoch 3 | evo 44/164 (27%) pct=0.0010 | 1.77s/step | 18944s total
  step  8220 | loss 0.3570 (avg50: 0.3490) | lr 1.99e-04 | epoch 3 | evo 44/164 (27%) pct=0.0010 | 1.80s/step | 18962s total
  step  8230 | loss 0.3471 (avg50: 0.3458) | lr 1.99e-04 | epoch 3 | evo 44/164 (27%) pct=0.0010 | 1.79s/step | 18980s total
  step  8240 | loss 0.3391 (avg50: 0.3431) | lr 1.99e-04 | epoch 3 | evo 44/164 (27%) pct=0.0010 | 1.82s/step | 18998s total
  step  8250 | loss 0.3451 (avg50: 0.3441) | lr 1.99e-04 | epoch 3 | evo 44/165 (27%) pct=0.0010 | 19.75s/step | 19034s total
  step  8260 | loss 0.3474 (avg50: 0.3453) | lr 1.98e-04 | epoch 3 | evo 44/165 (27%) pct=0.0010 | 1.83s/step | 19052s total
  step  8270 | loss 0.3420 (avg50: 0.3438) | lr 1.98e-04 | epoch 3 | evo 44/165 (27%) pct=0.0010 | 1.79s/step | 19070s total
  step  8280 | loss 0.3584 (avg50: 0.3463) | lr 1.98e-04 | epoch 3 | evo 44/165 (27%) pct=0.0010 | 1.80s/step | 19088s total
  step  8290 | loss 0.3387 (avg50: 0.3464) | lr 1.98e-04 | epoch 3 | evo 44/165 (27%) pct=0.0010 | 1.85s/step | 19106s total
  step  8300 | loss 0.3649 (avg50: 0.3475) | lr 1.97e-04 | epoch 3 | evo 44/166 (27%) pct=0.0010 | 19.58s/step | 19142s total

  📊 Eval @ step 8300: cosine_sim=0.6521
     sim_behavioral: 0.6634
     sim_complex: 0.5774
     sim_math: 0.7403
     sim_mixed: 0.6302
     sim_prose: 0.6160
     sim_sexpr: 0.7271
     evo: 166 gens, 44 accepted (26.5%), base_pct=0.0010

  step  8310 | loss 0.3364 (avg50: 0.3473) | lr 1.97e-04 | epoch 3 | evo 44/166 (27%) pct=0.0010 | 1.78s/step | 19174s total
  step  8320 | loss 0.3402 (avg50: 0.3501) | lr 1.97e-04 | epoch 3 | evo 44/166 (27%) pct=0.0010 | 1.81s/step | 19192s total
  step  8330 | loss 0.3196 (avg50: 0.3520) | lr 1.97e-04 | epoch 3 | evo 44/166 (27%) pct=0.0010 | 1.80s/step | 19210s total
  step  8340 | loss 0.3458 (avg50: 0.3519) | lr 1.96e-04 | epoch 3 | evo 44/166 (27%) pct=0.0010 | 1.78s/step | 19228s total
  step  8350 | loss 0.3445 (avg50: 0.3521) | lr 1.96e-04 | epoch 3 | evo 44/167 (26%) pct=0.0010 | 19.87s/step | 19264s total
  step  8360 | loss 0.3777 (avg50: 0.3530) | lr 1.96e-04 | epoch 3 | evo 44/167 (26%) pct=0.0010 | 1.79s/step | 19282s total
  step  8370 | loss 0.3474 (avg50: 0.3506) | lr 1.96e-04 | epoch 3 | evo 44/167 (26%) pct=0.0010 | 1.80s/step | 19300s total
  step  8380 | loss 0.3272 (avg50: 0.3475) | lr 1.96e-04 | epoch 3 | evo 44/167 (26%) pct=0.0010 | 1.80s/step | 19318s total
  step  8390 | loss 0.3365 (avg50: 0.3485) | lr 1.95e-04 | epoch 3 | evo 44/167 (26%) pct=0.0010 | 1.80s/step | 19336s total
  step  8400 | loss 0.3463 (avg50: 0.3457) | lr 1.95e-04 | epoch 3 | evo 44/168 (26%) pct=0.0010 | 19.69s/step | 19372s total

  📊 Eval @ step 8400: cosine_sim=0.6493
     sim_behavioral: 0.6622
     sim_complex: 0.5749
     sim_math: 0.7499
     sim_mixed: 0.6348
     sim_prose: 0.6263
     sim_sexpr: 0.7276
     evo: 168 gens, 44 accepted (26.2%), base_pct=0.0010

  step  8410 | loss 0.3419 (avg50: 0.3445) | lr 1.95e-04 | epoch 3 | evo 44/168 (26%) pct=0.0010 | 1.83s/step | 19405s total
  step  8420 | loss 0.3439 (avg50: 0.3454) | lr 1.95e-04 | epoch 3 | evo 44/168 (26%) pct=0.0010 | 1.85s/step | 19423s total
  step  8430 | loss 0.3383 (avg50: 0.3446) | lr 1.94e-04 | epoch 3 | evo 44/168 (26%) pct=0.0010 | 1.82s/step | 19441s total
  step  8440 | loss 0.3711 (avg50: 0.3451) | lr 1.94e-04 | epoch 3 | evo 44/168 (26%) pct=0.0010 | 1.79s/step | 19459s total
  step  8450 | loss 0.3265 (avg50: 0.3458) | lr 1.94e-04 | epoch 3 | evo 44/169 (26%) pct=0.0010 | 19.93s/step | 19496s total
  step  8460 | loss 0.3418 (avg50: 0.3451) | lr 1.94e-04 | epoch 3 | evo 44/169 (26%) pct=0.0010 | 1.78s/step | 19514s total
  step  8470 | loss 0.3314 (avg50: 0.3454) | lr 1.94e-04 | epoch 3 | evo 44/169 (26%) pct=0.0010 | 1.85s/step | 19532s total
  step  8480 | loss 0.3474 (avg50: 0.3455) | lr 1.93e-04 | epoch 3 | evo 44/169 (26%) pct=0.0010 | 1.80s/step | 19550s total
  step  8490 | loss 0.3449 (avg50: 0.3455) | lr 1.93e-04 | epoch 3 | evo 44/169 (26%) pct=0.0010 | 1.78s/step | 19568s total
  step  8500 | loss 0.3498 (avg50: 0.3465) | lr 1.93e-04 | epoch 3 | evo 44/170 (26%) pct=0.0010 | 19.71s/step | 19604s total

  📊 Eval @ step 8500: cosine_sim=0.6574
     sim_behavioral: 0.6770
     sim_complex: 0.5833
     sim_math: 0.7286
     sim_mixed: 0.6448
     sim_prose: 0.6327
     sim_sexpr: 0.7351
     evo: 170 gens, 44 accepted (25.9%), base_pct=0.0010

  step  8510 | loss 0.3571 (avg50: 0.3467) | lr 1.93e-04 | epoch 3 | evo 44/170 (26%) pct=0.0010 | 1.78s/step | 19637s total
  step  8520 | loss 0.3599 (avg50: 0.3456) | lr 1.92e-04 | epoch 3 | evo 44/170 (26%) pct=0.0010 | 1.77s/step | 19655s total
  step  8530 | loss 0.3374 (avg50: 0.3453) | lr 1.92e-04 | epoch 3 | evo 44/170 (26%) pct=0.0010 | 1.78s/step | 19673s total
  step  8540 | loss 0.3573 (avg50: 0.3451) | lr 1.92e-04 | epoch 3 | evo 44/170 (26%) pct=0.0010 | 1.80s/step | 19691s total
  step  8550 | loss 0.3432 (avg50: 0.3423) | lr 1.92e-04 | epoch 3 | evo 45/171 (26%) pct=0.0010 | 19.97s/step | 19727s total
  step  8560 | loss 0.3505 (avg50: 0.3432) | lr 1.91e-04 | epoch 3 | evo 45/171 (26%) pct=0.0010 | 1.79s/step | 19745s total
  step  8570 | loss 0.3417 (avg50: 0.3457) | lr 1.91e-04 | epoch 3 | evo 45/171 (26%) pct=0.0010 | 1.83s/step | 19763s total
  step  8580 | loss 0.3500 (avg50: 0.3478) | lr 1.91e-04 | epoch 3 | evo 45/171 (26%) pct=0.0010 | 1.78s/step | 19781s total
  step  8590 | loss 0.3264 (avg50: 0.3472) | lr 1.91e-04 | epoch 3 | evo 45/171 (26%) pct=0.0010 | 1.82s/step | 19799s total
  step  8600 | loss 0.3254 (avg50: 0.3497) | lr 1.91e-04 | epoch 3 | evo 45/172 (26%) pct=0.0010 | 20.13s/step | 19836s total

  📊 Eval @ step 8600: cosine_sim=0.6516
     sim_behavioral: 0.6724
     sim_complex: 0.5778
     sim_math: 0.7334
     sim_mixed: 0.6164
     sim_prose: 0.6313
     sim_sexpr: 0.7324
     evo: 172 gens, 45 accepted (26.2%), base_pct=0.0010

  step  8610 | loss 0.3392 (avg50: 0.3504) | lr 1.90e-04 | epoch 3 | evo 45/172 (26%) pct=0.0010 | 1.77s/step | 19868s total
  step  8620 | loss 0.3341 (avg50: 0.3461) | lr 1.90e-04 | epoch 3 | evo 45/172 (26%) pct=0.0010 | 1.82s/step | 19886s total
  step  8630 | loss 0.3707 (avg50: 0.3448) | lr 1.90e-04 | epoch 3 | evo 45/172 (26%) pct=0.0010 | 1.81s/step | 19905s total
  step  8640 | loss 0.3380 (avg50: 0.3461) | lr 1.90e-04 | epoch 3 | evo 45/172 (26%) pct=0.0010 | 1.83s/step | 19923s total
  step  8650 | loss 0.3440 (avg50: 0.3455) | lr 1.89e-04 | epoch 3 | evo 45/173 (26%) pct=0.0010 | 19.94s/step | 19959s total
  step  8660 | loss 0.3312 (avg50: 0.3431) | lr 1.89e-04 | epoch 3 | evo 45/173 (26%) pct=0.0010 | 1.80s/step | 19977s total
  step  8670 | loss 0.3452 (avg50: 0.3454) | lr 1.89e-04 | epoch 3 | evo 45/173 (26%) pct=0.0010 | 1.82s/step | 19996s total
  step  8680 | loss 0.3704 (avg50: 0.3446) | lr 1.89e-04 | epoch 3 | evo 45/173 (26%) pct=0.0010 | 1.79s/step | 20014s total
  step  8690 | loss 0.3434 (avg50: 0.3426) | lr 1.88e-04 | epoch 3 | evo 45/173 (26%) pct=0.0010 | 1.79s/step | 20032s total
  step  8700 | loss 0.3329 (avg50: 0.3427) | lr 1.88e-04 | epoch 3 | evo 45/174 (26%) pct=0.0010 | 19.81s/step | 20068s total

  📊 Eval @ step 8700: cosine_sim=0.6562
     sim_behavioral: 0.6719
     sim_complex: 0.5787
     sim_math: 0.7434
     sim_mixed: 0.6359
     sim_prose: 0.6245
     sim_sexpr: 0.7272
     evo: 174 gens, 45 accepted (25.9%), base_pct=0.0010

  step  8710 | loss 0.3327 (avg50: 0.3423) | lr 1.88e-04 | epoch 3 | evo 45/174 (26%) pct=0.0010 | 1.84s/step | 20100s total
  step  8720 | loss 0.3512 (avg50: 0.3425) | lr 1.88e-04 | epoch 3 | evo 45/174 (26%) pct=0.0010 | 1.80s/step | 20119s total
  step  8730 | loss 0.3610 (avg50: 0.3441) | lr 1.88e-04 | epoch 3 | evo 45/174 (26%) pct=0.0010 | 1.91s/step | 20137s total
  step  8740 | loss 0.3336 (avg50: 0.3438) | lr 1.87e-04 | epoch 3 | evo 45/174 (26%) pct=0.0010 | 1.81s/step | 20155s total
  step  8750 | loss 0.3479 (avg50: 0.3426) | lr 1.87e-04 | epoch 3 | evo 45/175 (26%) pct=0.0010 | 19.82s/step | 20191s total
  step  8760 | loss 0.3367 (avg50: 0.3445) | lr 1.87e-04 | epoch 3 | evo 45/175 (26%) pct=0.0010 | 1.79s/step | 20209s total
  step  8770 | loss 0.3627 (avg50: 0.3455) | lr 1.87e-04 | epoch 3 | evo 45/175 (26%) pct=0.0010 | 1.81s/step | 20227s total
  step  8780 | loss 0.3774 (avg50: 0.3449) | lr 1.86e-04 | epoch 3 | evo 45/175 (26%) pct=0.0010 | 1.78s/step | 20245s total
  step  8790 | loss 0.3462 (avg50: 0.3450) | lr 1.86e-04 | epoch 3 | evo 45/175 (26%) pct=0.0010 | 1.76s/step | 20263s total
  step  8800 | loss 0.3329 (avg50: 0.3468) | lr 1.86e-04 | epoch 3 | evo 45/176 (26%) pct=0.0010 | 19.55s/step | 20298s total

  📊 Eval @ step 8800: cosine_sim=0.6600
     sim_behavioral: 0.6768
     sim_complex: 0.5814
     sim_math: 0.7261
     sim_mixed: 0.6494
     sim_prose: 0.6286
     sim_sexpr: 0.7372
     evo: 176 gens, 45 accepted (25.6%), base_pct=0.0010

  step  8810 | loss 0.3260 (avg50: 0.3448) | lr 1.86e-04 | epoch 3 | evo 45/176 (26%) pct=0.0010 | 1.78s/step | 20330s total
  step  8820 | loss 0.3669 (avg50: 0.3436) | lr 1.85e-04 | epoch 3 | evo 45/176 (26%) pct=0.0010 | 1.77s/step | 20348s total
  step  8830 | loss 0.3418 (avg50: 0.3462) | lr 1.85e-04 | epoch 3 | evo 45/176 (26%) pct=0.0010 | 1.78s/step | 20366s total
  step  8840 | loss 0.3504 (avg50: 0.3472) | lr 1.85e-04 | epoch 3 | evo 45/176 (26%) pct=0.0010 | 1.80s/step | 20383s total
  step  8850 | loss 0.3297 (avg50: 0.3479) | lr 1.85e-04 | epoch 3 | evo 45/177 (25%) pct=0.0010 | 19.44s/step | 20419s total
  step  8860 | loss 0.3593 (avg50: 0.3490) | lr 1.84e-04 | epoch 3 | evo 45/177 (25%) pct=0.0010 | 1.78s/step | 20437s total
  step  8870 | loss 0.3195 (avg50: 0.3483) | lr 1.84e-04 | epoch 3 | evo 45/177 (25%) pct=0.0010 | 1.77s/step | 20454s total
  step  8880 | loss 0.3304 (avg50: 0.3449) | lr 1.84e-04 | epoch 3 | evo 45/177 (25%) pct=0.0010 | 1.78s/step | 20472s total
  step  8890 | loss 0.3261 (avg50: 0.3453) | lr 1.84e-04 | epoch 3 | evo 45/177 (25%) pct=0.0010 | 1.77s/step | 20490s total
  step  8900 | loss 0.3355 (avg50: 0.3452) | lr 1.84e-04 | epoch 3 | evo 45/178 (25%) pct=0.0010 | 19.50s/step | 20525s total

  📊 Eval @ step 8900: cosine_sim=0.6569
     sim_behavioral: 0.6758
     sim_complex: 0.5978
     sim_math: 0.7537
     sim_mixed: 0.6438
     sim_prose: 0.6149
     sim_sexpr: 0.7380
     evo: 178 gens, 45 accepted (25.3%), base_pct=0.0010

  step  8910 | loss 0.3395 (avg50: 0.3436) | lr 1.83e-04 | epoch 3 | evo 45/178 (25%) pct=0.0010 | 1.77s/step | 20557s total
  step  8920 | loss 0.3398 (avg50: 0.3440) | lr 1.83e-04 | epoch 3 | evo 45/178 (25%) pct=0.0010 | 1.79s/step | 20575s total
  step  8930 | loss 0.3471 (avg50: 0.3466) | lr 1.83e-04 | epoch 3 | evo 45/178 (25%) pct=0.0010 | 1.77s/step | 20593s total
  step  8940 | loss 0.3577 (avg50: 0.3449) | lr 1.83e-04 | epoch 3 | evo 45/178 (25%) pct=0.0010 | 1.77s/step | 20610s total
  step  8950 | loss 0.3395 (avg50: 0.3436) | lr 1.82e-04 | epoch 3 | evo 45/179 (25%) pct=0.0010 | 19.44s/step | 20646s total
  step  8960 | loss 0.3359 (avg50: 0.3444) | lr 1.82e-04 | epoch 3 | evo 45/179 (25%) pct=0.0010 | 1.76s/step | 20664s total
  step  8970 | loss 0.3532 (avg50: 0.3441) | lr 1.82e-04 | epoch 3 | evo 45/179 (25%) pct=0.0010 | 1.77s/step | 20681s total
  step  8980 | loss 0.3491 (avg50: 0.3422) | lr 1.82e-04 | epoch 3 | evo 45/179 (25%) pct=0.0010 | 1.77s/step | 20699s total
  step  8990 | loss 0.3270 (avg50: 0.3442) | lr 1.81e-04 | epoch 3 | evo 45/179 (25%) pct=0.0010 | 1.79s/step | 20717s total
  step  9000 | loss 0.3312 (avg50: 0.3448) | lr 1.81e-04 | epoch 3 | evo 45/180 (25%) pct=0.0010 | 19.43s/step | 20752s total

  📊 Eval @ step 9000: cosine_sim=0.6462
     sim_behavioral: 0.6601
     sim_complex: 0.5684
     sim_math: 0.7201
     sim_mixed: 0.6210
     sim_prose: 0.6178
     sim_sexpr: 0.7250
     evo: 180 gens, 45 accepted (25.0%), base_pct=0.0010


  📊 Checkpoint eval @ step 9000: cosine_sim=0.6464
     sim_behavioral: 0.6616
     sim_complex: 0.5636
     sim_math: 0.7316
     sim_mixed: 0.6246
     sim_prose: 0.6230
     sim_sexpr: 0.7273
  💾 Checkpoint saved: /Users/mwhitford/src/verbum/checkpoints/basin-v3-d512/step_009000

  step  9010 | loss 0.3432 (avg50: 0.3445) | lr 1.81e-04 | epoch 3 | evo 45/180 (25%) pct=0.0010 | 1.78s/step | 20812s total
  step  9020 | loss 0.3327 (avg50: 0.3435) | lr 1.81e-04 | epoch 3 | evo 45/180 (25%) pct=0.0010 | 1.76s/step | 20830s total
  step  9030 | loss 0.3455 (avg50: 0.3429) | lr 1.81e-04 | epoch 3 | evo 45/180 (25%) pct=0.0010 | 1.77s/step | 20848s total
  step  9040 | loss 0.3671 (avg50: 0.3419) | lr 1.80e-04 | epoch 3 | evo 45/180 (25%) pct=0.0010 | 1.78s/step | 20866s total
  step  9050 | loss 0.3419 (avg50: 0.3418) | lr 1.80e-04 | epoch 3 | evo 45/181 (25%) pct=0.0010 | 19.41s/step | 20901s total
  step  9060 | loss 0.3578 (avg50: 0.3414) | lr 1.80e-04 | epoch 3 | evo 45/181 (25%) pct=0.0010 | 1.77s/step | 20919s total
  step  9070 | loss 0.3528 (avg50: 0.3411) | lr 1.80e-04 | epoch 3 | evo 45/181 (25%) pct=0.0010 | 1.77s/step | 20937s total
  step  9080 | loss 0.3364 (avg50: 0.3413) | lr 1.79e-04 | epoch 3 | evo 45/181 (25%) pct=0.0010 | 1.77s/step | 20954s total
  step  9090 | loss 0.3553 (avg50: 0.3418) | lr 1.79e-04 | epoch 3 | evo 45/181 (25%) pct=0.0010 | 1.77s/step | 20972s total
  step  9100 | loss 0.3479 (avg50: 0.3423) | lr 1.79e-04 | epoch 3 | evo 45/182 (25%) pct=0.0010 | 19.45s/step | 21007s total

  📊 Eval @ step 9100: cosine_sim=0.6465
     sim_behavioral: 0.6642
     sim_complex: 0.5787
     sim_math: 0.7422
     sim_mixed: 0.6352
     sim_prose: 0.6197
     sim_sexpr: 0.7284
     evo: 182 gens, 45 accepted (24.7%), base_pct=0.0010

  step  9110 | loss 0.3514 (avg50: 0.3431) | lr 1.79e-04 | epoch 3 | evo 45/182 (25%) pct=0.0010 | 1.77s/step | 21039s total
  step  9120 | loss 0.3122 (avg50: 0.3449) | lr 1.78e-04 | epoch 3 | evo 45/182 (25%) pct=0.0010 | 1.78s/step | 21057s total
  step  9130 | loss 0.3409 (avg50: 0.3451) | lr 1.78e-04 | epoch 3 | evo 45/182 (25%) pct=0.0010 | 1.77s/step | 21075s total
  step  9140 | loss 0.3302 (avg50: 0.3431) | lr 1.78e-04 | epoch 3 | evo 45/182 (25%) pct=0.0010 | 1.77s/step | 21092s total
  step  9150 | loss 0.3639 (avg50: 0.3426) | lr 1.78e-04 | epoch 3 | evo 45/183 (25%) pct=0.0010 | 19.45s/step | 21128s total
  step  9160 | loss 0.3599 (avg50: 0.3449) | lr 1.77e-04 | epoch 3 | evo 45/183 (25%) pct=0.0010 | 1.77s/step | 21145s total
  step  9170 | loss 0.3484 (avg50: 0.3452) | lr 1.77e-04 | epoch 3 | evo 45/183 (25%) pct=0.0010 | 1.77s/step | 21163s total
  step  9180 | loss 0.3308 (avg50: 0.3442) | lr 1.77e-04 | epoch 3 | evo 45/183 (25%) pct=0.0010 | 1.77s/step | 21181s total
  step  9190 | loss 0.3429 (avg50: 0.3454) | lr 1.77e-04 | epoch 3 | evo 45/183 (25%) pct=0.0010 | 1.77s/step | 21199s total
  step  9200 | loss 0.3481 (avg50: 0.3459) | lr 1.77e-04 | epoch 3 | evo 46/184 (25%) pct=0.0010 | 19.42s/step | 21234s total

  📊 Eval @ step 9200: cosine_sim=0.6442
     sim_behavioral: 0.6470
     sim_complex: 0.5631
     sim_math: 0.7302
     sim_mixed: 0.6204
     sim_prose: 0.6122
     sim_sexpr: 0.7370
     evo: 184 gens, 46 accepted (25.0%), base_pct=0.0010

  step  9210 | loss 0.3456 (avg50: 0.3455) | lr 1.76e-04 | epoch 3 | evo 46/184 (25%) pct=0.0010 | 1.77s/step | 21266s total
  step  9220 | loss 0.3384 (avg50: 0.3455) | lr 1.76e-04 | epoch 3 | evo 46/184 (25%) pct=0.0010 | 1.77s/step | 21284s total
  step  9230 | loss 0.3579 (avg50: 0.3467) | lr 1.76e-04 | epoch 3 | evo 46/184 (25%) pct=0.0010 | 1.77s/step | 21301s total
  step  9240 | loss 0.3492 (avg50: 0.3446) | lr 1.76e-04 | epoch 3 | evo 46/184 (25%) pct=0.0010 | 1.78s/step | 21319s total
  step  9250 | loss 0.3472 (avg50: 0.3417) | lr 1.75e-04 | epoch 3 | evo 46/185 (25%) pct=0.0010 | 19.49s/step | 21354s total
  step  9260 | loss 0.3770 (avg50: 0.3403) | lr 1.75e-04 | epoch 3 | evo 46/185 (25%) pct=0.0010 | 1.76s/step | 21372s total
  step  9270 | loss 0.3453 (avg50: 0.3400) | lr 1.75e-04 | epoch 3 | evo 46/185 (25%) pct=0.0010 | 1.78s/step | 21390s total
  step  9280 | loss 0.3464 (avg50: 0.3405) | lr 1.75e-04 | epoch 3 | evo 46/185 (25%) pct=0.0010 | 1.78s/step | 21408s total
  step  9290 | loss 0.3296 (avg50: 0.3418) | lr 1.74e-04 | epoch 3 | evo 46/185 (25%) pct=0.0010 | 1.78s/step | 21425s total
  step  9300 | loss 0.3592 (avg50: 0.3418) | lr 1.74e-04 | epoch 3 | evo 46/186 (25%) pct=0.0010 | 19.48s/step | 21461s total

  📊 Eval @ step 9300: cosine_sim=0.6550
     sim_behavioral: 0.6719
     sim_complex: 0.5778
     sim_math: 0.7321
     sim_mixed: 0.6359
     sim_prose: 0.6225
     sim_sexpr: 0.7419
     evo: 186 gens, 46 accepted (24.7%), base_pct=0.0010

  step  9310 | loss 0.3509 (avg50: 0.3428) | lr 1.74e-04 | epoch 3 | evo 46/186 (25%) pct=0.0010 | 1.77s/step | 21493s total
  step  9320 | loss 0.3309 (avg50: 0.3407) | lr 1.74e-04 | epoch 3 | evo 46/186 (25%) pct=0.0010 | 1.77s/step | 21510s total
  step  9330 | loss 0.3469 (avg50: 0.3391) | lr 1.73e-04 | epoch 3 | evo 46/186 (25%) pct=0.0010 | 1.76s/step | 21528s total
  step  9340 | loss 0.3485 (avg50: 0.3386) | lr 1.73e-04 | epoch 3 | evo 46/186 (25%) pct=0.0010 | 1.78s/step | 21546s total
  step  9350 | loss 0.3585 (avg50: 0.3397) | lr 1.73e-04 | epoch 3 | evo 46/187 (25%) pct=0.0010 | 19.44s/step | 21581s total
  step  9360 | loss 0.3598 (avg50: 0.3389) | lr 1.73e-04 | epoch 3 | evo 46/187 (25%) pct=0.0010 | 1.77s/step | 21599s total
  step  9370 | loss 0.3475 (avg50: 0.3405) | lr 1.72e-04 | epoch 3 | evo 46/187 (25%) pct=0.0010 | 1.77s/step | 21617s total
  step  9380 | loss 0.3417 (avg50: 0.3413) | lr 1.72e-04 | epoch 3 | evo 46/187 (25%) pct=0.0010 | 1.77s/step | 21634s total
  step  9390 | loss 0.3343 (avg50: 0.3437) | lr 1.72e-04 | epoch 3 | evo 46/187 (25%) pct=0.0010 | 1.77s/step | 21652s total
  step  9400 | loss 0.3470 (avg50: 0.3440) | lr 1.72e-04 | epoch 3 | evo 47/188 (25%) pct=0.0010 | 19.46s/step | 21688s total

  📊 Eval @ step 9400: cosine_sim=0.6430
     sim_behavioral: 0.6581
     sim_complex: 0.5814
     sim_math: 0.7327
     sim_mixed: 0.6196
     sim_prose: 0.6081
     sim_sexpr: 0.7138
     evo: 188 gens, 47 accepted (25.0%), base_pct=0.0010

  step  9410 | loss 0.3547 (avg50: 0.3433) | lr 1.72e-04 | epoch 3 | evo 47/188 (25%) pct=0.0010 | 1.77s/step | 21719s total
  step  9420 | loss 0.3466 (avg50: 0.3429) | lr 1.71e-04 | epoch 3 | evo 47/188 (25%) pct=0.0010 | 1.77s/step | 21737s total
  step  9430 | loss 0.3550 (avg50: 0.3438) | lr 1.71e-04 | epoch 3 | evo 47/188 (25%) pct=0.0010 | 1.77s/step | 21755s total
  step  9440 | loss 0.3366 (avg50: 0.3411) | lr 1.71e-04 | epoch 3 | evo 47/188 (25%) pct=0.0010 | 1.77s/step | 21773s total
  step  9450 | loss 0.3525 (avg50: 0.3429) | lr 1.71e-04 | epoch 3 | evo 47/189 (25%) pct=0.0010 | 19.46s/step | 21808s total
  step  9460 | loss 0.3438 (avg50: 0.3429) | lr 1.70e-04 | epoch 3 | evo 47/189 (25%) pct=0.0010 | 1.77s/step | 21826s total
  step  9470 | loss 0.3435 (avg50: 0.3435) | lr 1.70e-04 | epoch 3 | evo 47/189 (25%) pct=0.0010 | 1.77s/step | 21843s total
  step  9480 | loss 0.3519 (avg50: 0.3418) | lr 1.70e-04 | epoch 3 | evo 47/189 (25%) pct=0.0010 | 1.76s/step | 21861s total
  step  9490 | loss 0.3375 (avg50: 0.3421) | lr 1.70e-04 | epoch 3 | evo 47/189 (25%) pct=0.0010 | 1.78s/step | 21879s total
  step  9500 | loss 0.3472 (avg50: 0.3410) | lr 1.69e-04 | epoch 3 | evo 47/190 (25%) pct=0.0010 | 19.46s/step | 21914s total

  📊 Eval @ step 9500: cosine_sim=0.6527
     sim_behavioral: 0.6733
     sim_complex: 0.5731
     sim_math: 0.7490
     sim_mixed: 0.6247
     sim_prose: 0.6320
     sim_sexpr: 0.7448
     evo: 190 gens, 47 accepted (24.7%), base_pct=0.0010

  step  9510 | loss 0.3373 (avg50: 0.3424) | lr 1.69e-04 | epoch 4 | evo 47/190 (25%) pct=0.0010 | 1.78s/step | 21946s total
  step  9520 | loss 0.3499 (avg50: 0.3418) | lr 1.69e-04 | epoch 4 | evo 47/190 (25%) pct=0.0010 | 1.77s/step | 21964s total
  step  9530 | loss 0.3513 (avg50: 0.3462) | lr 1.69e-04 | epoch 4 | evo 47/190 (25%) pct=0.0010 | 1.77s/step | 21982s total
  step  9540 | loss 0.3335 (avg50: 0.3461) | lr 1.68e-04 | epoch 4 | evo 47/190 (25%) pct=0.0010 | 1.77s/step | 21999s total
  step  9550 | loss 0.3488 (avg50: 0.3452) | lr 1.68e-04 | epoch 4 | evo 47/191 (25%) pct=0.0010 | 19.46s/step | 22035s total
  step  9560 | loss 0.3464 (avg50: 0.3438) | lr 1.68e-04 | epoch 4 | evo 47/191 (25%) pct=0.0010 | 1.77s/step | 22053s total
  step  9570 | loss 0.3452 (avg50: 0.3432) | lr 1.68e-04 | epoch 4 | evo 47/191 (25%) pct=0.0010 | 1.77s/step | 22070s total
  step  9580 | loss 0.3301 (avg50: 0.3389) | lr 1.67e-04 | epoch 4 | evo 47/191 (25%) pct=0.0010 | 1.77s/step | 22088s total
  step  9590 | loss 0.3474 (avg50: 0.3392) | lr 1.67e-04 | epoch 4 | evo 47/191 (25%) pct=0.0010 | 1.78s/step | 22106s total
  step  9600 | loss 0.3513 (avg50: 0.3396) | lr 1.67e-04 | epoch 4 | evo 47/192 (24%) pct=0.0010 | 19.46s/step | 22141s total

  📊 Eval @ step 9600: cosine_sim=0.6499
     sim_behavioral: 0.6681
     sim_complex: 0.5746
     sim_math: 0.7506
     sim_mixed: 0.6211
     sim_prose: 0.6309
     sim_sexpr: 0.7165
     evo: 192 gens, 47 accepted (24.5%), base_pct=0.0010

  step  9610 | loss 0.3337 (avg50: 0.3393) | lr 1.67e-04 | epoch 4 | evo 47/192 (24%) pct=0.0010 | 1.78s/step | 22173s total
  step  9620 | loss 0.3462 (avg50: 0.3409) | lr 1.67e-04 | epoch 4 | evo 47/192 (24%) pct=0.0010 | 1.77s/step | 22191s total
  step  9630 | loss 0.3515 (avg50: 0.3426) | lr 1.66e-04 | epoch 4 | evo 47/192 (24%) pct=0.0010 | 1.77s/step | 22208s total
  step  9640 | loss 0.3426 (avg50: 0.3437) | lr 1.66e-04 | epoch 4 | evo 47/192 (24%) pct=0.0010 | 1.78s/step | 22226s total
  step  9650 | loss 0.3238 (avg50: 0.3438) | lr 1.66e-04 | epoch 4 | evo 47/193 (24%) pct=0.0010 | 19.42s/step | 22262s total
  step  9660 | loss 0.3313 (avg50: 0.3428) | lr 1.66e-04 | epoch 4 | evo 47/193 (24%) pct=0.0010 | 1.77s/step | 22279s total
  step  9670 | loss 0.3302 (avg50: 0.3413) | lr 1.65e-04 | epoch 4 | evo 47/193 (24%) pct=0.0010 | 1.78s/step | 22297s total
  step  9680 | loss 0.3402 (avg50: 0.3407) | lr 1.65e-04 | epoch 4 | evo 47/193 (24%) pct=0.0010 | 1.77s/step | 22315s total
  step  9690 | loss 0.3200 (avg50: 0.3405) | lr 1.65e-04 | epoch 4 | evo 47/193 (24%) pct=0.0010 | 1.77s/step | 22332s total
  step  9700 | loss 0.3338 (avg50: 0.3400) | lr 1.65e-04 | epoch 4 | evo 47/194 (24%) pct=0.0010 | 19.51s/step | 22368s total

  📊 Eval @ step 9700: cosine_sim=0.6541
     sim_behavioral: 0.6797
     sim_complex: 0.5846
     sim_math: 0.7448
     sim_mixed: 0.6412
     sim_prose: 0.6269
     sim_sexpr: 0.7304
     evo: 194 gens, 47 accepted (24.2%), base_pct=0.0010

  step  9710 | loss 0.3430 (avg50: 0.3421) | lr 1.64e-04 | epoch 4 | evo 47/194 (24%) pct=0.0010 | 1.76s/step | 22400s total
  step  9720 | loss 0.3439 (avg50: 0.3425) | lr 1.64e-04 | epoch 4 | evo 47/194 (24%) pct=0.0010 | 1.78s/step | 22418s total
  step  9730 | loss 0.3326 (avg50: 0.3430) | lr 1.64e-04 | epoch 4 | evo 47/194 (24%) pct=0.0010 | 1.78s/step | 22435s total
  step  9740 | loss 0.3227 (avg50: 0.3413) | lr 1.64e-04 | epoch 4 | evo 47/194 (24%) pct=0.0010 | 1.78s/step | 22453s total
  step  9750 | loss 0.3346 (avg50: 0.3411) | lr 1.63e-04 | epoch 4 | evo 48/195 (25%) pct=0.0010 | 19.44s/step | 22488s total
  step  9760 | loss 0.3520 (avg50: 0.3404) | lr 1.63e-04 | epoch 4 | evo 48/195 (25%) pct=0.0010 | 1.78s/step | 22506s total
  step  9770 | loss 0.3296 (avg50: 0.3392) | lr 1.63e-04 | epoch 4 | evo 48/195 (25%) pct=0.0010 | 1.78s/step | 22524s total
  step  9780 | loss 0.3454 (avg50: 0.3392) | lr 1.63e-04 | epoch 4 | evo 48/195 (25%) pct=0.0010 | 1.78s/step | 22542s total
  step  9790 | loss 0.3370 (avg50: 0.3423) | lr 1.62e-04 | epoch 4 | evo 48/195 (25%) pct=0.0010 | 1.78s/step | 22559s total
  step  9800 | loss 0.3365 (avg50: 0.3428) | lr 1.62e-04 | epoch 4 | evo 48/196 (24%) pct=0.0010 | 19.44s/step | 22595s total

  📊 Eval @ step 9800: cosine_sim=0.6601
     sim_behavioral: 0.6787
     sim_complex: 0.6049
     sim_math: 0.7210
     sim_mixed: 0.6413
     sim_prose: 0.6145
     sim_sexpr: 0.7385
     evo: 196 gens, 48 accepted (24.5%), base_pct=0.0010

  step  9810 | loss 0.3487 (avg50: 0.3434) | lr 1.62e-04 | epoch 4 | evo 48/196 (24%) pct=0.0010 | 1.76s/step | 22627s total
  step  9820 | loss 0.3545 (avg50: 0.3433) | lr 1.62e-04 | epoch 4 | evo 48/196 (24%) pct=0.0010 | 1.78s/step | 22644s total
  step  9830 | loss 0.3429 (avg50: 0.3414) | lr 1.62e-04 | epoch 4 | evo 48/196 (24%) pct=0.0010 | 1.77s/step | 22662s total
  step  9840 | loss 0.3557 (avg50: 0.3414) | lr 1.61e-04 | epoch 4 | evo 48/196 (24%) pct=0.0010 | 1.78s/step | 22680s total
  step  9850 | loss 0.3229 (avg50: 0.3429) | lr 1.61e-04 | epoch 4 | evo 48/197 (24%) pct=0.0010 | 19.47s/step | 22715s total
  step  9860 | loss 0.3343 (avg50: 0.3412) | lr 1.61e-04 | epoch 4 | evo 48/197 (24%) pct=0.0010 | 1.77s/step | 22733s total
  step  9870 | loss 0.3439 (avg50: 0.3417) | lr 1.61e-04 | epoch 4 | evo 48/197 (24%) pct=0.0010 | 1.78s/step | 22751s total
  step  9880 | loss 0.3234 (avg50: 0.3433) | lr 1.60e-04 | epoch 4 | evo 48/197 (24%) pct=0.0010 | 1.78s/step | 22769s total
  step  9890 | loss 0.3365 (avg50: 0.3415) | lr 1.60e-04 | epoch 4 | evo 48/197 (24%) pct=0.0010 | 1.76s/step | 22786s total
  step  9900 | loss 0.3276 (avg50: 0.3398) | lr 1.60e-04 | epoch 4 | evo 48/198 (24%) pct=0.0010 | 19.45s/step | 22822s total

  📊 Eval @ step 9900: cosine_sim=0.6554
     sim_behavioral: 0.6758
     sim_complex: 0.5868
     sim_math: 0.7397
     sim_mixed: 0.6381
     sim_prose: 0.6252
     sim_sexpr: 0.7238
     evo: 198 gens, 48 accepted (24.2%), base_pct=0.0010

  step  9910 | loss 0.3539 (avg50: 0.3412) | lr 1.60e-04 | epoch 4 | evo 48/198 (24%) pct=0.0010 | 1.76s/step | 22853s total
  step  9920 | loss 0.3510 (avg50: 0.3426) | lr 1.59e-04 | epoch 4 | evo 48/198 (24%) pct=0.0010 | 1.78s/step | 22871s total
  step  9930 | loss 0.3154 (avg50: 0.3410) | lr 1.59e-04 | epoch 4 | evo 48/198 (24%) pct=0.0010 | 1.78s/step | 22889s total
  step  9940 | loss 0.3261 (avg50: 0.3406) | lr 1.59e-04 | epoch 4 | evo 48/198 (24%) pct=0.0010 | 1.78s/step | 22907s total
  step  9950 | loss 0.3603 (avg50: 0.3433) | lr 1.59e-04 | epoch 4 | evo 49/199 (25%) pct=0.0010 | 19.45s/step | 22942s total
  step  9960 | loss 0.3394 (avg50: 0.3435) | lr 1.58e-04 | epoch 4 | evo 49/199 (25%) pct=0.0010 | 1.77s/step | 22960s total
  step  9970 | loss 0.3482 (avg50: 0.3427) | lr 1.58e-04 | epoch 4 | evo 49/199 (25%) pct=0.0010 | 1.77s/step | 22978s total
  step  9980 | loss 0.3423 (avg50: 0.3435) | lr 1.58e-04 | epoch 4 | evo 49/199 (25%) pct=0.0010 | 1.77s/step | 22995s total
  step  9990 | loss 0.3280 (avg50: 0.3429) | lr 1.58e-04 | epoch 4 | evo 49/199 (25%) pct=0.0010 | 1.77s/step | 23013s total
  step 10000 | loss 0.3444 (avg50: 0.3400) | lr 1.57e-04 | epoch 4 | evo 49/200 (24%) pct=0.0010 | 19.48s/step | 23048s total

  📊 Eval @ step 10000: cosine_sim=0.6625
     sim_behavioral: 0.6699
     sim_complex: 0.5875
     sim_math: 0.7581
     sim_mixed: 0.6529
     sim_prose: 0.6362
     sim_sexpr: 0.7434
     evo: 200 gens, 49 accepted (24.5%), base_pct=0.0010


  📊 Checkpoint eval @ step 10000: cosine_sim=0.6539
     sim_behavioral: 0.6754
     sim_complex: 0.5858
     sim_math: 0.7453
     sim_mixed: 0.6365
     sim_prose: 0.6231
     sim_sexpr: 0.7266
  💾 Checkpoint saved: /Users/mwhitford/src/verbum/checkpoints/basin-v3-d512/step_010000

  step 10010 | loss 0.3239 (avg50: 0.3383) | lr 1.57e-04 | epoch 4 | evo 49/200 (24%) pct=0.0010 | 1.78s/step | 23109s total
  step 10020 | loss 0.3341 (avg50: 0.3382) | lr 1.57e-04 | epoch 4 | evo 49/200 (24%) pct=0.0010 | 1.77s/step | 23126s total
  step 10030 | loss 0.3287 (avg50: 0.3393) | lr 1.57e-04 | epoch 4 | evo 49/200 (24%) pct=0.0010 | 1.77s/step | 23144s total
  step 10040 | loss 0.3358 (avg50: 0.3400) | lr 1.57e-04 | epoch 4 | evo 49/200 (24%) pct=0.0010 | 1.77s/step | 23162s total
  step 10050 | loss 0.3494 (avg50: 0.3399) | lr 1.56e-04 | epoch 4 | evo 49/201 (24%) pct=0.0010 | 19.46s/step | 23197s total
  step 10060 | loss 0.3412 (avg50: 0.3408) | lr 1.56e-04 | epoch 4 | evo 49/201 (24%) pct=0.0010 | 1.78s/step | 23215s total
  step 10070 | loss 0.3556 (avg50: 0.3420) | lr 1.56e-04 | epoch 4 | evo 49/201 (24%) pct=0.0010 | 1.77s/step | 23233s total
  step 10080 | loss 0.3238 (avg50: 0.3407) | lr 1.56e-04 | epoch 4 | evo 49/201 (24%) pct=0.0010 | 1.77s/step | 23250s total
  step 10090 | loss 0.3393 (avg50: 0.3418) | lr 1.55e-04 | epoch 4 | evo 49/201 (24%) pct=0.0010 | 1.78s/step | 23268s total
  step 10100 | loss 0.3548 (avg50: 0.3418) | lr 1.55e-04 | epoch 4 | evo 49/202 (24%) pct=0.0010 | 19.47s/step | 23304s total

  📊 Eval @ step 10100: cosine_sim=0.6546
     sim_behavioral: 0.6785
     sim_complex: 0.5777
     sim_math: 0.7294
     sim_mixed: 0.6536
     sim_prose: 0.6231
     sim_sexpr: 0.7395
     evo: 202 gens, 49 accepted (24.3%), base_pct=0.0010

  step 10110 | loss 0.3411 (avg50: 0.3404) | lr 1.55e-04 | epoch 4 | evo 49/202 (24%) pct=0.0010 | 1.77s/step | 23335s total
  step 10120 | loss 0.3261 (avg50: 0.3381) | lr 1.55e-04 | epoch 4 | evo 49/202 (24%) pct=0.0010 | 1.78s/step | 23353s total
  step 10130 | loss 0.3436 (avg50: 0.3408) | lr 1.54e-04 | epoch 4 | evo 49/202 (24%) pct=0.0010 | 1.77s/step | 23371s total
  step 10140 | loss 0.3268 (avg50: 0.3394) | lr 1.54e-04 | epoch 4 | evo 49/202 (24%) pct=0.0010 | 1.77s/step | 23389s total
  step 10150 | loss 0.3353 (avg50: 0.3390) | lr 1.54e-04 | epoch 4 | evo 50/203 (25%) pct=0.0010 | 19.43s/step | 23424s total
  step 10160 | loss 0.3870 (avg50: 0.3423) | lr 1.54e-04 | epoch 4 | evo 50/203 (25%) pct=0.0010 | 1.78s/step | 23442s total
  step 10170 | loss 0.3402 (avg50: 0.3440) | lr 1.53e-04 | epoch 4 | evo 50/203 (25%) pct=0.0010 | 1.78s/step | 23459s total
  step 10180 | loss 0.3328 (avg50: 0.3405) | lr 1.53e-04 | epoch 4 | evo 50/203 (25%) pct=0.0010 | 1.77s/step | 23477s total
  step 10190 | loss 0.3414 (avg50: 0.3414) | lr 1.53e-04 | epoch 4 | evo 50/203 (25%) pct=0.0010 | 1.77s/step | 23495s total
  step 10200 | loss 0.3284 (avg50: 0.3428) | lr 1.53e-04 | epoch 4 | evo 50/204 (25%) pct=0.0010 | 19.48s/step | 23530s total

  📊 Eval @ step 10200: cosine_sim=0.6571
     sim_behavioral: 0.6788
     sim_complex: 0.5696
     sim_math: 0.7321
     sim_mixed: 0.6434
     sim_prose: 0.6186
     sim_sexpr: 0.7413
     evo: 204 gens, 50 accepted (24.5%), base_pct=0.0010

  step 10210 | loss 0.3549 (avg50: 0.3406) | lr 1.52e-04 | epoch 4 | evo 50/204 (25%) pct=0.0010 | 1.77s/step | 23562s total
  step 10220 | loss 0.3306 (avg50: 0.3397) | lr 1.52e-04 | epoch 4 | evo 50/204 (25%) pct=0.0010 | 1.79s/step | 23580s total
  step 10230 | loss 0.3229 (avg50: 0.3385) | lr 1.52e-04 | epoch 4 | evo 50/204 (25%) pct=0.0010 | 1.77s/step | 23598s total
  step 10240 | loss 0.3892 (avg50: 0.3377) | lr 1.52e-04 | epoch 4 | evo 50/204 (25%) pct=0.0010 | 1.77s/step | 23615s total
  step 10250 | loss 0.3426 (avg50: 0.3378) | lr 1.51e-04 | epoch 4 | evo 50/205 (24%) pct=0.0010 | 19.46s/step | 23651s total
  step 10260 | loss 0.3279 (avg50: 0.3358) | lr 1.51e-04 | epoch 4 | evo 50/205 (24%) pct=0.0010 | 1.77s/step | 23668s total
  step 10270 | loss 0.3420 (avg50: 0.3364) | lr 1.51e-04 | epoch 4 | evo 50/205 (24%) pct=0.0010 | 1.78s/step | 23686s total
  step 10280 | loss 0.3372 (avg50: 0.3397) | lr 1.51e-04 | epoch 4 | evo 50/205 (24%) pct=0.0010 | 1.77s/step | 23704s total
  step 10290 | loss 0.3106 (avg50: 0.3396) | lr 1.51e-04 | epoch 4 | evo 50/205 (24%) pct=0.0010 | 1.77s/step | 23722s total
  step 10300 | loss 0.3448 (avg50: 0.3394) | lr 1.50e-04 | epoch 4 | evo 50/206 (24%) pct=0.0010 | 19.44s/step | 23757s total

  📊 Eval @ step 10300: cosine_sim=0.6560
     sim_behavioral: 0.6757
     sim_complex: 0.5841
     sim_math: 0.7458
     sim_mixed: 0.6555
     sim_prose: 0.6248
     sim_sexpr: 0.7292
     evo: 206 gens, 50 accepted (24.3%), base_pct=0.0010

  step 10310 | loss 0.3304 (avg50: 0.3412) | lr 1.50e-04 | epoch 4 | evo 50/206 (24%) pct=0.0010 | 1.77s/step | 23789s total
  step 10320 | loss 0.3334 (avg50: 0.3394) | lr 1.50e-04 | epoch 4 | evo 50/206 (24%) pct=0.0010 | 1.77s/step | 23807s total
  step 10330 | loss 0.3237 (avg50: 0.3389) | lr 1.50e-04 | epoch 4 | evo 50/206 (24%) pct=0.0010 | 1.77s/step | 23824s total
  step 10340 | loss 0.3161 (avg50: 0.3401) | lr 1.49e-04 | epoch 4 | evo 50/206 (24%) pct=0.0010 | 1.79s/step | 23842s total
  step 10350 | loss 0.3241 (avg50: 0.3384) | lr 1.49e-04 | epoch 4 | evo 50/207 (24%) pct=0.0010 | 19.48s/step | 23878s total
  step 10360 | loss 0.3257 (avg50: 0.3396) | lr 1.49e-04 | epoch 4 | evo 50/207 (24%) pct=0.0010 | 1.78s/step | 23895s total
  step 10370 | loss 0.3379 (avg50: 0.3409) | lr 1.49e-04 | epoch 4 | evo 50/207 (24%) pct=0.0010 | 1.77s/step | 23913s total
  step 10380 | loss 0.3394 (avg50: 0.3415) | lr 1.48e-04 | epoch 4 | evo 50/207 (24%) pct=0.0010 | 1.78s/step | 23931s total
  step 10390 | loss 0.3394 (avg50: 0.3389) | lr 1.48e-04 | epoch 4 | evo 50/207 (24%) pct=0.0010 | 1.77s/step | 23949s total
  step 10400 | loss 0.3238 (avg50: 0.3401) | lr 1.48e-04 | epoch 4 | evo 50/208 (24%) pct=0.0010 | 19.51s/step | 23984s total

  📊 Eval @ step 10400: cosine_sim=0.6576
     sim_behavioral: 0.6801
     sim_complex: 0.5844
     sim_math: 0.7311
     sim_mixed: 0.6493
     sim_prose: 0.6241
     sim_sexpr: 0.7408
     evo: 208 gens, 50 accepted (24.0%), base_pct=0.0010

  step 10410 | loss 0.3418 (avg50: 0.3403) | lr 1.48e-04 | epoch 4 | evo 50/208 (24%) pct=0.0010 | 1.77s/step | 24016s total
  step 10420 | loss 0.3457 (avg50: 0.3398) | lr 1.47e-04 | epoch 4 | evo 50/208 (24%) pct=0.0010 | 1.80s/step | 24034s total
  step 10430 | loss 0.3163 (avg50: 0.3379) | lr 1.47e-04 | epoch 4 | evo 50/208 (24%) pct=0.0010 | 1.81s/step | 24052s total
  step 10440 | loss 0.3393 (avg50: 0.3398) | lr 1.47e-04 | epoch 4 | evo 50/208 (24%) pct=0.0010 | 1.78s/step | 24070s total
  step 10450 | loss 0.3296 (avg50: 0.3387) | lr 1.47e-04 | epoch 4 | evo 51/209 (24%) pct=0.0010 | 19.60s/step | 24106s total
  step 10460 | loss 0.3504 (avg50: 0.3392) | lr 1.46e-04 | epoch 4 | evo 51/209 (24%) pct=0.0010 | 1.77s/step | 24124s total
  step 10470 | loss 0.3332 (avg50: 0.3404) | lr 1.46e-04 | epoch 4 | evo 51/209 (24%) pct=0.0010 | 1.86s/step | 24142s total
  step 10480 | loss 0.3337 (avg50: 0.3434) | lr 1.46e-04 | epoch 4 | evo 51/209 (24%) pct=0.0010 | 1.79s/step | 24160s total
  step 10490 | loss 0.3494 (avg50: 0.3434) | lr 1.46e-04 | epoch 4 | evo 51/209 (24%) pct=0.0010 | 1.78s/step | 24178s total
  step 10500 | loss 0.3475 (avg50: 0.3448) | lr 1.46e-04 | epoch 4 | evo 51/210 (24%) pct=0.0010 | 19.64s/step | 24214s total

  📊 Eval @ step 10500: cosine_sim=0.6552
     sim_behavioral: 0.6676
     sim_complex: 0.5670
     sim_math: 0.7457
     sim_mixed: 0.6443
     sim_prose: 0.6294
     sim_sexpr: 0.7277
     evo: 210 gens, 51 accepted (24.3%), base_pct=0.0010

  step 10510 | loss 0.3445 (avg50: 0.3429) | lr 1.45e-04 | epoch 4 | evo 51/210 (24%) pct=0.0010 | 1.81s/step | 24246s total
  step 10520 | loss 0.3425 (avg50: 0.3422) | lr 1.45e-04 | epoch 4 | evo 51/210 (24%) pct=0.0010 | 1.81s/step | 24264s total
  step 10530 | loss 0.3149 (avg50: 0.3392) | lr 1.45e-04 | epoch 4 | evo 51/210 (24%) pct=0.0010 | 1.77s/step | 24282s total
  step 10540 | loss 0.3460 (avg50: 0.3396) | lr 1.45e-04 | epoch 4 | evo 51/210 (24%) pct=0.0010 | 1.79s/step | 24300s total
  step 10550 | loss 0.3218 (avg50: 0.3377) | lr 1.44e-04 | epoch 4 | evo 51/211 (24%) pct=0.0010 | 19.45s/step | 24335s total
  step 10560 | loss 0.3383 (avg50: 0.3398) | lr 1.44e-04 | epoch 4 | evo 51/211 (24%) pct=0.0010 | 1.82s/step | 24354s total
  step 10570 | loss 0.3226 (avg50: 0.3379) | lr 1.44e-04 | epoch 4 | evo 51/211 (24%) pct=0.0010 | 1.78s/step | 24372s total
  step 10580 | loss 0.3225 (avg50: 0.3386) | lr 1.44e-04 | epoch 4 | evo 51/211 (24%) pct=0.0010 | 1.81s/step | 24390s total
  step 10590 | loss 0.3429 (avg50: 0.3379) | lr 1.43e-04 | epoch 4 | evo 51/211 (24%) pct=0.0010 | 1.76s/step | 24407s total
  step 10600 | loss 0.3615 (avg50: 0.3397) | lr 1.43e-04 | epoch 4 | evo 51/212 (24%) pct=0.0010 | 19.94s/step | 24444s total

  📊 Eval @ step 10600: cosine_sim=0.6651
     sim_behavioral: 0.6788
     sim_complex: 0.6023
     sim_math: 0.7532
     sim_mixed: 0.6537
     sim_prose: 0.6222
     sim_sexpr: 0.7273
     evo: 212 gens, 51 accepted (24.1%), base_pct=0.0010

  step 10610 | loss 0.3376 (avg50: 0.3369) | lr 1.43e-04 | epoch 4 | evo 51/212 (24%) pct=0.0010 | 1.80s/step | 24476s total
  step 10620 | loss 0.3183 (avg50: 0.3394) | lr 1.43e-04 | epoch 4 | evo 51/212 (24%) pct=0.0010 | 1.76s/step | 24493s total
  step 10630 | loss 0.3448 (avg50: 0.3397) | lr 1.42e-04 | epoch 4 | evo 51/212 (24%) pct=0.0010 | 1.76s/step | 24511s total
  step 10640 | loss 0.3260 (avg50: 0.3394) | lr 1.42e-04 | epoch 4 | evo 51/212 (24%) pct=0.0010 | 1.81s/step | 24529s total
  step 10650 | loss 0.3436 (avg50: 0.3395) | lr 1.42e-04 | epoch 4 | evo 51/213 (24%) pct=0.0010 | 19.49s/step | 24565s total
  step 10660 | loss 0.3066 (avg50: 0.3401) | lr 1.42e-04 | epoch 4 | evo 51/213 (24%) pct=0.0010 | 1.78s/step | 24583s total
  step 10670 | loss 0.3474 (avg50: 0.3395) | lr 1.41e-04 | epoch 4 | evo 51/213 (24%) pct=0.0010 | 1.77s/step | 24600s total
  step 10680 | loss 0.3258 (avg50: 0.3393) | lr 1.41e-04 | epoch 4 | evo 51/213 (24%) pct=0.0010 | 1.80s/step | 24619s total
  step 10690 | loss 0.3310 (avg50: 0.3407) | lr 1.41e-04 | epoch 4 | evo 51/213 (24%) pct=0.0010 | 1.80s/step | 24637s total
  step 10700 | loss 0.3278 (avg50: 0.3403) | lr 1.41e-04 | epoch 4 | evo 51/214 (24%) pct=0.0010 | 19.67s/step | 24673s total

  📊 Eval @ step 10700: cosine_sim=0.6683
     sim_behavioral: 0.6940
     sim_complex: 0.5932
     sim_math: 0.7392
     sim_mixed: 0.6561
     sim_prose: 0.6341
     sim_sexpr: 0.7429
     evo: 214 gens, 51 accepted (23.8%), base_pct=0.0010

  step 10710 | loss 0.3452 (avg50: 0.3405) | lr 1.41e-04 | epoch 4 | evo 51/214 (24%) pct=0.0010 | 1.80s/step | 24705s total
  step 10720 | loss 0.3336 (avg50: 0.3407) | lr 1.40e-04 | epoch 4 | evo 51/214 (24%) pct=0.0010 | 1.77s/step | 24723s total
  step 10730 | loss 0.3280 (avg50: 0.3411) | lr 1.40e-04 | epoch 4 | evo 51/214 (24%) pct=0.0010 | 1.80s/step | 24741s total
  step 10740 | loss 0.3648 (avg50: 0.3404) | lr 1.40e-04 | epoch 4 | evo 51/214 (24%) pct=0.0010 | 1.80s/step | 24759s total
  step 10750 | loss 0.3556 (avg50: 0.3405) | lr 1.40e-04 | epoch 4 | evo 51/215 (24%) pct=0.0010 | 19.72s/step | 24795s total
  step 10760 | loss 0.3306 (avg50: 0.3398) | lr 1.39e-04 | epoch 4 | evo 51/215 (24%) pct=0.0010 | 1.83s/step | 24813s total
  step 10770 | loss 0.3326 (avg50: 0.3389) | lr 1.39e-04 | epoch 4 | evo 51/215 (24%) pct=0.0010 | 1.79s/step | 24831s total
  step 10780 | loss 0.3357 (avg50: 0.3376) | lr 1.39e-04 | epoch 4 | evo 51/215 (24%) pct=0.0010 | 1.94s/step | 24849s total
  step 10790 | loss 0.3568 (avg50: 0.3370) | lr 1.39e-04 | epoch 4 | evo 51/215 (24%) pct=0.0010 | 1.85s/step | 24868s total
  step 10800 | loss 0.3238 (avg50: 0.3380) | lr 1.38e-04 | epoch 4 | evo 51/216 (24%) pct=0.0010 | 19.51s/step | 24904s total

  📊 Eval @ step 10800: cosine_sim=0.6599
     sim_behavioral: 0.6749
     sim_complex: 0.5946
     sim_math: 0.7476
     sim_mixed: 0.6433
     sim_prose: 0.6334
     sim_sexpr: 0.7407
     evo: 216 gens, 51 accepted (23.6%), base_pct=0.0010

  step 10810 | loss 0.3287 (avg50: 0.3388) | lr 1.38e-04 | epoch 4 | evo 51/216 (24%) pct=0.0010 | 1.79s/step | 24936s total
  step 10820 | loss 0.3255 (avg50: 0.3394) | lr 1.38e-04 | epoch 4 | evo 51/216 (24%) pct=0.0010 | 1.82s/step | 24954s total
  step 10830 | loss 0.3528 (avg50: 0.3398) | lr 1.38e-04 | epoch 4 | evo 51/216 (24%) pct=0.0010 | 1.78s/step | 24972s total
  step 10840 | loss 0.3258 (avg50: 0.3402) | lr 1.37e-04 | epoch 4 | evo 51/216 (24%) pct=0.0010 | 1.79s/step | 24990s total
  step 10850 | loss 0.3438 (avg50: 0.3402) | lr 1.37e-04 | epoch 4 | evo 51/217 (24%) pct=0.0010 | 19.97s/step | 25026s total
  step 10860 | loss 0.3273 (avg50: 0.3399) | lr 1.37e-04 | epoch 4 | evo 51/217 (24%) pct=0.0010 | 1.78s/step | 25044s total
  step 10870 | loss 0.3406 (avg50: 0.3401) | lr 1.37e-04 | epoch 4 | evo 51/217 (24%) pct=0.0010 | 1.79s/step | 25062s total
  step 10880 | loss 0.3575 (avg50: 0.3398) | lr 1.36e-04 | epoch 4 | evo 51/217 (24%) pct=0.0010 | 1.90s/step | 25080s total
  step 10890 | loss 0.3242 (avg50: 0.3381) | lr 1.36e-04 | epoch 4 | evo 51/217 (24%) pct=0.0010 | 1.82s/step | 25099s total
  step 10900 | loss 0.3564 (avg50: 0.3377) | lr 1.36e-04 | epoch 4 | evo 52/218 (24%) pct=0.0010 | 19.92s/step | 25135s total

  📊 Eval @ step 10900: cosine_sim=0.6525
     sim_behavioral: 0.6714
     sim_complex: 0.5771
     sim_math: 0.7329
     sim_mixed: 0.6404
     sim_prose: 0.6087
     sim_sexpr: 0.7377
     evo: 218 gens, 52 accepted (23.9%), base_pct=0.0010

  step 10910 | loss 0.3395 (avg50: 0.3397) | lr 1.36e-04 | epoch 4 | evo 52/218 (24%) pct=0.0010 | 1.78s/step | 25168s total
  step 10920 | loss 0.3451 (avg50: 0.3394) | lr 1.36e-04 | epoch 4 | evo 52/218 (24%) pct=0.0010 | 1.77s/step | 25186s total
  step 10930 | loss 0.3254 (avg50: 0.3404) | lr 1.35e-04 | epoch 4 | evo 52/218 (24%) pct=0.0010 | 1.82s/step | 25204s total
  step 10940 | loss 0.3384 (avg50: 0.3419) | lr 1.35e-04 | epoch 4 | evo 52/218 (24%) pct=0.0010 | 1.81s/step | 25222s total
  step 10950 | loss 0.3220 (avg50: 0.3407) | lr 1.35e-04 | epoch 4 | evo 52/219 (24%) pct=0.0010 | 19.91s/step | 25258s total
  step 10960 | loss 0.3371 (avg50: 0.3386) | lr 1.35e-04 | epoch 4 | evo 52/219 (24%) pct=0.0010 | 1.83s/step | 25276s total
  step 10970 | loss 0.3385 (avg50: 0.3389) | lr 1.34e-04 | epoch 4 | evo 52/219 (24%) pct=0.0010 | 1.78s/step | 25294s total
  step 10980 | loss 0.3434 (avg50: 0.3391) | lr 1.34e-04 | epoch 4 | evo 52/219 (24%) pct=0.0010 | 1.79s/step | 25312s total
  step 10990 | loss 0.3154 (avg50: 0.3371) | lr 1.34e-04 | epoch 4 | evo 52/219 (24%) pct=0.0010 | 1.84s/step | 25330s total
  step 11000 | loss 0.3367 (avg50: 0.3372) | lr 1.34e-04 | epoch 4 | evo 52/220 (24%) pct=0.0010 | 19.88s/step | 25366s total

  📊 Eval @ step 11000: cosine_sim=0.6566
     sim_behavioral: 0.6843
     sim_complex: 0.5838
     sim_math: 0.7520
     sim_mixed: 0.6379
     sim_prose: 0.6266
     sim_sexpr: 0.7274
     evo: 220 gens, 52 accepted (23.6%), base_pct=0.0010


  📊 Checkpoint eval @ step 11000: cosine_sim=0.6571
     sim_behavioral: 0.6694
     sim_complex: 0.5787
     sim_math: 0.7476
     sim_mixed: 0.6450
     sim_prose: 0.6232
     sim_sexpr: 0.7321
  💾 Checkpoint saved: /Users/mwhitford/src/verbum/checkpoints/basin-v3-d512/step_011000

  step 11010 | loss 0.3577 (avg50: 0.3379) | lr 1.33e-04 | epoch 4 | evo 52/220 (24%) pct=0.0010 | 1.82s/step | 25428s total
  step 11020 | loss 0.3369 (avg50: 0.3386) | lr 1.33e-04 | epoch 4 | evo 52/220 (24%) pct=0.0010 | 1.79s/step | 25446s total
  step 11030 | loss 0.3147 (avg50: 0.3365) | lr 1.33e-04 | epoch 4 | evo 52/220 (24%) pct=0.0010 | 1.77s/step | 25464s total
  step 11040 | loss 0.3765 (avg50: 0.3393) | lr 1.33e-04 | epoch 4 | evo 52/220 (24%) pct=0.0010 | 1.85s/step | 25482s total
  step 11050 | loss 0.3481 (avg50: 0.3392) | lr 1.32e-04 | epoch 4 | evo 52/221 (24%) pct=0.0010 | 19.64s/step | 25518s total
  step 11060 | loss 0.3174 (avg50: 0.3369) | lr 1.32e-04 | epoch 4 | evo 52/221 (24%) pct=0.0010 | 1.82s/step | 25536s total
  step 11070 | loss 0.3474 (avg50: 0.3353) | lr 1.32e-04 | epoch 4 | evo 52/221 (24%) pct=0.0010 | 1.80s/step | 25554s total
  step 11080 | loss 0.3213 (avg50: 0.3358) | lr 1.32e-04 | epoch 4 | evo 52/221 (24%) pct=0.0010 | 1.77s/step | 25572s total
  step 11090 | loss 0.3749 (avg50: 0.3352) | lr 1.31e-04 | epoch 4 | evo 52/221 (24%) pct=0.0010 | 1.78s/step | 25590s total
  step 11100 | loss 0.3359 (avg50: 0.3362) | lr 1.31e-04 | epoch 4 | evo 52/222 (23%) pct=0.0010 | 19.77s/step | 25626s total

  📊 Eval @ step 11100: cosine_sim=0.6552
     sim_behavioral: 0.6644
     sim_complex: 0.5768
     sim_math: 0.7373
     sim_mixed: 0.6445
     sim_prose: 0.6295
     sim_sexpr: 0.7406
     evo: 222 gens, 52 accepted (23.4%), base_pct=0.0010

  step 11110 | loss 0.3286 (avg50: 0.3391) | lr 1.31e-04 | epoch 4 | evo 52/222 (23%) pct=0.0010 | 1.84s/step | 25659s total
  step 11120 | loss 0.3413 (avg50: 0.3405) | lr 1.31e-04 | epoch 4 | evo 52/222 (23%) pct=0.0010 | 1.85s/step | 25677s total
  step 11130 | loss 0.3429 (avg50: 0.3414) | lr 1.31e-04 | epoch 4 | evo 52/222 (23%) pct=0.0010 | 1.80s/step | 25695s total
  step 11140 | loss 0.3378 (avg50: 0.3412) | lr 1.30e-04 | epoch 4 | evo 52/222 (23%) pct=0.0010 | 1.79s/step | 25713s total
  step 11150 | loss 0.3282 (avg50: 0.3402) | lr 1.30e-04 | epoch 4 | evo 52/223 (23%) pct=0.0010 | 19.67s/step | 25749s total
  step 11160 | loss 0.3368 (avg50: 0.3383) | lr 1.30e-04 | epoch 4 | evo 52/223 (23%) pct=0.0010 | 1.77s/step | 25767s total
  step 11170 | loss 0.3368 (avg50: 0.3380) | lr 1.30e-04 | epoch 4 | evo 52/223 (23%) pct=0.0010 | 1.79s/step | 25785s total
  step 11180 | loss 0.3271 (avg50: 0.3377) | lr 1.29e-04 | epoch 4 | evo 52/223 (23%) pct=0.0010 | 1.80s/step | 25803s total
  step 11190 | loss 0.3474 (avg50: 0.3373) | lr 1.29e-04 | epoch 4 | evo 52/223 (23%) pct=0.0010 | 1.80s/step | 25821s total
  step 11200 | loss 0.3419 (avg50: 0.3381) | lr 1.29e-04 | epoch 4 | evo 53/224 (24%) pct=0.0010 | 19.77s/step | 25857s total

  📊 Eval @ step 11200: cosine_sim=0.6463
     sim_behavioral: 0.6502
     sim_complex: 0.5874
     sim_math: 0.7452
     sim_mixed: 0.6396
     sim_prose: 0.6047
     sim_sexpr: 0.7218
     evo: 224 gens, 53 accepted (23.7%), base_pct=0.0010

  step 11210 | loss 0.3577 (avg50: 0.3390) | lr 1.29e-04 | epoch 4 | evo 53/224 (24%) pct=0.0010 | 1.80s/step | 25889s total
  step 11220 | loss 0.3188 (avg50: 0.3403) | lr 1.28e-04 | epoch 4 | evo 53/224 (24%) pct=0.0010 | 1.85s/step | 25908s total
  step 11230 | loss 0.3165 (avg50: 0.3431) | lr 1.28e-04 | epoch 4 | evo 53/224 (24%) pct=0.0010 | 1.83s/step | 25926s total
  step 11240 | loss 0.3267 (avg50: 0.3423) | lr 1.28e-04 | epoch 4 | evo 53/224 (24%) pct=0.0010 | 1.84s/step | 25944s total
  step 11250 | loss 0.3305 (avg50: 0.3420) | lr 1.28e-04 | epoch 4 | evo 53/225 (24%) pct=0.0010 | 19.93s/step | 25980s total
  step 11260 | loss 0.3388 (avg50: 0.3410) | lr 1.27e-04 | epoch 4 | evo 53/225 (24%) pct=0.0010 | 1.85s/step | 25998s total
  step 11270 | loss 0.3393 (avg50: 0.3402) | lr 1.27e-04 | epoch 4 | evo 53/225 (24%) pct=0.0010 | 1.86s/step | 26016s total
  step 11280 | loss 0.3432 (avg50: 0.3380) | lr 1.27e-04 | epoch 4 | evo 53/225 (24%) pct=0.0010 | 1.83s/step | 26035s total
  step 11290 | loss 0.3394 (avg50: 0.3379) | lr 1.27e-04 | epoch 4 | evo 53/225 (24%) pct=0.0010 | 1.77s/step | 26053s total
  step 11300 | loss 0.3530 (avg50: 0.3391) | lr 1.26e-04 | epoch 4 | evo 53/226 (23%) pct=0.0010 | 20.03s/step | 26089s total

  📊 Eval @ step 11300: cosine_sim=0.6623
     sim_behavioral: 0.6699
     sim_complex: 0.5903
     sim_math: 0.7310
     sim_mixed: 0.6500
     sim_prose: 0.6297
     sim_sexpr: 0.7336
     evo: 226 gens, 53 accepted (23.5%), base_pct=0.0010

  step 11310 | loss 0.3258 (avg50: 0.3388) | lr 1.26e-04 | epoch 4 | evo 53/226 (23%) pct=0.0010 | 1.82s/step | 26121s total
  step 11320 | loss 0.3406 (avg50: 0.3375) | lr 1.26e-04 | epoch 4 | evo 53/226 (23%) pct=0.0010 | 1.77s/step | 26139s total
  step 11330 | loss 0.3533 (avg50: 0.3374) | lr 1.26e-04 | epoch 4 | evo 53/226 (23%) pct=0.0010 | 1.82s/step | 26157s total
  step 11340 | loss 0.3705 (avg50: 0.3401) | lr 1.26e-04 | epoch 4 | evo 53/226 (23%) pct=0.0010 | 1.81s/step | 26175s total
  step 11350 | loss 0.3315 (avg50: 0.3403) | lr 1.25e-04 | epoch 4 | evo 53/227 (23%) pct=0.0010 | 19.77s/step | 26211s total
  step 11360 | loss 0.3531 (avg50: 0.3406) | lr 1.25e-04 | epoch 4 | evo 53/227 (23%) pct=0.0010 | 1.78s/step | 26229s total
  step 11370 | loss 0.3609 (avg50: 0.3419) | lr 1.25e-04 | epoch 4 | evo 53/227 (23%) pct=0.0010 | 1.78s/step | 26247s total
  step 11380 | loss 0.3281 (avg50: 0.3421) | lr 1.25e-04 | epoch 4 | evo 53/227 (23%) pct=0.0010 | 1.84s/step | 26265s total
  step 11390 | loss 0.3406 (avg50: 0.3400) | lr 1.24e-04 | epoch 4 | evo 53/227 (23%) pct=0.0010 | 1.82s/step | 26283s total
  step 11400 | loss 0.3238 (avg50: 0.3399) | lr 1.24e-04 | epoch 4 | evo 53/228 (23%) pct=0.0010 | 19.89s/step | 26320s total

  📊 Eval @ step 11400: cosine_sim=0.6625
     sim_behavioral: 0.6757
     sim_complex: 0.5870
     sim_math: 0.7240
     sim_mixed: 0.6576
     sim_prose: 0.6282
     sim_sexpr: 0.7398
     evo: 228 gens, 53 accepted (23.2%), base_pct=0.0010

  step 11410 | loss 0.3292 (avg50: 0.3411) | lr 1.24e-04 | epoch 4 | evo 53/228 (23%) pct=0.0010 | 1.83s/step | 26352s total
  step 11420 | loss 0.3386 (avg50: 0.3404) | lr 1.24e-04 | epoch 4 | evo 53/228 (23%) pct=0.0010 | 1.83s/step | 26370s total
  step 11430 | loss 0.3655 (avg50: 0.3427) | lr 1.23e-04 | epoch 4 | evo 53/228 (23%) pct=0.0010 | 1.79s/step | 26388s total
  step 11440 | loss 0.3376 (avg50: 0.3428) | lr 1.23e-04 | epoch 4 | evo 53/228 (23%) pct=0.0010 | 1.77s/step | 26407s total
  step 11450 | loss 0.3286 (avg50: 0.3405) | lr 1.23e-04 | epoch 4 | evo 53/229 (23%) pct=0.0010 | 20.09s/step | 26443s total
  step 11460 | loss 0.3426 (avg50: 0.3394) | lr 1.23e-04 | epoch 4 | evo 53/229 (23%) pct=0.0010 | 1.80s/step | 26461s total
  step 11470 | loss 0.3650 (avg50: 0.3408) | lr 1.22e-04 | epoch 4 | evo 53/229 (23%) pct=0.0010 | 1.78s/step | 26479s total
  step 11480 | loss 0.3463 (avg50: 0.3390) | lr 1.22e-04 | epoch 4 | evo 53/229 (23%) pct=0.0010 | 1.79s/step | 26497s total
  step 11490 | loss 0.3261 (avg50: 0.3380) | lr 1.22e-04 | epoch 4 | evo 53/229 (23%) pct=0.0010 | 1.79s/step | 26515s total
  step 11500 | loss 0.3275 (avg50: 0.3386) | lr 1.22e-04 | epoch 4 | evo 53/230 (23%) pct=0.0010 | 19.82s/step | 26551s total

  📊 Eval @ step 11500: cosine_sim=0.6651
     sim_behavioral: 0.6778
     sim_complex: 0.5721
     sim_math: 0.7337
     sim_mixed: 0.6521
     sim_prose: 0.6520
     sim_sexpr: 0.7363
     evo: 230 gens, 53 accepted (23.0%), base_pct=0.0010

  step 11510 | loss 0.3349 (avg50: 0.3373) | lr 1.22e-04 | epoch 4 | evo 53/230 (23%) pct=0.0010 | 1.79s/step | 26583s total
  step 11520 | loss 0.3334 (avg50: 0.3355) | lr 1.21e-04 | epoch 4 | evo 53/230 (23%) pct=0.0010 | 1.83s/step | 26601s total
  step 11530 | loss 0.3494 (avg50: 0.3344) | lr 1.21e-04 | epoch 4 | evo 53/230 (23%) pct=0.0010 | 1.79s/step | 26619s total
  step 11540 | loss 0.3535 (avg50: 0.3363) | lr 1.21e-04 | epoch 4 | evo 53/230 (23%) pct=0.0010 | 1.82s/step | 26637s total
  step 11550 | loss 0.3630 (avg50: 0.3372) | lr 1.21e-04 | epoch 4 | evo 53/231 (23%) pct=0.0010 | 19.75s/step | 26673s total
  step 11560 | loss 0.3403 (avg50: 0.3387) | lr 1.20e-04 | epoch 4 | evo 53/231 (23%) pct=0.0010 | 1.79s/step | 26692s total
  step 11570 | loss 0.3533 (avg50: 0.3386) | lr 1.20e-04 | epoch 4 | evo 53/231 (23%) pct=0.0010 | 1.80s/step | 26710s total
  step 11580 | loss 0.3715 (avg50: 0.3390) | lr 1.20e-04 | epoch 4 | evo 53/231 (23%) pct=0.0010 | 1.83s/step | 26728s total
  step 11590 | loss 0.3378 (avg50: 0.3368) | lr 1.20e-04 | epoch 4 | evo 53/231 (23%) pct=0.0010 | 1.82s/step | 26746s total
  step 11600 | loss 0.3475 (avg50: 0.3366) | lr 1.19e-04 | epoch 4 | evo 54/232 (23%) pct=0.0010 | 19.92s/step | 26782s total

  📊 Eval @ step 11600: cosine_sim=0.6632
     sim_behavioral: 0.6720
     sim_complex: 0.5920
     sim_math: 0.7261
     sim_mixed: 0.6378
     sim_prose: 0.6347
     sim_sexpr: 0.7334
     evo: 232 gens, 54 accepted (23.3%), base_pct=0.0010

  step 11610 | loss 0.3193 (avg50: 0.3374) | lr 1.19e-04 | epoch 4 | evo 54/232 (23%) pct=0.0010 | 1.80s/step | 26815s total
  step 11620 | loss 0.3609 (avg50: 0.3391) | lr 1.19e-04 | epoch 4 | evo 54/232 (23%) pct=0.0010 | 1.81s/step | 26833s total
  step 11630 | loss 0.3309 (avg50: 0.3401) | lr 1.19e-04 | epoch 4 | evo 54/232 (23%) pct=0.0010 | 1.84s/step | 26851s total
  step 11640 | loss 0.3159 (avg50: 0.3390) | lr 1.19e-04 | epoch 4 | evo 54/232 (23%) pct=0.0010 | 1.83s/step | 26870s total
  step 11650 | loss 0.3624 (avg50: 0.3404) | lr 1.18e-04 | epoch 4 | evo 54/233 (23%) pct=0.0010 | 19.93s/step | 26906s total
  step 11660 | loss 0.3475 (avg50: 0.3389) | lr 1.18e-04 | epoch 4 | evo 54/233 (23%) pct=0.0010 | 1.85s/step | 26924s total
  step 11670 | loss 0.3275 (avg50: 0.3383) | lr 1.18e-04 | epoch 4 | evo 54/233 (23%) pct=0.0010 | 1.82s/step | 26942s total
  step 11680 | loss 0.3469 (avg50: 0.3373) | lr 1.18e-04 | epoch 4 | evo 54/233 (23%) pct=0.0010 | 1.84s/step | 26961s total
  step 11690 | loss 0.3430 (avg50: 0.3397) | lr 1.17e-04 | epoch 4 | evo 54/233 (23%) pct=0.0010 | 1.82s/step | 26979s total
  step 11700 | loss 0.3400 (avg50: 0.3394) | lr 1.17e-04 | epoch 4 | evo 54/234 (23%) pct=0.0010 | 19.95s/step | 27015s total

  📊 Eval @ step 11700: cosine_sim=0.6702
     sim_behavioral: 0.6896
     sim_complex: 0.6004
     sim_math: 0.7326
     sim_mixed: 0.6565
     sim_prose: 0.6405
     sim_sexpr: 0.7539
     evo: 234 gens, 54 accepted (23.1%), base_pct=0.0010

  step 11710 | loss 0.3140 (avg50: 0.3387) | lr 1.17e-04 | epoch 4 | evo 54/234 (23%) pct=0.0010 | 1.81s/step | 27048s total
  step 11720 | loss 0.3336 (avg50: 0.3373) | lr 1.17e-04 | epoch 4 | evo 54/234 (23%) pct=0.0010 | 1.85s/step | 27066s total
  step 11730 | loss 0.3368 (avg50: 0.3372) | lr 1.16e-04 | epoch 4 | evo 54/234 (23%) pct=0.0010 | 1.80s/step | 27084s total
  step 11740 | loss 0.3274 (avg50: 0.3360) | lr 1.16e-04 | epoch 4 | evo 54/234 (23%) pct=0.0010 | 1.81s/step | 27102s total
  step 11750 | loss 0.3438 (avg50: 0.3340) | lr 1.16e-04 | epoch 4 | evo 54/235 (23%) pct=0.0010 | 19.84s/step | 27139s total
  step 11760 | loss 0.3183 (avg50: 0.3352) | lr 1.16e-04 | epoch 4 | evo 54/235 (23%) pct=0.0010 | 1.79s/step | 27157s total
  step 11770 | loss 0.3625 (avg50: 0.3354) | lr 1.15e-04 | epoch 4 | evo 54/235 (23%) pct=0.0010 | 1.83s/step | 27175s total
  step 11780 | loss 0.3392 (avg50: 0.3352) | lr 1.15e-04 | epoch 4 | evo 54/235 (23%) pct=0.0010 | 1.78s/step | 27193s total
  step 11790 | loss 0.3380 (avg50: 0.3365) | lr 1.15e-04 | epoch 4 | evo 54/235 (23%) pct=0.0010 | 1.83s/step | 27211s total
  step 11800 | loss 0.3406 (avg50: 0.3376) | lr 1.15e-04 | epoch 4 | evo 54/236 (23%) pct=0.0010 | 19.94s/step | 27247s total

  📊 Eval @ step 11800: cosine_sim=0.6478
     sim_behavioral: 0.6744
     sim_complex: 0.5715
     sim_math: 0.7376
     sim_mixed: 0.6183
     sim_prose: 0.6269
     sim_sexpr: 0.7275
     evo: 236 gens, 54 accepted (22.9%), base_pct=0.0010

  step 11810 | loss 0.3358 (avg50: 0.3385) | lr 1.15e-04 | epoch 4 | evo 54/236 (23%) pct=0.0010 | 1.86s/step | 27280s total
  step 11820 | loss 0.3517 (avg50: 0.3377) | lr 1.14e-04 | epoch 4 | evo 54/236 (23%) pct=0.0010 | 1.81s/step | 27299s total
  step 11830 | loss 0.3461 (avg50: 0.3372) | lr 1.14e-04 | epoch 4 | evo 54/236 (23%) pct=0.0010 | 1.82s/step | 27317s total
  step 11840 | loss 0.3128 (avg50: 0.3372) | lr 1.14e-04 | epoch 4 | evo 54/236 (23%) pct=0.0010 | 1.87s/step | 27335s total
  step 11850 | loss 0.3394 (avg50: 0.3380) | lr 1.14e-04 | epoch 4 | evo 54/237 (23%) pct=0.0010 | 20.09s/step | 27372s total
  step 11860 | loss 0.3473 (avg50: 0.3391) | lr 1.13e-04 | epoch 4 | evo 54/237 (23%) pct=0.0010 | 1.84s/step | 27390s total
  step 11870 | loss 0.3111 (avg50: 0.3404) | lr 1.13e-04 | epoch 4 | evo 54/237 (23%) pct=0.0010 | 1.78s/step | 27408s total
  step 11880 | loss 0.3442 (avg50: 0.3417) | lr 1.13e-04 | epoch 5 | evo 54/237 (23%) pct=0.0010 | 1.83s/step | 27426s total
  step 11890 | loss 0.3460 (avg50: 0.3426) | lr 1.13e-04 | epoch 5 | evo 54/237 (23%) pct=0.0010 | 1.79s/step | 27445s total
  step 11900 | loss 0.3411 (avg50: 0.3414) | lr 1.12e-04 | epoch 5 | evo 54/238 (23%) pct=0.0010 | 20.14s/step | 27481s total

  📊 Eval @ step 11900: cosine_sim=0.6608
     sim_behavioral: 0.6810
     sim_complex: 0.5873
     sim_math: 0.7511
     sim_mixed: 0.6466
     sim_prose: 0.6273
     sim_sexpr: 0.7384
     evo: 238 gens, 54 accepted (22.7%), base_pct=0.0010

  step 11910 | loss 0.3207 (avg50: 0.3387) | lr 1.12e-04 | epoch 5 | evo 54/238 (23%) pct=0.0010 | 1.85s/step | 27515s total
  step 11920 | loss 0.3239 (avg50: 0.3375) | lr 1.12e-04 | epoch 5 | evo 54/238 (23%) pct=0.0010 | 1.80s/step | 27533s total
  step 11930 | loss 0.3345 (avg50: 0.3363) | lr 1.12e-04 | epoch 5 | evo 54/238 (23%) pct=0.0010 | 1.81s/step | 27552s total
  step 11940 | loss 0.3377 (avg50: 0.3356) | lr 1.12e-04 | epoch 5 | evo 54/238 (23%) pct=0.0010 | 1.84s/step | 27570s total
  step 11950 | loss 0.3555 (avg50: 0.3354) | lr 1.11e-04 | epoch 5 | evo 54/239 (23%) pct=0.0010 | 20.10s/step | 27607s total
  step 11960 | loss 0.3340 (avg50: 0.3364) | lr 1.11e-04 | epoch 5 | evo 54/239 (23%) pct=0.0010 | 1.83s/step | 27625s total
  step 11970 | loss 0.3264 (avg50: 0.3375) | lr 1.11e-04 | epoch 5 | evo 54/239 (23%) pct=0.0010 | 1.86s/step | 27644s total
  step 11980 | loss 0.3475 (avg50: 0.3368) | lr 1.11e-04 | epoch 5 | evo 54/239 (23%) pct=0.0010 | 1.86s/step | 27662s total
  step 11990 | loss 0.3367 (avg50: 0.3369) | lr 1.10e-04 | epoch 5 | evo 54/239 (23%) pct=0.0010 | 1.84s/step | 27681s total
  step 12000 | loss 0.3251 (avg50: 0.3361) | lr 1.10e-04 | epoch 5 | evo 54/240 (22%) pct=0.0010 | 20.00s/step | 27717s total

  📊 Eval @ step 12000: cosine_sim=0.6690
     sim_behavioral: 0.6791
     sim_complex: 0.5823
     sim_math: 0.7517
     sim_mixed: 0.6656
     sim_prose: 0.6295
     sim_sexpr: 0.7328
     evo: 240 gens, 54 accepted (22.5%), base_pct=0.0010


  📊 Checkpoint eval @ step 12000: cosine_sim=0.6594
     sim_behavioral: 0.6749
     sim_complex: 0.5957
     sim_math: 0.7458
     sim_mixed: 0.6435
     sim_prose: 0.6229
     sim_sexpr: 0.7328
  💾 Checkpoint saved: /Users/mwhitford/src/verbum/checkpoints/basin-v3-d512/step_012000

  step 12010 | loss 0.3236 (avg50: 0.3370) | lr 1.10e-04 | epoch 5 | evo 54/240 (22%) pct=0.0010 | 1.84s/step | 27779s total
  step 12020 | loss 0.3379 (avg50: 0.3368) | lr 1.10e-04 | epoch 5 | evo 54/240 (22%) pct=0.0010 | 1.84s/step | 27798s total
  step 12030 | loss 0.3576 (avg50: 0.3381) | lr 1.09e-04 | epoch 5 | evo 54/240 (22%) pct=0.0010 | 1.80s/step | 27816s total
  step 12040 | loss 0.3626 (avg50: 0.3394) | lr 1.09e-04 | epoch 5 | evo 54/240 (22%) pct=0.0010 | 1.84s/step | 27834s total
  step 12050 | loss 0.3255 (avg50: 0.3381) | lr 1.09e-04 | epoch 5 | evo 54/241 (22%) pct=0.0010 | 20.18s/step | 27871s total
  step 12060 | loss 0.3461 (avg50: 0.3372) | lr 1.09e-04 | epoch 5 | evo 54/241 (22%) pct=0.0010 | 1.84s/step | 27889s total
  step 12070 | loss 0.3308 (avg50: 0.3379) | lr 1.09e-04 | epoch 5 | evo 54/241 (22%) pct=0.0010 | 1.83s/step | 27908s total
  step 12080 | loss 0.3268 (avg50: 0.3377) | lr 1.08e-04 | epoch 5 | evo 54/241 (22%) pct=0.0010 | 1.78s/step | 27926s total
  step 12090 | loss 0.3130 (avg50: 0.3356) | lr 1.08e-04 | epoch 5 | evo 54/241 (22%) pct=0.0010 | 1.85s/step | 27944s total
  step 12100 | loss 0.3085 (avg50: 0.3364) | lr 1.08e-04 | epoch 5 | evo 54/242 (22%) pct=0.0010 | 20.09s/step | 27981s total

  📊 Eval @ step 12100: cosine_sim=0.6728
     sim_behavioral: 0.6871
     sim_complex: 0.6015
     sim_math: 0.7503
     sim_mixed: 0.6534
     sim_prose: 0.6350
     sim_sexpr: 0.7528
     evo: 242 gens, 54 accepted (22.3%), base_pct=0.0010

  step 12110 | loss 0.3315 (avg50: 0.3364) | lr 1.08e-04 | epoch 5 | evo 54/242 (22%) pct=0.0010 | 1.87s/step | 28014s total
  step 12120 | loss 0.3399 (avg50: 0.3343) | lr 1.07e-04 | epoch 5 | evo 54/242 (22%) pct=0.0010 | 1.83s/step | 28032s total
  step 12130 | loss 0.3348 (avg50: 0.3341) | lr 1.07e-04 | epoch 5 | evo 54/242 (22%) pct=0.0010 | 1.85s/step | 28051s total
  step 12140 | loss 0.3555 (avg50: 0.3330) | lr 1.07e-04 | epoch 5 | evo 54/242 (22%) pct=0.0010 | 1.78s/step | 28069s total
  step 12150 | loss 0.3523 (avg50: 0.3335) | lr 1.07e-04 | epoch 5 | evo 54/243 (22%) pct=0.0010 | 19.88s/step | 28106s total
  step 12160 | loss 0.3192 (avg50: 0.3343) | lr 1.07e-04 | epoch 5 | evo 54/243 (22%) pct=0.0010 | 1.82s/step | 28124s total
  step 12170 | loss 0.3238 (avg50: 0.3345) | lr 1.06e-04 | epoch 5 | evo 54/243 (22%) pct=0.0010 | 1.86s/step | 28142s total
  step 12180 | loss 0.3414 (avg50: 0.3350) | lr 1.06e-04 | epoch 5 | evo 54/243 (22%) pct=0.0010 | 1.82s/step | 28161s total
  step 12190 | loss 0.3463 (avg50: 0.3369) | lr 1.06e-04 | epoch 5 | evo 54/243 (22%) pct=0.0010 | 1.82s/step | 28179s total
  step 12200 | loss 0.3478 (avg50: 0.3380) | lr 1.06e-04 | epoch 5 | evo 54/244 (22%) pct=0.0010 | 20.19s/step | 28216s total

  📊 Eval @ step 12200: cosine_sim=0.6616
     sim_behavioral: 0.6873
     sim_complex: 0.5811
     sim_math: 0.7489
     sim_mixed: 0.6493
     sim_prose: 0.6286
     sim_sexpr: 0.7298
     evo: 244 gens, 54 accepted (22.1%), base_pct=0.0010

  step 12210 | loss 0.3518 (avg50: 0.3357) | lr 1.05e-04 | epoch 5 | evo 54/244 (22%) pct=0.0010 | 1.81s/step | 28248s total
  step 12220 | loss 0.3527 (avg50: 0.3377) | lr 1.05e-04 | epoch 5 | evo 54/244 (22%) pct=0.0010 | 1.82s/step | 28267s total
  step 12230 | loss 0.3551 (avg50: 0.3381) | lr 1.05e-04 | epoch 5 | evo 54/244 (22%) pct=0.0010 | 1.81s/step | 28285s total
  step 12240 | loss 0.3375 (avg50: 0.3369) | lr 1.05e-04 | epoch 5 | evo 54/244 (22%) pct=0.0010 | 1.85s/step | 28303s total
  step 12250 | loss 0.3267 (avg50: 0.3350) | lr 1.04e-04 | epoch 5 | evo 54/245 (22%) pct=0.0010 | 19.99s/step | 28340s total
  step 12260 | loss 0.3273 (avg50: 0.3358) | lr 1.04e-04 | epoch 5 | evo 54/245 (22%) pct=0.0010 | 1.88s/step | 28358s total
  step 12270 | loss 0.3406 (avg50: 0.3358) | lr 1.04e-04 | epoch 5 | evo 54/245 (22%) pct=0.0010 | 1.84s/step | 28376s total
  step 12280 | loss 0.3427 (avg50: 0.3341) | lr 1.04e-04 | epoch 5 | evo 54/245 (22%) pct=0.0010 | 1.84s/step | 28395s total
  step 12290 | loss 0.3304 (avg50: 0.3338) | lr 1.04e-04 | epoch 5 | evo 54/245 (22%) pct=0.0010 | 1.81s/step | 28413s total
  step 12300 | loss 0.3129 (avg50: 0.3352) | lr 1.03e-04 | epoch 5 | evo 54/246 (22%) pct=0.0010 | 20.26s/step | 28450s total

  📊 Eval @ step 12300: cosine_sim=0.6639
     sim_behavioral: 0.6820
     sim_complex: 0.6095
     sim_math: 0.7512
     sim_mixed: 0.6440
     sim_prose: 0.6256
     sim_sexpr: 0.7260
     evo: 246 gens, 54 accepted (22.0%), base_pct=0.0010

  step 12310 | loss 0.3432 (avg50: 0.3364) | lr 1.03e-04 | epoch 5 | evo 54/246 (22%) pct=0.0010 | 1.87s/step | 28483s total
  step 12320 | loss 0.3249 (avg50: 0.3348) | lr 1.03e-04 | epoch 5 | evo 54/246 (22%) pct=0.0010 | 1.86s/step | 28501s total
  step 12330 | loss 0.3085 (avg50: 0.3341) | lr 1.03e-04 | epoch 5 | evo 54/246 (22%) pct=0.0010 | 1.82s/step | 28519s total
  step 12340 | loss 0.3125 (avg50: 0.3340) | lr 1.02e-04 | epoch 5 | evo 54/246 (22%) pct=0.0010 | 1.86s/step | 28538s total
  step 12350 | loss 0.3364 (avg50: 0.3336) | lr 1.02e-04 | epoch 5 | evo 54/247 (22%) pct=0.0010 | 19.90s/step | 28574s total
  step 12360 | loss 0.3233 (avg50: 0.3331) | lr 1.02e-04 | epoch 5 | evo 54/247 (22%) pct=0.0010 | 1.82s/step | 28593s total
  step 12370 | loss 0.3478 (avg50: 0.3346) | lr 1.02e-04 | epoch 5 | evo 54/247 (22%) pct=0.0010 | 1.82s/step | 28611s total
  step 12380 | loss 0.3438 (avg50: 0.3365) | lr 1.02e-04 | epoch 5 | evo 54/247 (22%) pct=0.0010 | 1.88s/step | 28630s total
  step 12390 | loss 0.3466 (avg50: 0.3370) | lr 1.01e-04 | epoch 5 | evo 54/247 (22%) pct=0.0010 | 1.88s/step | 28648s total
  step 12400 | loss 0.3734 (avg50: 0.3389) | lr 1.01e-04 | epoch 5 | evo 55/248 (22%) pct=0.0010 | 20.15s/step | 28685s total

  📊 Eval @ step 12400: cosine_sim=0.6619
     sim_behavioral: 0.6689
     sim_complex: 0.5934
     sim_math: 0.7389
     sim_mixed: 0.6503
     sim_prose: 0.6215
     sim_sexpr: 0.7401
     evo: 248 gens, 55 accepted (22.2%), base_pct=0.0010

  step 12410 | loss 0.3737 (avg50: 0.3402) | lr 1.01e-04 | epoch 5 | evo 55/248 (22%) pct=0.0010 | 1.84s/step | 28718s total
  step 12420 | loss 0.3289 (avg50: 0.3398) | lr 1.01e-04 | epoch 5 | evo 55/248 (22%) pct=0.0010 | 1.86s/step | 28736s total
  step 12430 | loss 0.3244 (avg50: 0.3394) | lr 1.00e-04 | epoch 5 | evo 55/248 (22%) pct=0.0010 | 1.85s/step | 28755s total
  step 12440 | loss 0.3352 (avg50: 0.3400) | lr 1.00e-04 | epoch 5 | evo 55/248 (22%) pct=0.0010 | 1.84s/step | 28773s total
  step 12450 | loss 0.3630 (avg50: 0.3406) | lr 1.00e-04 | epoch 5 | evo 55/249 (22%) pct=0.0010 | 20.21s/step | 28810s total
  step 12460 | loss 0.3525 (avg50: 0.3384) | lr 9.97e-05 | epoch 5 | evo 55/249 (22%) pct=0.0010 | 1.87s/step | 28829s total
  step 12470 | loss 0.3133 (avg50: 0.3380) | lr 9.95e-05 | epoch 5 | evo 55/249 (22%) pct=0.0010 | 1.85s/step | 28847s total
  step 12480 | loss 0.3550 (avg50: 0.3374) | lr 9.93e-05 | epoch 5 | evo 55/249 (22%) pct=0.0010 | 1.79s/step | 28866s total
  step 12490 | loss 0.3314 (avg50: 0.3396) | lr 9.91e-05 | epoch 5 | evo 55/249 (22%) pct=0.0010 | 1.87s/step | 28884s total
  step 12500 | loss 0.3215 (avg50: 0.3383) | lr 9.88e-05 | epoch 5 | evo 55/250 (22%) pct=0.0010 | 20.36s/step | 28921s total

  📊 Eval @ step 12500: cosine_sim=0.6676
     sim_behavioral: 0.6780
     sim_complex: 0.5968
     sim_math: 0.7477
     sim_mixed: 0.6251
     sim_prose: 0.6463
     sim_sexpr: 0.7371
     evo: 250 gens, 55 accepted (22.0%), base_pct=0.0010

  step 12510 | loss 0.3370 (avg50: 0.3403) | lr 9.86e-05 | epoch 5 | evo 55/250 (22%) pct=0.0010 | 1.86s/step | 28955s total
  step 12520 | loss 0.3452 (avg50: 0.3414) | lr 9.84e-05 | epoch 5 | evo 55/250 (22%) pct=0.0010 | 1.86s/step | 28974s total
  step 12530 | loss 0.3820 (avg50: 0.3430) | lr 9.82e-05 | epoch 5 | evo 55/250 (22%) pct=0.0010 | 1.87s/step | 28992s total
  step 12540 | loss 0.3519 (avg50: 0.3397) | lr 9.79e-05 | epoch 5 | evo 55/250 (22%) pct=0.0010 | 1.88s/step | 29011s total
  step 12550 | loss 0.3065 (avg50: 0.3381) | lr 9.77e-05 | epoch 5 | evo 55/251 (22%) pct=0.0010 | 20.26s/step | 29048s total
  step 12560 | loss 0.3656 (avg50: 0.3376) | lr 9.75e-05 | epoch 5 | evo 55/251 (22%) pct=0.0010 | 1.87s/step | 29066s total
  step 12570 | loss 0.3546 (avg50: 0.3360) | lr 9.73e-05 | epoch 5 | evo 55/251 (22%) pct=0.0010 | 1.87s/step | 29085s total
  step 12580 | loss 0.3366 (avg50: 0.3346) | lr 9.71e-05 | epoch 5 | evo 55/251 (22%) pct=0.0010 | 1.82s/step | 29104s total
  step 12590 | loss 0.3305 (avg50: 0.3362) | lr 9.68e-05 | epoch 5 | evo 55/251 (22%) pct=0.0010 | 1.88s/step | 29122s total
  step 12600 | loss 0.3302 (avg50: 0.3348) | lr 9.66e-05 | epoch 5 | evo 55/252 (22%) pct=0.0010 | 20.37s/step | 29160s total

  📊 Eval @ step 12600: cosine_sim=0.6570
     sim_behavioral: 0.6732
     sim_complex: 0.5977
     sim_math: 0.7620
     sim_mixed: 0.6468
     sim_prose: 0.6234
     sim_sexpr: 0.7254
     evo: 252 gens, 55 accepted (21.8%), base_pct=0.0010

  step 12610 | loss 0.3524 (avg50: 0.3336) | lr 9.64e-05 | epoch 5 | evo 55/252 (22%) pct=0.0010 | 1.83s/step | 29192s total
  step 12620 | loss 0.3505 (avg50: 0.3340) | lr 9.62e-05 | epoch 5 | evo 55/252 (22%) pct=0.0010 | 1.90s/step | 29211s total
  step 12630 | loss 0.3335 (avg50: 0.3363) | lr 9.59e-05 | epoch 5 | evo 55/252 (22%) pct=0.0010 | 1.88s/step | 29230s total
  step 12640 | loss 0.3469 (avg50: 0.3370) | lr 9.57e-05 | epoch 5 | evo 55/252 (22%) pct=0.0010 | 1.81s/step | 29248s total
  step 12650 | loss 0.3323 (avg50: 0.3395) | lr 9.55e-05 | epoch 5 | evo 55/253 (22%) pct=0.0010 | 20.37s/step | 29285s total
  step 12660 | loss 0.3616 (avg50: 0.3402) | lr 9.53e-05 | epoch 5 | evo 55/253 (22%) pct=0.0010 | 1.87s/step | 29304s total
  step 12670 | loss 0.3467 (avg50: 0.3419) | lr 9.51e-05 | epoch 5 | evo 55/253 (22%) pct=0.0010 | 1.83s/step | 29322s total
  step 12680 | loss 0.3152 (avg50: 0.3400) | lr 9.48e-05 | epoch 5 | evo 55/253 (22%) pct=0.0010 | 1.81s/step | 29341s total
  step 12690 | loss 0.3625 (avg50: 0.3409) | lr 9.46e-05 | epoch 5 | evo 55/253 (22%) pct=0.0010 | 1.88s/step | 29360s total
  step 12700 | loss 0.3199 (avg50: 0.3393) | lr 9.44e-05 | epoch 5 | evo 55/254 (22%) pct=0.0010 | 19.91s/step | 29396s total

  📊 Eval @ step 12700: cosine_sim=0.6687
     sim_behavioral: 0.6755
     sim_complex: 0.6068
     sim_math: 0.7490
     sim_mixed: 0.6569
     sim_prose: 0.6330
     sim_sexpr: 0.7440
     evo: 254 gens, 55 accepted (21.7%), base_pct=0.0010

  step 12710 | loss 0.3191 (avg50: 0.3372) | lr 9.42e-05 | epoch 5 | evo 55/254 (22%) pct=0.0010 | 1.83s/step | 29429s total
  step 12720 | loss 0.3299 (avg50: 0.3348) | lr 9.40e-05 | epoch 5 | evo 55/254 (22%) pct=0.0010 | 1.88s/step | 29448s total
  step 12730 | loss 0.3601 (avg50: 0.3367) | lr 9.37e-05 | epoch 5 | evo 55/254 (22%) pct=0.0010 | 1.86s/step | 29466s total
  step 12740 | loss 0.3267 (avg50: 0.3340) | lr 9.35e-05 | epoch 5 | evo 55/254 (22%) pct=0.0010 | 1.85s/step | 29485s total
  step 12750 | loss 0.3321 (avg50: 0.3364) | lr 9.33e-05 | epoch 5 | evo 55/255 (22%) pct=0.0010 | 20.55s/step | 29523s total
  step 12760 | loss 0.3202 (avg50: 0.3374) | lr 9.31e-05 | epoch 5 | evo 55/255 (22%) pct=0.0010 | 1.85s/step | 29542s total
  step 12770 | loss 0.3441 (avg50: 0.3380) | lr 9.29e-05 | epoch 5 | evo 55/255 (22%) pct=0.0010 | 1.78s/step | 29560s total
  step 12780 | loss 0.3490 (avg50: 0.3346) | lr 9.26e-05 | epoch 5 | evo 55/255 (22%) pct=0.0010 | 1.85s/step | 29578s total
  step 12790 | loss 0.3344 (avg50: 0.3348) | lr 9.24e-05 | epoch 5 | evo 55/255 (22%) pct=0.0010 | 1.81s/step | 29596s total
  step 12800 | loss 0.3444 (avg50: 0.3336) | lr 9.22e-05 | epoch 5 | evo 55/256 (21%) pct=0.0010 | 20.11s/step | 29633s total

  📊 Eval @ step 12800: cosine_sim=0.6650
     sim_behavioral: 0.6813
     sim_complex: 0.5968
     sim_math: 0.7467
     sim_mixed: 0.6617
     sim_prose: 0.6389
     sim_sexpr: 0.7270
     evo: 256 gens, 55 accepted (21.5%), base_pct=0.0010

  step 12810 | loss 0.3284 (avg50: 0.3337) | lr 9.20e-05 | epoch 5 | evo 55/256 (21%) pct=0.0010 | 1.87s/step | 29666s total
  step 12820 | loss 0.3239 (avg50: 0.3334) | lr 9.18e-05 | epoch 5 | evo 55/256 (21%) pct=0.0010 | 1.82s/step | 29684s total
  step 12830 | loss 0.3510 (avg50: 0.3354) | lr 9.15e-05 | epoch 5 | evo 55/256 (21%) pct=0.0010 | 1.82s/step | 29702s total
  step 12840 | loss 0.3428 (avg50: 0.3363) | lr 9.13e-05 | epoch 5 | evo 55/256 (21%) pct=0.0010 | 1.86s/step | 29721s total
  step 12850 | loss 0.3338 (avg50: 0.3362) | lr 9.11e-05 | epoch 5 | evo 56/257 (22%) pct=0.0010 | 19.89s/step | 29758s total
  step 12860 | loss 0.3510 (avg50: 0.3377) | lr 9.09e-05 | epoch 5 | evo 56/257 (22%) pct=0.0010 | 1.85s/step | 29776s total
  step 12870 | loss 0.3546 (avg50: 0.3415) | lr 9.07e-05 | epoch 5 | evo 56/257 (22%) pct=0.0010 | 1.85s/step | 29794s total
  step 12880 | loss 0.3482 (avg50: 0.3401) | lr 9.04e-05 | epoch 5 | evo 56/257 (22%) pct=0.0010 | 1.85s/step | 29813s total
  step 12890 | loss 0.3371 (avg50: 0.3399) | lr 9.02e-05 | epoch 5 | evo 56/257 (22%) pct=0.0010 | 1.81s/step | 29831s total
  step 12900 | loss 0.3560 (avg50: 0.3409) | lr 9.00e-05 | epoch 5 | evo 57/258 (22%) pct=0.0010 | 20.31s/step | 29868s total

  📊 Eval @ step 12900: cosine_sim=0.6321
     sim_behavioral: 0.6566
     sim_complex: 0.5661
     sim_math: 0.7238
     sim_mixed: 0.6208
     sim_prose: 0.5953
     sim_sexpr: 0.7049
     evo: 258 gens, 57 accepted (22.1%), base_pct=0.0010

  step 12910 | loss 0.3618 (avg50: 0.3415) | lr 8.98e-05 | epoch 5 | evo 57/258 (22%) pct=0.0010 | 1.81s/step | 29901s total
  step 12920 | loss 0.3351 (avg50: 0.3404) | lr 8.96e-05 | epoch 5 | evo 57/258 (22%) pct=0.0010 | 1.82s/step | 29919s total
  step 12930 | loss 0.3536 (avg50: 0.3423) | lr 8.94e-05 | epoch 5 | evo 57/258 (22%) pct=0.0010 | 1.86s/step | 29938s total
  step 12940 | loss 0.3550 (avg50: 0.3406) | lr 8.91e-05 | epoch 5 | evo 57/258 (22%) pct=0.0010 | 1.85s/step | 29956s total
  step 12950 | loss 0.3211 (avg50: 0.3395) | lr 8.89e-05 | epoch 5 | evo 57/259 (22%) pct=0.0010 | 20.26s/step | 29993s total
  step 12960 | loss 0.3311 (avg50: 0.3377) | lr 8.87e-05 | epoch 5 | evo 57/259 (22%) pct=0.0010 | 1.83s/step | 30011s total
  step 12970 | loss 0.3439 (avg50: 0.3358) | lr 8.85e-05 | epoch 5 | evo 57/259 (22%) pct=0.0010 | 1.86s/step | 30030s total
  step 12980 | loss 0.3477 (avg50: 0.3345) | lr 8.83e-05 | epoch 5 | evo 57/259 (22%) pct=0.0010 | 1.89s/step | 30048s total
  step 12990 | loss 0.3369 (avg50: 0.3367) | lr 8.81e-05 | epoch 5 | evo 57/259 (22%) pct=0.0010 | 1.84s/step | 30067s total
  step 13000 | loss 0.3626 (avg50: 0.3372) | lr 8.78e-05 | epoch 5 | evo 57/260 (22%) pct=0.0010 | 20.43s/step | 30104s total

  📊 Eval @ step 13000: cosine_sim=0.6622
     sim_behavioral: 0.6816
     sim_complex: 0.5815
     sim_math: 0.7349
     sim_mixed: 0.6493
     sim_prose: 0.6210
     sim_sexpr: 0.7304
     evo: 260 gens, 57 accepted (21.9%), base_pct=0.0010


  📊 Checkpoint eval @ step 13000: cosine_sim=0.6659
     sim_behavioral: 0.6806
     sim_complex: 0.5877
     sim_math: 0.7528
     sim_mixed: 0.6519
     sim_prose: 0.6312
     sim_sexpr: 0.7334
  💾 Checkpoint saved: /Users/mwhitford/src/verbum/checkpoints/basin-v3-d512/step_013000

  step 13010 | loss 0.3278 (avg50: 0.3381) | lr 8.76e-05 | epoch 5 | evo 57/260 (22%) pct=0.0010 | 1.83s/step | 30167s total
  step 13020 | loss 0.3496 (avg50: 0.3384) | lr 8.74e-05 | epoch 5 | evo 57/260 (22%) pct=0.0010 | 1.88s/step | 30186s total
  step 13030 | loss 0.3164 (avg50: 0.3377) | lr 8.72e-05 | epoch 5 | evo 57/260 (22%) pct=0.0010 | 1.84s/step | 30204s total
  step 13040 | loss 0.3348 (avg50: 0.3353) | lr 8.70e-05 | epoch 5 | evo 57/260 (22%) pct=0.0010 | 1.86s/step | 30223s total
  step 13050 | loss 0.3291 (avg50: 0.3353) | lr 8.68e-05 | epoch 5 | evo 57/261 (22%) pct=0.0010 | 20.57s/step | 30260s total
  step 13060 | loss 0.3204 (avg50: 0.3341) | lr 8.65e-05 | epoch 5 | evo 57/261 (22%) pct=0.0010 | 1.86s/step | 30279s total
  step 13070 | loss 0.3399 (avg50: 0.3320) | lr 8.63e-05 | epoch 5 | evo 57/261 (22%) pct=0.0010 | 1.85s/step | 30298s total
  step 13080 | loss 0.3417 (avg50: 0.3328) | lr 8.61e-05 | epoch 5 | evo 57/261 (22%) pct=0.0010 | 1.90s/step | 30317s total
  step 13090 | loss 0.3278 (avg50: 0.3352) | lr 8.59e-05 | epoch 5 | evo 57/261 (22%) pct=0.0010 | 1.87s/step | 30335s total
  step 13100 | loss 0.3366 (avg50: 0.3357) | lr 8.57e-05 | epoch 5 | evo 57/262 (22%) pct=0.0010 | 20.61s/step | 30373s total

  📊 Eval @ step 13100: cosine_sim=0.6628
     sim_behavioral: 0.6815
     sim_complex: 0.5950
     sim_math: 0.7565
     sim_mixed: 0.6660
     sim_prose: 0.6229
     sim_sexpr: 0.7370
     evo: 262 gens, 57 accepted (21.8%), base_pct=0.0010

  step 13110 | loss 0.3393 (avg50: 0.3376) | lr 8.55e-05 | epoch 5 | evo 57/262 (22%) pct=0.0010 | 1.81s/step | 30407s total
  step 13120 | loss 0.3525 (avg50: 0.3393) | lr 8.53e-05 | epoch 5 | evo 57/262 (22%) pct=0.0010 | 1.85s/step | 30425s total
  step 13130 | loss 0.3172 (avg50: 0.3377) | lr 8.50e-05 | epoch 5 | evo 57/262 (22%) pct=0.0010 | 1.89s/step | 30444s total
  step 13140 | loss 0.3513 (avg50: 0.3362) | lr 8.48e-05 | epoch 5 | evo 57/262 (22%) pct=0.0010 | 1.90s/step | 30463s total
  step 13150 | loss 0.3354 (avg50: 0.3349) | lr 8.46e-05 | epoch 5 | evo 57/263 (22%) pct=0.0010 | 20.82s/step | 30501s total
  step 13160 | loss 0.3336 (avg50: 0.3341) | lr 8.44e-05 | epoch 5 | evo 57/263 (22%) pct=0.0010 | 1.83s/step | 30520s total
  step 13170 | loss 0.3289 (avg50: 0.3331) | lr 8.42e-05 | epoch 5 | evo 57/263 (22%) pct=0.0010 | 1.83s/step | 30539s total
  step 13180 | loss 0.3574 (avg50: 0.3352) | lr 8.40e-05 | epoch 5 | evo 57/263 (22%) pct=0.0010 | 1.82s/step | 30558s total
  step 13190 | loss 0.3360 (avg50: 0.3367) | lr 8.38e-05 | epoch 5 | evo 57/263 (22%) pct=0.0010 | 1.82s/step | 30576s total
  step 13200 | loss 0.3300 (avg50: 0.3376) | lr 8.36e-05 | epoch 5 | evo 57/264 (22%) pct=0.0010 | 20.39s/step | 30614s total

  📊 Eval @ step 13200: cosine_sim=0.6545
     sim_behavioral: 0.6781
     sim_complex: 0.5864
     sim_math: 0.7413
     sim_mixed: 0.6317
     sim_prose: 0.6158
     sim_sexpr: 0.7345
     evo: 264 gens, 57 accepted (21.6%), base_pct=0.0010

  step 13210 | loss 0.3594 (avg50: 0.3378) | lr 8.33e-05 | epoch 5 | evo 57/264 (22%) pct=0.0010 | 1.86s/step | 30647s total
  step 13220 | loss 0.3342 (avg50: 0.3380) | lr 8.31e-05 | epoch 5 | evo 57/264 (22%) pct=0.0010 | 1.86s/step | 30665s total
  step 13230 | loss 0.3474 (avg50: 0.3364) | lr 8.29e-05 | epoch 5 | evo 57/264 (22%) pct=0.0010 | 1.84s/step | 30684s total
  step 13240 | loss 0.3822 (avg50: 0.3366) | lr 8.27e-05 | epoch 5 | evo 57/264 (22%) pct=0.0010 | 1.80s/step | 30702s total
  step 13250 | loss 0.3286 (avg50: 0.3364) | lr 8.25e-05 | epoch 5 | evo 57/265 (22%) pct=0.0010 | 20.33s/step | 30739s total
  step 13260 | loss 0.3356 (avg50: 0.3360) | lr 8.23e-05 | epoch 5 | evo 57/265 (22%) pct=0.0010 | 1.85s/step | 30758s total
  step 13270 | loss 0.3257 (avg50: 0.3356) | lr 8.21e-05 | epoch 5 | evo 57/265 (22%) pct=0.0010 | 1.85s/step | 30776s total
  step 13280 | loss 0.3354 (avg50: 0.3356) | lr 8.19e-05 | epoch 5 | evo 57/265 (22%) pct=0.0010 | 1.82s/step | 30794s total
  step 13290 | loss 0.3259 (avg50: 0.3350) | lr 8.16e-05 | epoch 5 | evo 57/265 (22%) pct=0.0010 | 1.85s/step | 30813s total
  step 13300 | loss 0.3161 (avg50: 0.3334) | lr 8.14e-05 | epoch 5 | evo 57/266 (21%) pct=0.0010 | 20.18s/step | 30849s total

  📊 Eval @ step 13300: cosine_sim=0.6638
     sim_behavioral: 0.6776
     sim_complex: 0.5869
     sim_math: 0.7477
     sim_mixed: 0.6392
     sim_prose: 0.6325
     sim_sexpr: 0.7391
     evo: 266 gens, 57 accepted (21.4%), base_pct=0.0010

  step 13310 | loss 0.3324 (avg50: 0.3333) | lr 8.12e-05 | epoch 5 | evo 57/266 (21%) pct=0.0010 | 1.82s/step | 30882s total
  step 13320 | loss 0.3210 (avg50: 0.3331) | lr 8.10e-05 | epoch 5 | evo 57/266 (21%) pct=0.0010 | 1.83s/step | 30900s total
  step 13330 | loss 0.3295 (avg50: 0.3331) | lr 8.08e-05 | epoch 5 | evo 57/266 (21%) pct=0.0010 | 1.81s/step | 30919s total
  step 13340 | loss 0.3311 (avg50: 0.3330) | lr 8.06e-05 | epoch 5 | evo 57/266 (21%) pct=0.0010 | 1.81s/step | 30937s total
  step 13350 | loss 0.3421 (avg50: 0.3331) | lr 8.04e-05 | epoch 5 | evo 57/267 (21%) pct=0.0010 | 19.90s/step | 30973s total
  step 13360 | loss 0.3243 (avg50: 0.3327) | lr 8.02e-05 | epoch 5 | evo 57/267 (21%) pct=0.0010 | 1.82s/step | 30991s total
  step 13370 | loss 0.3403 (avg50: 0.3340) | lr 8.00e-05 | epoch 5 | evo 57/267 (21%) pct=0.0010 | 1.84s/step | 31009s total
  step 13380 | loss 0.3466 (avg50: 0.3350) | lr 7.98e-05 | epoch 5 | evo 57/267 (21%) pct=0.0010 | 1.82s/step | 31027s total
  step 13390 | loss 0.3400 (avg50: 0.3352) | lr 7.95e-05 | epoch 5 | evo 57/267 (21%) pct=0.0010 | 1.80s/step | 31045s total
  step 13400 | loss 0.3402 (avg50: 0.3353) | lr 7.93e-05 | epoch 5 | evo 58/268 (22%) pct=0.0010 | 20.03s/step | 31082s total

  📊 Eval @ step 13400: cosine_sim=0.6500
     sim_behavioral: 0.6623
     sim_complex: 0.5734
     sim_math: 0.7403
     sim_mixed: 0.6298
     sim_prose: 0.6039
     sim_sexpr: 0.7410
     evo: 268 gens, 58 accepted (21.6%), base_pct=0.0010

  step 13410 | loss 0.3315 (avg50: 0.3382) | lr 7.91e-05 | epoch 5 | evo 58/268 (22%) pct=0.0010 | 1.78s/step | 31115s total
  step 13420 | loss 0.3562 (avg50: 0.3389) | lr 7.89e-05 | epoch 5 | evo 58/268 (22%) pct=0.0010 | 1.80s/step | 31133s total
  step 13430 | loss 0.3482 (avg50: 0.3394) | lr 7.87e-05 | epoch 5 | evo 58/268 (22%) pct=0.0010 | 1.80s/step | 31151s total
  step 13440 | loss 0.3376 (avg50: 0.3402) | lr 7.85e-05 | epoch 5 | evo 58/268 (22%) pct=0.0010 | 1.80s/step | 31169s total
  step 13450 | loss 0.3273 (avg50: 0.3401) | lr 7.83e-05 | epoch 5 | evo 58/269 (22%) pct=0.0010 | 20.33s/step | 31206s total
  step 13460 | loss 0.3641 (avg50: 0.3375) | lr 7.81e-05 | epoch 5 | evo 58/269 (22%) pct=0.0010 | 1.82s/step | 31224s total
  step 13470 | loss 0.3487 (avg50: 0.3380) | lr 7.79e-05 | epoch 5 | evo 58/269 (22%) pct=0.0010 | 1.91s/step | 31243s total
  step 13480 | loss 0.3346 (avg50: 0.3378) | lr 7.77e-05 | epoch 5 | evo 58/269 (22%) pct=0.0010 | 1.81s/step | 31261s total
  step 13490 | loss 0.3535 (avg50: 0.3374) | lr 7.75e-05 | epoch 5 | evo 58/269 (22%) pct=0.0010 | 1.80s/step | 31279s total
  step 13500 | loss 0.3708 (avg50: 0.3388) | lr 7.73e-05 | epoch 5 | evo 58/270 (21%) pct=0.0010 | 20.15s/step | 31316s total

  📊 Eval @ step 13500: cosine_sim=0.6633
     sim_behavioral: 0.6731
     sim_complex: 0.5911
     sim_math: 0.7546
     sim_mixed: 0.6402
     sim_prose: 0.6296
     sim_sexpr: 0.7213
     evo: 270 gens, 58 accepted (21.5%), base_pct=0.0010

  step 13510 | loss 0.3307 (avg50: 0.3381) | lr 7.70e-05 | epoch 5 | evo 58/270 (21%) pct=0.0010 | 1.87s/step | 31349s total
  step 13520 | loss 0.3538 (avg50: 0.3382) | lr 7.68e-05 | epoch 5 | evo 58/270 (21%) pct=0.0010 | 1.84s/step | 31367s total
  step 13530 | loss 0.3234 (avg50: 0.3373) | lr 7.66e-05 | epoch 5 | evo 58/270 (21%) pct=0.0010 | 1.86s/step | 31386s total
  step 13540 | loss 0.3499 (avg50: 0.3362) | lr 7.64e-05 | epoch 5 | evo 58/270 (21%) pct=0.0010 | 1.80s/step | 31404s total
  step 13550 | loss 0.3484 (avg50: 0.3365) | lr 7.62e-05 | epoch 5 | evo 58/271 (21%) pct=0.0010 | 20.19s/step | 31441s total
  step 13560 | loss 0.3348 (avg50: 0.3377) | lr 7.60e-05 | epoch 5 | evo 58/271 (21%) pct=0.0010 | 1.87s/step | 31459s total
  step 13570 | loss 0.3398 (avg50: 0.3353) | lr 7.58e-05 | epoch 5 | evo 58/271 (21%) pct=0.0010 | 1.84s/step | 31478s total
  step 13580 | loss 0.3449 (avg50: 0.3357) | lr 7.56e-05 | epoch 5 | evo 58/271 (21%) pct=0.0010 | 1.82s/step | 31496s total
  step 13590 | loss 0.3374 (avg50: 0.3348) | lr 7.54e-05 | epoch 5 | evo 58/271 (21%) pct=0.0010 | 1.83s/step | 31514s total
  step 13600 | loss 0.3205 (avg50: 0.3330) | lr 7.52e-05 | epoch 5 | evo 58/272 (21%) pct=0.0010 | 20.08s/step | 31551s total

  📊 Eval @ step 13600: cosine_sim=0.6673
     sim_behavioral: 0.6768
     sim_complex: 0.5866
     sim_math: 0.7561
     sim_mixed: 0.6465
     sim_prose: 0.6324
     sim_sexpr: 0.7310
     evo: 272 gens, 58 accepted (21.3%), base_pct=0.0010

  step 13610 | loss 0.3327 (avg50: 0.3319) | lr 7.50e-05 | epoch 5 | evo 58/272 (21%) pct=0.0010 | 1.84s/step | 31583s total
  step 13620 | loss 0.3377 (avg50: 0.3320) | lr 7.48e-05 | epoch 5 | evo 58/272 (21%) pct=0.0010 | 1.82s/step | 31602s total
  step 13630 | loss 0.3163 (avg50: 0.3316) | lr 7.46e-05 | epoch 5 | evo 58/272 (21%) pct=0.0010 | 1.82s/step | 31620s total
  step 13640 | loss 0.3211 (avg50: 0.3351) | lr 7.44e-05 | epoch 5 | evo 58/272 (21%) pct=0.0010 | 1.83s/step | 31638s total
  step 13650 | loss 0.3401 (avg50: 0.3351) | lr 7.42e-05 | epoch 5 | evo 58/273 (21%) pct=0.0010 | 19.71s/step | 31674s total
  step 13660 | loss 0.3341 (avg50: 0.3341) | lr 7.40e-05 | epoch 5 | evo 58/273 (21%) pct=0.0010 | 1.84s/step | 31692s total
  step 13670 | loss 0.3109 (avg50: 0.3343) | lr 7.38e-05 | epoch 5 | evo 58/273 (21%) pct=0.0010 | 1.81s/step | 31711s total
  step 13680 | loss 0.3255 (avg50: 0.3331) | lr 7.36e-05 | epoch 5 | evo 58/273 (21%) pct=0.0010 | 1.81s/step | 31729s total
  step 13690 | loss 0.3271 (avg50: 0.3295) | lr 7.33e-05 | epoch 5 | evo 58/273 (21%) pct=0.0010 | 1.82s/step | 31747s total
  step 13700 | loss 0.3043 (avg50: 0.3288) | lr 7.31e-05 | epoch 5 | evo 58/274 (21%) pct=0.0010 | 19.96s/step | 31783s total

  📊 Eval @ step 13700: cosine_sim=0.6621
     sim_behavioral: 0.6847
     sim_complex: 0.5755
     sim_math: 0.7558
     sim_mixed: 0.6576
     sim_prose: 0.6199
     sim_sexpr: 0.7390
     evo: 274 gens, 58 accepted (21.2%), base_pct=0.0010

  step 13710 | loss 0.3256 (avg50: 0.3317) | lr 7.29e-05 | epoch 5 | evo 58/274 (21%) pct=0.0010 | 1.82s/step | 31816s total
  step 13720 | loss 0.3605 (avg50: 0.3324) | lr 7.27e-05 | epoch 5 | evo 58/274 (21%) pct=0.0010 | 1.81s/step | 31834s total
  step 13730 | loss 0.3560 (avg50: 0.3335) | lr 7.25e-05 | epoch 5 | evo 58/274 (21%) pct=0.0010 | 1.79s/step | 31852s total
  step 13740 | loss 0.3245 (avg50: 0.3360) | lr 7.23e-05 | epoch 5 | evo 58/274 (21%) pct=0.0010 | 1.79s/step | 31870s total
  step 13750 | loss 0.3286 (avg50: 0.3372) | lr 7.21e-05 | epoch 5 | evo 58/275 (21%) pct=0.0010 | 19.70s/step | 31906s total
  step 13760 | loss 0.3454 (avg50: 0.3364) | lr 7.19e-05 | epoch 5 | evo 58/275 (21%) pct=0.0010 | 1.77s/step | 31924s total
  step 13770 | loss 0.3036 (avg50: 0.3358) | lr 7.17e-05 | epoch 5 | evo 58/275 (21%) pct=0.0010 | 1.83s/step | 31942s total
  step 13780 | loss 0.3521 (avg50: 0.3353) | lr 7.15e-05 | epoch 5 | evo 58/275 (21%) pct=0.0010 | 1.79s/step | 31960s total
  step 13790 | loss 0.3285 (avg50: 0.3339) | lr 7.13e-05 | epoch 5 | evo 58/275 (21%) pct=0.0010 | 1.80s/step | 31978s total
  step 13800 | loss 0.3375 (avg50: 0.3339) | lr 7.11e-05 | epoch 5 | evo 58/276 (21%) pct=0.0010 | 19.94s/step | 32014s total

  📊 Eval @ step 13800: cosine_sim=0.6607
     sim_behavioral: 0.6725
     sim_complex: 0.6020
     sim_math: 0.7499
     sim_mixed: 0.6413
     sim_prose: 0.6320
     sim_sexpr: 0.7182
     evo: 276 gens, 58 accepted (21.0%), base_pct=0.0010

  step 13810 | loss 0.3501 (avg50: 0.3353) | lr 7.09e-05 | epoch 5 | evo 58/276 (21%) pct=0.0010 | 1.81s/step | 32047s total
  step 13820 | loss 0.3371 (avg50: 0.3362) | lr 7.07e-05 | epoch 5 | evo 58/276 (21%) pct=0.0010 | 1.77s/step | 32065s total
  step 13830 | loss 0.3226 (avg50: 0.3397) | lr 7.05e-05 | epoch 5 | evo 58/276 (21%) pct=0.0010 | 1.81s/step | 32083s total
  step 13840 | loss 0.3375 (avg50: 0.3393) | lr 7.03e-05 | epoch 5 | evo 58/276 (21%) pct=0.0010 | 1.80s/step | 32101s total
  step 13850 | loss 0.3642 (avg50: 0.3403) | lr 7.01e-05 | epoch 5 | evo 58/277 (21%) pct=0.0010 | 19.63s/step | 32136s total
  step 13860 | loss 0.3377 (avg50: 0.3369) | lr 6.99e-05 | epoch 5 | evo 58/277 (21%) pct=0.0010 | 1.77s/step | 32154s total
  step 13870 | loss 0.3389 (avg50: 0.3363) | lr 6.97e-05 | epoch 5 | evo 58/277 (21%) pct=0.0010 | 1.82s/step | 32172s total
  step 13880 | loss 0.3137 (avg50: 0.3345) | lr 6.95e-05 | epoch 5 | evo 58/277 (21%) pct=0.0010 | 1.85s/step | 32190s total
  step 13890 | loss 0.3495 (avg50: 0.3356) | lr 6.93e-05 | epoch 5 | evo 58/277 (21%) pct=0.0010 | 1.81s/step | 32209s total
  step 13900 | loss 0.3324 (avg50: 0.3351) | lr 6.91e-05 | epoch 5 | evo 58/278 (21%) pct=0.0010 | 19.73s/step | 32244s total

  📊 Eval @ step 13900: cosine_sim=0.6635
     sim_behavioral: 0.6884
     sim_complex: 0.5958
     sim_math: 0.7414
     sim_mixed: 0.6403
     sim_prose: 0.6319
     sim_sexpr: 0.7371
     evo: 278 gens, 58 accepted (20.9%), base_pct=0.0010

  step 13910 | loss 0.3212 (avg50: 0.3349) | lr 6.89e-05 | epoch 5 | evo 58/278 (21%) pct=0.0010 | 1.80s/step | 32277s total
  step 13920 | loss 0.3068 (avg50: 0.3337) | lr 6.87e-05 | epoch 5 | evo 58/278 (21%) pct=0.0010 | 1.80s/step | 32295s total
  step 13930 | loss 0.3242 (avg50: 0.3320) | lr 6.85e-05 | epoch 5 | evo 58/278 (21%) pct=0.0010 | 1.78s/step | 32313s total
  step 13940 | loss 0.3320 (avg50: 0.3316) | lr 6.83e-05 | epoch 5 | evo 58/278 (21%) pct=0.0010 | 1.82s/step | 32331s total
  step 13950 | loss 0.3304 (avg50: 0.3326) | lr 6.81e-05 | epoch 5 | evo 58/279 (21%) pct=0.0010 | 19.81s/step | 32367s total
  step 13960 | loss 0.3379 (avg50: 0.3340) | lr 6.79e-05 | epoch 5 | evo 58/279 (21%) pct=0.0010 | 1.80s/step | 32385s total
  step 13970 | loss 0.3178 (avg50: 0.3345) | lr 6.77e-05 | epoch 5 | evo 58/279 (21%) pct=0.0010 | 1.80s/step | 32403s total
  step 13980 | loss 0.3413 (avg50: 0.3369) | lr 6.75e-05 | epoch 5 | evo 58/279 (21%) pct=0.0010 | 1.82s/step | 32421s total
  step 13990 | loss 0.3404 (avg50: 0.3370) | lr 6.73e-05 | epoch 5 | evo 58/279 (21%) pct=0.0010 | 1.82s/step | 32439s total
  step 14000 | loss 0.3269 (avg50: 0.3344) | lr 6.71e-05 | epoch 5 | evo 58/280 (21%) pct=0.0010 | 19.77s/step | 32475s total

  📊 Eval @ step 14000: cosine_sim=0.6697
     sim_behavioral: 0.6825
     sim_complex: 0.5905
     sim_math: 0.7312
     sim_mixed: 0.6459
     sim_prose: 0.6383
     sim_sexpr: 0.7331
     evo: 280 gens, 58 accepted (20.7%), base_pct=0.0010


  📊 Checkpoint eval @ step 14000: cosine_sim=0.6650
     sim_behavioral: 0.6799
     sim_complex: 0.5901
     sim_math: 0.7598
     sim_mixed: 0.6561
     sim_prose: 0.6359
     sim_sexpr: 0.7429
  💾 Checkpoint saved: /Users/mwhitford/src/verbum/checkpoints/basin-v3-d512/step_014000

  step 14010 | loss 0.3310 (avg50: 0.3333) | lr 6.69e-05 | epoch 5 | evo 58/280 (21%) pct=0.0010 | 1.81s/step | 32536s total
  step 14020 | loss 0.3067 (avg50: 0.3351) | lr 6.67e-05 | epoch 5 | evo 58/280 (21%) pct=0.0010 | 1.77s/step | 32554s total
  step 14030 | loss 0.3434 (avg50: 0.3340) | lr 6.66e-05 | epoch 5 | evo 58/280 (21%) pct=0.0010 | 1.78s/step | 32572s total
  step 14040 | loss 0.3250 (avg50: 0.3327) | lr 6.64e-05 | epoch 5 | evo 58/280 (21%) pct=0.0010 | 1.81s/step | 32590s total
  step 14050 | loss 0.3413 (avg50: 0.3350) | lr 6.62e-05 | epoch 5 | evo 59/281 (21%) pct=0.0010 | 19.70s/step | 32626s total
  step 14060 | loss 0.3647 (avg50: 0.3391) | lr 6.60e-05 | epoch 5 | evo 59/281 (21%) pct=0.0010 | 1.82s/step | 32644s total
  step 14070 | loss 0.3084 (avg50: 0.3389) | lr 6.58e-05 | epoch 5 | evo 59/281 (21%) pct=0.0010 | 1.77s/step | 32662s total
  step 14080 | loss 0.3279 (avg50: 0.3391) | lr 6.56e-05 | epoch 5 | evo 59/281 (21%) pct=0.0010 | 1.81s/step | 32680s total
  step 14090 | loss 0.3330 (avg50: 0.3406) | lr 6.54e-05 | epoch 5 | evo 59/281 (21%) pct=0.0010 | 1.78s/step | 32698s total
  step 14100 | loss 0.3251 (avg50: 0.3395) | lr 6.52e-05 | epoch 5 | evo 59/282 (21%) pct=0.0010 | 19.67s/step | 32734s total

  📊 Eval @ step 14100: cosine_sim=0.6621
     sim_behavioral: 0.6875
     sim_complex: 0.5836
     sim_math: 0.7591
     sim_mixed: 0.6575
     sim_prose: 0.6231
     sim_sexpr: 0.7525
     evo: 282 gens, 59 accepted (20.9%), base_pct=0.0010

  step 14110 | loss 0.3408 (avg50: 0.3365) | lr 6.50e-05 | epoch 5 | evo 59/282 (21%) pct=0.0010 | 1.80s/step | 32766s total
  step 14120 | loss 0.3091 (avg50: 0.3353) | lr 6.48e-05 | epoch 5 | evo 59/282 (21%) pct=0.0010 | 1.77s/step | 32784s total
  step 14130 | loss 0.3282 (avg50: 0.3348) | lr 6.46e-05 | epoch 5 | evo 59/282 (21%) pct=0.0010 | 1.80s/step | 32802s total
  step 14140 | loss 0.3281 (avg50: 0.3330) | lr 6.44e-05 | epoch 5 | evo 59/282 (21%) pct=0.0010 | 1.76s/step | 32819s total
  step 14150 | loss 0.3328 (avg50: 0.3343) | lr 6.42e-05 | epoch 5 | evo 59/283 (21%) pct=0.0010 | 19.73s/step | 32855s total
  step 14160 | loss 0.3381 (avg50: 0.3341) | lr 6.40e-05 | epoch 5 | evo 59/283 (21%) pct=0.0010 | 1.78s/step | 32873s total
  step 14170 | loss 0.3394 (avg50: 0.3348) | lr 6.38e-05 | epoch 5 | evo 59/283 (21%) pct=0.0010 | 1.79s/step | 32891s total
  step 14180 | loss 0.3438 (avg50: 0.3344) | lr 6.36e-05 | epoch 5 | evo 59/283 (21%) pct=0.0010 | 1.78s/step | 32909s total
  step 14190 | loss 0.3505 (avg50: 0.3364) | lr 6.34e-05 | epoch 5 | evo 59/283 (21%) pct=0.0010 | 1.78s/step | 32927s total
  step 14200 | loss 0.3338 (avg50: 0.3347) | lr 6.32e-05 | epoch 5 | evo 59/284 (21%) pct=0.0010 | 19.49s/step | 32962s total

  📊 Eval @ step 14200: cosine_sim=0.6620
     sim_behavioral: 0.6780
     sim_complex: 0.6025
     sim_math: 0.7404
     sim_mixed: 0.6474
     sim_prose: 0.6220
     sim_sexpr: 0.7412
     evo: 284 gens, 59 accepted (20.8%), base_pct=0.0010

  step 14210 | loss 0.3359 (avg50: 0.3343) | lr 6.31e-05 | epoch 5 | evo 59/284 (21%) pct=0.0010 | 1.78s/step | 32994s total
  step 14220 | loss 0.3211 (avg50: 0.3339) | lr 6.29e-05 | epoch 5 | evo 59/284 (21%) pct=0.0010 | 1.78s/step | 33012s total
  step 14230 | loss 0.3276 (avg50: 0.3323) | lr 6.27e-05 | epoch 5 | evo 59/284 (21%) pct=0.0010 | 1.77s/step | 33030s total
  step 14240 | loss 0.3278 (avg50: 0.3307) | lr 6.25e-05 | epoch 5 | evo 59/284 (21%) pct=0.0010 | 1.78s/step | 33048s total
  step 14250 | loss 0.3398 (avg50: 0.3320) | lr 6.23e-05 | epoch 5 | evo 59/285 (21%) pct=0.0010 | 19.69s/step | 33084s total
  step 14260 | loss 0.3385 (avg50: 0.3328) | lr 6.21e-05 | epoch 6 | evo 59/285 (21%) pct=0.0010 | 1.78s/step | 33101s total
  step 14270 | loss 0.3386 (avg50: 0.3331) | lr 6.19e-05 | epoch 6 | evo 59/285 (21%) pct=0.0010 | 1.81s/step | 33120s total
  step 14280 | loss 0.3303 (avg50: 0.3346) | lr 6.17e-05 | epoch 6 | evo 59/285 (21%) pct=0.0010 | 1.79s/step | 33138s total
  step 14290 | loss 0.3363 (avg50: 0.3353) | lr 6.15e-05 | epoch 6 | evo 59/285 (21%) pct=0.0010 | 1.77s/step | 33156s total
  step 14300 | loss 0.3633 (avg50: 0.3355) | lr 6.13e-05 | epoch 6 | evo 59/286 (21%) pct=0.0010 | 19.99s/step | 33192s total

  📊 Eval @ step 14300: cosine_sim=0.6809
     sim_behavioral: 0.6820
     sim_complex: 0.6279
     sim_math: 0.7653
     sim_mixed: 0.6593
     sim_prose: 0.6312
     sim_sexpr: 0.7491
     evo: 286 gens, 59 accepted (20.6%), base_pct=0.0010

  step 14310 | loss 0.3428 (avg50: 0.3355) | lr 6.11e-05 | epoch 6 | evo 59/286 (21%) pct=0.0010 | 1.88s/step | 33225s total
  step 14320 | loss 0.3455 (avg50: 0.3357) | lr 6.10e-05 | epoch 6 | evo 59/286 (21%) pct=0.0010 | 1.79s/step | 33243s total
  step 14330 | loss 0.3311 (avg50: 0.3362) | lr 6.08e-05 | epoch 6 | evo 59/286 (21%) pct=0.0010 | 1.81s/step | 33261s total
  step 14340 | loss 0.3435 (avg50: 0.3354) | lr 6.06e-05 | epoch 6 | evo 59/286 (21%) pct=0.0010 | 1.79s/step | 33279s total
  step 14350 | loss 0.3106 (avg50: 0.3350) | lr 6.04e-05 | epoch 6 | evo 59/287 (21%) pct=0.0010 | 19.61s/step | 33315s total
  step 14360 | loss 0.3073 (avg50: 0.3343) | lr 6.02e-05 | epoch 6 | evo 59/287 (21%) pct=0.0010 | 1.84s/step | 33333s total
  step 14370 | loss 0.3211 (avg50: 0.3345) | lr 6.00e-05 | epoch 6 | evo 59/287 (21%) pct=0.0010 | 1.82s/step | 33351s total
  step 14380 | loss 0.3375 (avg50: 0.3353) | lr 5.98e-05 | epoch 6 | evo 59/287 (21%) pct=0.0010 | 1.88s/step | 33370s total
  step 14390 | loss 0.3168 (avg50: 0.3352) | lr 5.96e-05 | epoch 6 | evo 59/287 (21%) pct=0.0010 | 1.84s/step | 33388s total
  step 14400 | loss 0.3266 (avg50: 0.3333) | lr 5.94e-05 | epoch 6 | evo 59/288 (20%) pct=0.0010 | 20.07s/step | 33425s total

  📊 Eval @ step 14400: cosine_sim=0.6632
     sim_behavioral: 0.6877
     sim_complex: 0.5903
     sim_math: 0.7441
     sim_mixed: 0.6476
     sim_prose: 0.6230
     sim_sexpr: 0.7475
     evo: 288 gens, 59 accepted (20.5%), base_pct=0.0010

  step 14410 | loss 0.3308 (avg50: 0.3324) | lr 5.93e-05 | epoch 6 | evo 59/288 (20%) pct=0.0010 | 1.82s/step | 33457s total
  step 14420 | loss 0.3252 (avg50: 0.3324) | lr 5.91e-05 | epoch 6 | evo 59/288 (20%) pct=0.0010 | 1.85s/step | 33476s total
  step 14430 | loss 0.3354 (avg50: 0.3316) | lr 5.89e-05 | epoch 6 | evo 59/288 (20%) pct=0.0010 | 1.84s/step | 33494s total
  step 14440 | loss 0.3383 (avg50: 0.3324) | lr 5.87e-05 | epoch 6 | evo 59/288 (20%) pct=0.0010 | 1.82s/step | 33512s total
  step 14450 | loss 0.3320 (avg50: 0.3319) | lr 5.85e-05 | epoch 6 | evo 59/289 (20%) pct=0.0010 | 20.02s/step | 33548s total
  step 14460 | loss 0.3439 (avg50: 0.3327) | lr 5.83e-05 | epoch 6 | evo 59/289 (20%) pct=0.0010 | 1.87s/step | 33567s total
  step 14470 | loss 0.3203 (avg50: 0.3300) | lr 5.81e-05 | epoch 6 | evo 59/289 (20%) pct=0.0010 | 1.79s/step | 33585s total
  step 14480 | loss 0.3368 (avg50: 0.3283) | lr 5.80e-05 | epoch 6 | evo 59/289 (20%) pct=0.0010 | 1.83s/step | 33603s total
  step 14490 | loss 0.3625 (avg50: 0.3276) | lr 5.78e-05 | epoch 6 | evo 59/289 (20%) pct=0.0010 | 1.84s/step | 33621s total
  step 14500 | loss 0.3237 (avg50: 0.3292) | lr 5.76e-05 | epoch 6 | evo 59/290 (20%) pct=0.0010 | 19.77s/step | 33657s total

  📊 Eval @ step 14500: cosine_sim=0.6678
     sim_behavioral: 0.6801
     sim_complex: 0.5870
     sim_math: 0.7555
     sim_mixed: 0.6765
     sim_prose: 0.6326
     sim_sexpr: 0.7342
     evo: 290 gens, 59 accepted (20.3%), base_pct=0.0010

  step 14510 | loss 0.3287 (avg50: 0.3313) | lr 5.74e-05 | epoch 6 | evo 59/290 (20%) pct=0.0010 | 1.76s/step | 33690s total
  step 14520 | loss 0.3355 (avg50: 0.3340) | lr 5.72e-05 | epoch 6 | evo 59/290 (20%) pct=0.0010 | 1.77s/step | 33708s total
  step 14530 | loss 0.3222 (avg50: 0.3361) | lr 5.70e-05 | epoch 6 | evo 59/290 (20%) pct=0.0010 | 1.84s/step | 33726s total
  step 14540 | loss 0.3368 (avg50: 0.3379) | lr 5.68e-05 | epoch 6 | evo 59/290 (20%) pct=0.0010 | 1.80s/step | 33744s total
  step 14550 | loss 0.3408 (avg50: 0.3382) | lr 5.67e-05 | epoch 6 | evo 59/291 (20%) pct=0.0010 | 19.82s/step | 33780s total
  step 14560 | loss 0.3594 (avg50: 0.3369) | lr 5.65e-05 | epoch 6 | evo 59/291 (20%) pct=0.0010 | 1.78s/step | 33798s total
  step 14570 | loss 0.3470 (avg50: 0.3368) | lr 5.63e-05 | epoch 6 | evo 59/291 (20%) pct=0.0010 | 1.82s/step | 33815s total
  step 14580 | loss 0.3258 (avg50: 0.3347) | lr 5.61e-05 | epoch 6 | evo 59/291 (20%) pct=0.0010 | 1.77s/step | 33833s total
  step 14590 | loss 0.3184 (avg50: 0.3341) | lr 5.59e-05 | epoch 6 | evo 59/291 (20%) pct=0.0010 | 1.80s/step | 33851s total
  step 14600 | loss 0.3228 (avg50: 0.3338) | lr 5.57e-05 | epoch 6 | evo 59/292 (20%) pct=0.0010 | 19.70s/step | 33887s total

  📊 Eval @ step 14600: cosine_sim=0.6682
     sim_behavioral: 0.6805
     sim_complex: 0.5993
     sim_math: 0.7639
     sim_mixed: 0.6459
     sim_prose: 0.6425
     sim_sexpr: 0.7424
     evo: 292 gens, 59 accepted (20.2%), base_pct=0.0010

  step 14610 | loss 0.3294 (avg50: 0.3319) | lr 5.56e-05 | epoch 6 | evo 59/292 (20%) pct=0.0010 | 1.78s/step | 33919s total
  step 14620 | loss 0.3418 (avg50: 0.3307) | lr 5.54e-05 | epoch 6 | evo 59/292 (20%) pct=0.0010 | 1.81s/step | 33937s total
  step 14630 | loss 0.3692 (avg50: 0.3331) | lr 5.52e-05 | epoch 6 | evo 59/292 (20%) pct=0.0010 | 1.77s/step | 33955s total
  step 14640 | loss 0.3429 (avg50: 0.3309) | lr 5.50e-05 | epoch 6 | evo 59/292 (20%) pct=0.0010 | 1.83s/step | 33973s total
  step 14650 | loss 0.3441 (avg50: 0.3311) | lr 5.48e-05 | epoch 6 | evo 59/293 (20%) pct=0.0010 | 19.57s/step | 34009s total
  step 14660 | loss 0.3253 (avg50: 0.3317) | lr 5.46e-05 | epoch 6 | evo 59/293 (20%) pct=0.0010 | 1.79s/step | 34027s total
  step 14670 | loss 0.3328 (avg50: 0.3314) | lr 5.45e-05 | epoch 6 | evo 59/293 (20%) pct=0.0010 | 1.78s/step | 34045s total
  step 14680 | loss 0.3187 (avg50: 0.3304) | lr 5.43e-05 | epoch 6 | evo 59/293 (20%) pct=0.0010 | 1.78s/step | 34063s total
  step 14690 | loss 0.3241 (avg50: 0.3327) | lr 5.41e-05 | epoch 6 | evo 59/293 (20%) pct=0.0010 | 1.78s/step | 34081s total
  step 14700 | loss 0.3313 (avg50: 0.3312) | lr 5.39e-05 | epoch 6 | evo 59/294 (20%) pct=0.0010 | 19.67s/step | 34116s total

  📊 Eval @ step 14700: cosine_sim=0.6663
     sim_behavioral: 0.6881
     sim_complex: 0.6132
     sim_math: 0.7409
     sim_mixed: 0.6413
     sim_prose: 0.6301
     sim_sexpr: 0.7421
     evo: 294 gens, 59 accepted (20.1%), base_pct=0.0010

  step 14710 | loss 0.3449 (avg50: 0.3311) | lr 5.37e-05 | epoch 6 | evo 59/294 (20%) pct=0.0010 | 1.78s/step | 34149s total
  step 14720 | loss 0.3276 (avg50: 0.3321) | lr 5.36e-05 | epoch 6 | evo 59/294 (20%) pct=0.0010 | 1.80s/step | 34166s total
  step 14730 | loss 0.3620 (avg50: 0.3326) | lr 5.34e-05 | epoch 6 | evo 59/294 (20%) pct=0.0010 | 1.78s/step | 34184s total
  step 14740 | loss 0.3331 (avg50: 0.3318) | lr 5.32e-05 | epoch 6 | evo 59/294 (20%) pct=0.0010 | 1.80s/step | 34202s total
  step 14750 | loss 0.3596 (avg50: 0.3344) | lr 5.30e-05 | epoch 6 | evo 59/295 (20%) pct=0.0010 | 19.74s/step | 34238s total
  step 14760 | loss 0.3039 (avg50: 0.3347) | lr 5.28e-05 | epoch 6 | evo 59/295 (20%) pct=0.0010 | 1.77s/step | 34256s total
  step 14770 | loss 0.3267 (avg50: 0.3354) | lr 5.27e-05 | epoch 6 | evo 59/295 (20%) pct=0.0010 | 1.78s/step | 34274s total
  step 14780 | loss 0.3329 (avg50: 0.3373) | lr 5.25e-05 | epoch 6 | evo 59/295 (20%) pct=0.0010 | 1.77s/step | 34292s total
  step 14790 | loss 0.3149 (avg50: 0.3367) | lr 5.23e-05 | epoch 6 | evo 59/295 (20%) pct=0.0010 | 1.80s/step | 34310s total
  step 14800 | loss 0.3235 (avg50: 0.3362) | lr 5.21e-05 | epoch 6 | evo 59/296 (20%) pct=0.0010 | 19.60s/step | 34345s total

  📊 Eval @ step 14800: cosine_sim=0.6646
     sim_behavioral: 0.6815
     sim_complex: 0.5723
     sim_math: 0.7454
     sim_mixed: 0.6611
     sim_prose: 0.6235
     sim_sexpr: 0.7429
     evo: 296 gens, 59 accepted (19.9%), base_pct=0.0010

  step 14810 | loss 0.3122 (avg50: 0.3369) | lr 5.20e-05 | epoch 6 | evo 59/296 (20%) pct=0.0010 | 1.83s/step | 34378s total
  step 14820 | loss 0.3268 (avg50: 0.3364) | lr 5.18e-05 | epoch 6 | evo 59/296 (20%) pct=0.0010 | 1.78s/step | 34395s total
  step 14830 | loss 0.3298 (avg50: 0.3339) | lr 5.16e-05 | epoch 6 | evo 59/296 (20%) pct=0.0010 | 1.80s/step | 34413s total
  step 14840 | loss 0.3562 (avg50: 0.3353) | lr 5.14e-05 | epoch 6 | evo 59/296 (20%) pct=0.0010 | 1.77s/step | 34431s total
  step 14850 | loss 0.3193 (avg50: 0.3343) | lr 5.12e-05 | epoch 6 | evo 59/297 (20%) pct=0.0010 | 20.23s/step | 34468s total
  step 14860 | loss 0.3264 (avg50: 0.3331) | lr 5.11e-05 | epoch 6 | evo 59/297 (20%) pct=0.0010 | 1.81s/step | 34486s total
  step 14870 | loss 0.3146 (avg50: 0.3334) | lr 5.09e-05 | epoch 6 | evo 59/297 (20%) pct=0.0010 | 1.90s/step | 34505s total
  step 14880 | loss 0.3393 (avg50: 0.3322) | lr 5.07e-05 | epoch 6 | evo 59/297 (20%) pct=0.0010 | 1.81s/step | 34523s total
  step 14890 | loss 0.3460 (avg50: 0.3325) | lr 5.05e-05 | epoch 6 | evo 59/297 (20%) pct=0.0010 | 1.84s/step | 34541s total
  step 14900 | loss 0.3162 (avg50: 0.3319) | lr 5.04e-05 | epoch 6 | evo 59/298 (20%) pct=0.0010 | 19.84s/step | 34577s total

  📊 Eval @ step 14900: cosine_sim=0.6703
     sim_behavioral: 0.6940
     sim_complex: 0.5920
     sim_math: 0.7510
     sim_mixed: 0.6463
     sim_prose: 0.6458
     sim_sexpr: 0.7272
     evo: 298 gens, 59 accepted (19.8%), base_pct=0.0010

  step 14910 | loss 0.3263 (avg50: 0.3350) | lr 5.02e-05 | epoch 6 | evo 59/298 (20%) pct=0.0010 | 1.79s/step | 34610s total
  step 14920 | loss 0.3458 (avg50: 0.3342) | lr 5.00e-05 | epoch 6 | evo 59/298 (20%) pct=0.0010 | 1.78s/step | 34628s total
  step 14930 | loss 0.3418 (avg50: 0.3353) | lr 4.98e-05 | epoch 6 | evo 59/298 (20%) pct=0.0010 | 1.84s/step | 34646s total
  step 14940 | loss 0.3367 (avg50: 0.3344) | lr 4.97e-05 | epoch 6 | evo 59/298 (20%) pct=0.0010 | 1.86s/step | 34664s total
  step 14950 | loss 0.3560 (avg50: 0.3342) | lr 4.95e-05 | epoch 6 | evo 59/299 (20%) pct=0.0010 | 20.39s/step | 34701s total
  step 14960 | loss 0.3238 (avg50: 0.3314) | lr 4.93e-05 | epoch 6 | evo 59/299 (20%) pct=0.0010 | 1.81s/step | 34719s total
  step 14970 | loss 0.3368 (avg50: 0.3321) | lr 4.91e-05 | epoch 6 | evo 59/299 (20%) pct=0.0010 | 1.79s/step | 34738s total
  step 14980 | loss 0.3274 (avg50: 0.3337) | lr 4.90e-05 | epoch 6 | evo 59/299 (20%) pct=0.0010 | 1.79s/step | 34756s total
  step 14990 | loss 0.3490 (avg50: 0.3350) | lr 4.88e-05 | epoch 6 | evo 59/299 (20%) pct=0.0010 | 1.81s/step | 34774s total
  step 15000 | loss 0.3404 (avg50: 0.3355) | lr 4.86e-05 | epoch 6 | evo 59/300 (20%) pct=0.0010 | 20.08s/step | 34810s total

  📊 Eval @ step 15000: cosine_sim=0.6625
     sim_behavioral: 0.6784
     sim_complex: 0.6042
     sim_math: 0.7432
     sim_mixed: 0.6485
     sim_prose: 0.6274
     sim_sexpr: 0.7346
     evo: 300 gens, 59 accepted (19.7%), base_pct=0.0010


  📊 Checkpoint eval @ step 15000: cosine_sim=0.6682
     sim_behavioral: 0.6900
     sim_complex: 0.5899
     sim_math: 0.7553
     sim_mixed: 0.6495
     sim_prose: 0.6370
     sim_sexpr: 0.7441
  💾 Checkpoint saved: /Users/mwhitford/src/verbum/checkpoints/basin-v3-d512/step_015000

  step 15010 | loss 0.3190 (avg50: 0.3367) | lr 4.85e-05 | epoch 6 | evo 59/300 (20%) pct=0.0010 | 1.77s/step | 34872s total
  step 15020 | loss 0.3305 (avg50: 0.3361) | lr 4.83e-05 | epoch 6 | evo 59/300 (20%) pct=0.0010 | 1.83s/step | 34890s total
  step 15030 | loss 0.3489 (avg50: 0.3342) | lr 4.81e-05 | epoch 6 | evo 59/300 (20%) pct=0.0010 | 1.82s/step | 34908s total
  step 15040 | loss 0.3302 (avg50: 0.3312) | lr 4.79e-05 | epoch 6 | evo 59/300 (20%) pct=0.0010 | 1.83s/step | 34927s total
  step 15050 | loss 0.3252 (avg50: 0.3321) | lr 4.78e-05 | epoch 6 | evo 59/301 (20%) pct=0.0010 | 20.07s/step | 34963s total
  step 15060 | loss 0.3294 (avg50: 0.3309) | lr 4.76e-05 | epoch 6 | evo 59/301 (20%) pct=0.0010 | 1.85s/step | 34982s total
  step 15070 | loss 0.3101 (avg50: 0.3297) | lr 4.74e-05 | epoch 6 | evo 59/301 (20%) pct=0.0010 | 1.85s/step | 35000s total
  step 15080 | loss 0.3398 (avg50: 0.3315) | lr 4.73e-05 | epoch 6 | evo 59/301 (20%) pct=0.0010 | 1.83s/step | 35019s total
  step 15090 | loss 0.3175 (avg50: 0.3343) | lr 4.71e-05 | epoch 6 | evo 59/301 (20%) pct=0.0010 | 1.84s/step | 35037s total
  step 15100 | loss 0.3150 (avg50: 0.3338) | lr 4.69e-05 | epoch 6 | evo 59/302 (20%) pct=0.0010 | 20.32s/step | 35074s total

  📊 Eval @ step 15100: cosine_sim=0.6691
     sim_behavioral: 0.6843
     sim_complex: 0.6111
     sim_math: 0.7466
     sim_mixed: 0.6453
     sim_prose: 0.6394
     sim_sexpr: 0.7283
     evo: 302 gens, 59 accepted (19.5%), base_pct=0.0010

  step 15110 | loss 0.3271 (avg50: 0.3364) | lr 4.67e-05 | epoch 6 | evo 59/302 (20%) pct=0.0010 | 1.87s/step | 35107s total
  step 15120 | loss 0.3412 (avg50: 0.3365) | lr 4.66e-05 | epoch 6 | evo 59/302 (20%) pct=0.0010 | 1.88s/step | 35125s total
  step 15130 | loss 0.3192 (avg50: 0.3350) | lr 4.64e-05 | epoch 6 | evo 59/302 (20%) pct=0.0010 | 1.88s/step | 35144s total
  step 15140 | loss 0.3335 (avg50: 0.3342) | lr 4.62e-05 | epoch 6 | evo 59/302 (20%) pct=0.0010 | 1.84s/step | 35162s total
  step 15150 | loss 0.3415 (avg50: 0.3347) | lr 4.61e-05 | epoch 6 | evo 59/303 (19%) pct=0.0010 | 20.35s/step | 35199s total
  step 15160 | loss 0.3267 (avg50: 0.3323) | lr 4.59e-05 | epoch 6 | evo 59/303 (19%) pct=0.0010 | 1.89s/step | 35218s total
  step 15170 | loss 0.3388 (avg50: 0.3340) | lr 4.57e-05 | epoch 6 | evo 59/303 (19%) pct=0.0010 | 1.87s/step | 35236s total
  step 15180 | loss 0.3133 (avg50: 0.3346) | lr 4.56e-05 | epoch 6 | evo 59/303 (19%) pct=0.0010 | 1.84s/step | 35255s total
  step 15190 | loss 0.3446 (avg50: 0.3348) | lr 4.54e-05 | epoch 6 | evo 59/303 (19%) pct=0.0010 | 1.87s/step | 35273s total
  step 15200 | loss 0.3160 (avg50: 0.3340) | lr 4.52e-05 | epoch 6 | evo 59/304 (19%) pct=0.0010 | 20.47s/step | 35311s total

  📊 Eval @ step 15200: cosine_sim=0.6633
     sim_behavioral: 0.6825
     sim_complex: 0.5861
     sim_math: 0.7415
     sim_mixed: 0.6577
     sim_prose: 0.6249
     sim_sexpr: 0.7359
     evo: 304 gens, 59 accepted (19.4%), base_pct=0.0010

  step 15210 | loss 0.3521 (avg50: 0.3348) | lr 4.51e-05 | epoch 6 | evo 59/304 (19%) pct=0.0010 | 1.90s/step | 35344s total
  step 15220 | loss 0.3201 (avg50: 0.3329) | lr 4.49e-05 | epoch 6 | evo 59/304 (19%) pct=0.0010 | 1.85s/step | 35362s total
  step 15230 | loss 0.3362 (avg50: 0.3338) | lr 4.47e-05 | epoch 6 | evo 59/304 (19%) pct=0.0010 | 1.89s/step | 35381s total
  step 15240 | loss 0.3308 (avg50: 0.3337) | lr 4.46e-05 | epoch 6 | evo 59/304 (19%) pct=0.0010 | 1.84s/step | 35399s total
  step 15250 | loss 0.3226 (avg50: 0.3341) | lr 4.44e-05 | epoch 6 | evo 59/305 (19%) pct=0.0010 | 20.15s/step | 35436s total
  step 15260 | loss 0.3208 (avg50: 0.3336) | lr 4.42e-05 | epoch 6 | evo 59/305 (19%) pct=0.0010 | 1.86s/step | 35454s total
  step 15270 | loss 0.3439 (avg50: 0.3336) | lr 4.41e-05 | epoch 6 | evo 59/305 (19%) pct=0.0010 | 1.83s/step | 35473s total
  step 15280 | loss 0.3477 (avg50: 0.3325) | lr 4.39e-05 | epoch 6 | evo 59/305 (19%) pct=0.0010 | 1.87s/step | 35491s total
  step 15290 | loss 0.3381 (avg50: 0.3322) | lr 4.37e-05 | epoch 6 | evo 59/305 (19%) pct=0.0010 | 1.87s/step | 35509s total
  step 15300 | loss 0.3329 (avg50: 0.3327) | lr 4.36e-05 | epoch 6 | evo 59/306 (19%) pct=0.0010 | 20.10s/step | 35546s total

  📊 Eval @ step 15300: cosine_sim=0.6644
     sim_behavioral: 0.6810
     sim_complex: 0.5826
     sim_math: 0.7397
     sim_mixed: 0.6435
     sim_prose: 0.6323
     sim_sexpr: 0.7224
     evo: 306 gens, 59 accepted (19.3%), base_pct=0.0010

  step 15310 | loss 0.3595 (avg50: 0.3320) | lr 4.34e-05 | epoch 6 | evo 59/306 (19%) pct=0.0010 | 1.79s/step | 35579s total
  step 15320 | loss 0.3417 (avg50: 0.3324) | lr 4.32e-05 | epoch 6 | evo 59/306 (19%) pct=0.0010 | 1.80s/step | 35597s total
  step 15330 | loss 0.3444 (avg50: 0.3325) | lr 4.31e-05 | epoch 6 | evo 59/306 (19%) pct=0.0010 | 1.83s/step | 35615s total
  step 15340 | loss 0.3352 (avg50: 0.3326) | lr 4.29e-05 | epoch 6 | evo 59/306 (19%) pct=0.0010 | 1.82s/step | 35634s total
  step 15350 | loss 0.3464 (avg50: 0.3321) | lr 4.28e-05 | epoch 6 | evo 59/307 (19%) pct=0.0010 | 19.93s/step | 35670s total
  step 15360 | loss 0.3272 (avg50: 0.3328) | lr 4.26e-05 | epoch 6 | evo 59/307 (19%) pct=0.0010 | 1.81s/step | 35689s total
  step 15370 | loss 0.3406 (avg50: 0.3344) | lr 4.24e-05 | epoch 6 | evo 59/307 (19%) pct=0.0010 | 1.85s/step | 35707s total
  step 15380 | loss 0.3639 (avg50: 0.3330) | lr 4.23e-05 | epoch 6 | evo 59/307 (19%) pct=0.0010 | 1.83s/step | 35725s total
  step 15390 | loss 0.3220 (avg50: 0.3321) | lr 4.21e-05 | epoch 6 | evo 59/307 (19%) pct=0.0010 | 1.82s/step | 35744s total
  step 15400 | loss 0.3036 (avg50: 0.3303) | lr 4.19e-05 | epoch 6 | evo 59/308 (19%) pct=0.0010 | 20.33s/step | 35781s total

  📊 Eval @ step 15400: cosine_sim=0.6694
     sim_behavioral: 0.6751
     sim_complex: 0.6014
     sim_math: 0.7537
     sim_mixed: 0.6582
     sim_prose: 0.6224
     sim_sexpr: 0.7393
     evo: 308 gens, 59 accepted (19.2%), base_pct=0.0010

  step 15410 | loss 0.3358 (avg50: 0.3290) | lr 4.18e-05 | epoch 6 | evo 59/308 (19%) pct=0.0010 | 1.77s/step | 35813s total
  step 15420 | loss 0.3570 (avg50: 0.3278) | lr 4.16e-05 | epoch 6 | evo 59/308 (19%) pct=0.0010 | 1.85s/step | 35832s total
  step 15430 | loss 0.3283 (avg50: 0.3289) | lr 4.15e-05 | epoch 6 | evo 59/308 (19%) pct=0.0010 | 1.85s/step | 35850s total
  step 15440 | loss 0.3362 (avg50: 0.3297) | lr 4.13e-05 | epoch 6 | evo 59/308 (19%) pct=0.0010 | 1.88s/step | 35869s total
  step 15450 | loss 0.3369 (avg50: 0.3310) | lr 4.11e-05 | epoch 6 | evo 59/309 (19%) pct=0.0010 | 20.31s/step | 35906s total
  step 15460 | loss 0.3323 (avg50: 0.3317) | lr 4.10e-05 | epoch 6 | evo 59/309 (19%) pct=0.0010 | 1.91s/step | 35924s total
  step 15470 | loss 0.3116 (avg50: 0.3322) | lr 4.08e-05 | epoch 6 | evo 59/309 (19%) pct=0.0010 | 1.86s/step | 35943s total
  step 15480 | loss 0.3291 (avg50: 0.3314) | lr 4.07e-05 | epoch 6 | evo 59/309 (19%) pct=0.0010 | 1.79s/step | 35961s total
  step 15490 | loss 0.3385 (avg50: 0.3327) | lr 4.05e-05 | epoch 6 | evo 59/309 (19%) pct=0.0010 | 1.83s/step | 35980s total
  step 15500 | loss 0.3490 (avg50: 0.3338) | lr 4.03e-05 | epoch 6 | evo 60/310 (19%) pct=0.0010 | 20.25s/step | 36017s total

  📊 Eval @ step 15500: cosine_sim=0.6508
     sim_behavioral: 0.6826
     sim_complex: 0.5643
     sim_math: 0.7261
     sim_mixed: 0.6390
     sim_prose: 0.6245
     sim_sexpr: 0.7455
     evo: 310 gens, 60 accepted (19.4%), base_pct=0.0010

  step 15510 | loss 0.3435 (avg50: 0.3369) | lr 4.02e-05 | epoch 6 | evo 60/310 (19%) pct=0.0010 | 1.93s/step | 36050s total
  step 15520 | loss 0.3473 (avg50: 0.3370) | lr 4.00e-05 | epoch 6 | evo 60/310 (19%) pct=0.0010 | 1.90s/step | 36069s total
  step 15530 | loss 0.3579 (avg50: 0.3388) | lr 3.99e-05 | epoch 6 | evo 60/310 (19%) pct=0.0010 | 1.87s/step | 36088s total
  step 15540 | loss 0.3161 (avg50: 0.3375) | lr 3.97e-05 | epoch 6 | evo 60/310 (19%) pct=0.0010 | 1.91s/step | 36107s total
  step 15550 | loss 0.3365 (avg50: 0.3354) | lr 3.96e-05 | epoch 6 | evo 60/311 (19%) pct=0.0010 | 20.65s/step | 36144s total
  step 15560 | loss 0.3462 (avg50: 0.3355) | lr 3.94e-05 | epoch 6 | evo 60/311 (19%) pct=0.0010 | 1.88s/step | 36163s total
  step 15570 | loss 0.3471 (avg50: 0.3375) | lr 3.92e-05 | epoch 6 | evo 60/311 (19%) pct=0.0010 | 1.88s/step | 36182s total
  step 15580 | loss 0.3458 (avg50: 0.3358) | lr 3.91e-05 | epoch 6 | evo 60/311 (19%) pct=0.0010 | 1.95s/step | 36201s total
  step 15590 | loss 0.3838 (avg50: 0.3372) | lr 3.89e-05 | epoch 6 | evo 60/311 (19%) pct=0.0010 | 2.11s/step | 36221s total
  step 15600 | loss 0.3294 (avg50: 0.3393) | lr 3.88e-05 | epoch 6 | evo 60/312 (19%) pct=0.0010 | 20.63s/step | 36259s total

  📊 Eval @ step 15600: cosine_sim=0.6612
     sim_behavioral: 0.6821
     sim_complex: 0.5874
     sim_math: 0.7620
     sim_mixed: 0.6627
     sim_prose: 0.6184
     sim_sexpr: 0.7406
     evo: 312 gens, 60 accepted (19.2%), base_pct=0.0010

  step 15610 | loss 0.3323 (avg50: 0.3376) | lr 3.86e-05 | epoch 6 | evo 60/312 (19%) pct=0.0010 | 1.87s/step | 36292s total
  step 15620 | loss 0.3273 (avg50: 0.3359) | lr 3.85e-05 | epoch 6 | evo 60/312 (19%) pct=0.0010 | 1.85s/step | 36311s total
  step 15630 | loss 0.3430 (avg50: 0.3374) | lr 3.83e-05 | epoch 6 | evo 60/312 (19%) pct=0.0010 | 1.88s/step | 36329s total
  step 15640 | loss 0.3611 (avg50: 0.3377) | lr 3.82e-05 | epoch 6 | evo 60/312 (19%) pct=0.0010 | 1.95s/step | 36348s total
  step 15650 | loss 0.3428 (avg50: 0.3353) | lr 3.80e-05 | epoch 6 | evo 60/313 (19%) pct=0.0010 | 20.16s/step | 36385s total
  step 15660 | loss 0.3198 (avg50: 0.3335) | lr 3.78e-05 | epoch 6 | evo 60/313 (19%) pct=0.0010 | 1.89s/step | 36404s total
  step 15670 | loss 0.3442 (avg50: 0.3327) | lr 3.77e-05 | epoch 6 | evo 60/313 (19%) pct=0.0010 | 1.84s/step | 36422s total
  step 15680 | loss 0.3321 (avg50: 0.3325) | lr 3.75e-05 | epoch 6 | evo 60/313 (19%) pct=0.0010 | 1.88s/step | 36441s total
  step 15690 | loss 0.3327 (avg50: 0.3299) | lr 3.74e-05 | epoch 6 | evo 60/313 (19%) pct=0.0010 | 1.89s/step | 36459s total
  step 15700 | loss 0.3372 (avg50: 0.3326) | lr 3.72e-05 | epoch 6 | evo 60/314 (19%) pct=0.0010 | 20.95s/step | 36497s total

  📊 Eval @ step 15700: cosine_sim=0.6623
     sim_behavioral: 0.6826
     sim_complex: 0.5954
     sim_math: 0.7512
     sim_mixed: 0.6525
     sim_prose: 0.6280
     sim_sexpr: 0.7479
     evo: 314 gens, 60 accepted (19.1%), base_pct=0.0010

  step 15710 | loss 0.3052 (avg50: 0.3330) | lr 3.71e-05 | epoch 6 | evo 60/314 (19%) pct=0.0010 | 1.82s/step | 36531s total
  step 15720 | loss 0.3338 (avg50: 0.3336) | lr 3.69e-05 | epoch 6 | evo 60/314 (19%) pct=0.0010 | 1.85s/step | 36549s total
  step 15730 | loss 0.3566 (avg50: 0.3345) | lr 3.68e-05 | epoch 6 | evo 60/314 (19%) pct=0.0010 | 1.89s/step | 36568s total
  step 15740 | loss 0.3262 (avg50: 0.3347) | lr 3.66e-05 | epoch 6 | evo 60/314 (19%) pct=0.0010 | 1.82s/step | 36586s total
  step 15750 | loss 0.3316 (avg50: 0.3328) | lr 3.65e-05 | epoch 6 | evo 60/315 (19%) pct=0.0010 | 20.28s/step | 36623s total
  step 15760 | loss 0.3282 (avg50: 0.3330) | lr 3.63e-05 | epoch 6 | evo 60/315 (19%) pct=0.0010 | 1.83s/step | 36641s total
  step 15770 | loss 0.3271 (avg50: 0.3318) | lr 3.62e-05 | epoch 6 | evo 60/315 (19%) pct=0.0010 | 1.82s/step | 36659s total
  step 15780 | loss 0.3382 (avg50: 0.3297) | lr 3.60e-05 | epoch 6 | evo 60/315 (19%) pct=0.0010 | 1.82s/step | 36678s total
  step 15790 | loss 0.3490 (avg50: 0.3298) | lr 3.59e-05 | epoch 6 | evo 60/315 (19%) pct=0.0010 | 1.83s/step | 36696s total
  step 15800 | loss 0.3639 (avg50: 0.3318) | lr 3.57e-05 | epoch 6 | evo 60/316 (19%) pct=0.0010 | 20.12s/step | 36733s total

  📊 Eval @ step 15800: cosine_sim=0.6680
     sim_behavioral: 0.6822
     sim_complex: 0.5982
     sim_math: 0.7479
     sim_mixed: 0.6577
     sim_prose: 0.6415
     sim_sexpr: 0.7425
     evo: 316 gens, 60 accepted (19.0%), base_pct=0.0010

  step 15810 | loss 0.3390 (avg50: 0.3325) | lr 3.56e-05 | epoch 6 | evo 60/316 (19%) pct=0.0010 | 1.80s/step | 36766s total
  step 15820 | loss 0.3321 (avg50: 0.3328) | lr 3.54e-05 | epoch 6 | evo 60/316 (19%) pct=0.0010 | 1.77s/step | 36784s total
  step 15830 | loss 0.3181 (avg50: 0.3335) | lr 3.53e-05 | epoch 6 | evo 60/316 (19%) pct=0.0010 | 1.83s/step | 36802s total
  step 15840 | loss 0.3455 (avg50: 0.3350) | lr 3.51e-05 | epoch 6 | evo 60/316 (19%) pct=0.0010 | 1.81s/step | 36820s total
  step 15850 | loss 0.3394 (avg50: 0.3335) | lr 3.50e-05 | epoch 6 | evo 61/317 (19%) pct=0.0010 | 20.06s/step | 36857s total
  step 15860 | loss 0.3559 (avg50: 0.3364) | lr 3.48e-05 | epoch 6 | evo 61/317 (19%) pct=0.0010 | 1.82s/step | 36875s total
  step 15870 | loss 0.3399 (avg50: 0.3393) | lr 3.47e-05 | epoch 6 | evo 61/317 (19%) pct=0.0010 | 1.86s/step | 36893s total
  step 15880 | loss 0.3337 (avg50: 0.3400) | lr 3.45e-05 | epoch 6 | evo 61/317 (19%) pct=0.0010 | 1.81s/step | 36912s total
  step 15890 | loss 0.3428 (avg50: 0.3392) | lr 3.44e-05 | epoch 6 | evo 61/317 (19%) pct=0.0010 | 1.83s/step | 36930s total
  step 15900 | loss 0.3213 (avg50: 0.3405) | lr 3.42e-05 | epoch 6 | evo 61/318 (19%) pct=0.0010 | 20.11s/step | 36967s total

  📊 Eval @ step 15900: cosine_sim=0.6630
     sim_behavioral: 0.6816
     sim_complex: 0.5906
     sim_math: 0.7318
     sim_mixed: 0.6587
     sim_prose: 0.6295
     sim_sexpr: 0.7253
     evo: 318 gens, 61 accepted (19.2%), base_pct=0.0010

  step 15910 | loss 0.2953 (avg50: 0.3366) | lr 3.41e-05 | epoch 6 | evo 61/318 (19%) pct=0.0010 | 1.82s/step | 37000s total
  step 15920 | loss 0.3367 (avg50: 0.3360) | lr 3.39e-05 | epoch 6 | evo 61/318 (19%) pct=0.0010 | 1.86s/step | 37018s total
  step 15930 | loss 0.3467 (avg50: 0.3362) | lr 3.38e-05 | epoch 6 | evo 61/318 (19%) pct=0.0010 | 1.82s/step | 37037s total
  step 15940 | loss 0.3458 (avg50: 0.3368) | lr 3.37e-05 | epoch 6 | evo 61/318 (19%) pct=0.0010 | 1.83s/step | 37055s total
  step 15950 | loss 0.3265 (avg50: 0.3366) | lr 3.35e-05 | epoch 6 | evo 62/319 (19%) pct=0.0010 | 19.91s/step | 37091s total
  step 15960 | loss 0.3421 (avg50: 0.3404) | lr 3.34e-05 | epoch 6 | evo 62/319 (19%) pct=0.0010 | 1.85s/step | 37110s total
  step 15970 | loss 0.3414 (avg50: 0.3401) | lr 3.32e-05 | epoch 6 | evo 62/319 (19%) pct=0.0010 | 1.92s/step | 37128s total
  step 15980 | loss 0.3313 (avg50: 0.3403) | lr 3.31e-05 | epoch 6 | evo 62/319 (19%) pct=0.0010 | 1.81s/step | 37147s total
  step 15990 | loss 0.3355 (avg50: 0.3394) | lr 3.29e-05 | epoch 6 | evo 62/319 (19%) pct=0.0010 | 1.87s/step | 37165s total
  step 16000 | loss 0.3509 (avg50: 0.3386) | lr 3.28e-05 | epoch 6 | evo 62/320 (19%) pct=0.0010 | 20.35s/step | 37202s total

  📊 Eval @ step 16000: cosine_sim=0.6718
     sim_behavioral: 0.6881
     sim_complex: 0.6059
     sim_math: 0.7571
     sim_mixed: 0.6423
     sim_prose: 0.6391
     sim_sexpr: 0.7321
     evo: 320 gens, 62 accepted (19.4%), base_pct=0.0010


  📊 Checkpoint eval @ step 16000: cosine_sim=0.6650
     sim_behavioral: 0.6814
     sim_complex: 0.5906
     sim_math: 0.7614
     sim_mixed: 0.6463
     sim_prose: 0.6269
     sim_sexpr: 0.7379
  💾 Checkpoint saved: /Users/mwhitford/src/verbum/checkpoints/basin-v3-d512/step_016000

  step 16010 | loss 0.3462 (avg50: 0.3359) | lr 3.26e-05 | epoch 6 | evo 62/320 (19%) pct=0.0010 | 1.83s/step | 37265s total
  step 16020 | loss 0.3318 (avg50: 0.3352) | lr 3.25e-05 | epoch 6 | evo 62/320 (19%) pct=0.0010 | 1.94s/step | 37284s total
  step 16030 | loss 0.3370 (avg50: 0.3338) | lr 3.24e-05 | epoch 6 | evo 62/320 (19%) pct=0.0010 | 1.86s/step | 37303s total
  step 16040 | loss 0.3258 (avg50: 0.3340) | lr 3.22e-05 | epoch 6 | evo 62/320 (19%) pct=0.0010 | 1.87s/step | 37322s total
  step 16050 | loss 0.3586 (avg50: 0.3348) | lr 3.21e-05 | epoch 6 | evo 62/321 (19%) pct=0.0010 | 20.42s/step | 37359s total
  step 16060 | loss 0.3283 (avg50: 0.3345) | lr 3.19e-05 | epoch 6 | evo 62/321 (19%) pct=0.0010 | 1.90s/step | 37378s total
  step 16070 | loss 0.3297 (avg50: 0.3341) | lr 3.18e-05 | epoch 6 | evo 62/321 (19%) pct=0.0010 | 1.84s/step | 37396s total
  step 16080 | loss 0.3388 (avg50: 0.3345) | lr 3.16e-05 | epoch 6 | evo 62/321 (19%) pct=0.0010 | 1.85s/step | 37414s total
  step 16090 | loss 0.3149 (avg50: 0.3340) | lr 3.15e-05 | epoch 6 | evo 62/321 (19%) pct=0.0010 | 1.85s/step | 37433s total
  step 16100 | loss 0.3393 (avg50: 0.3323) | lr 3.14e-05 | epoch 6 | evo 62/322 (19%) pct=0.0010 | 20.39s/step | 37470s total

  📊 Eval @ step 16100: cosine_sim=0.6637
     sim_behavioral: 0.6832
     sim_complex: 0.5947
     sim_math: 0.7585
     sim_mixed: 0.6549
     sim_prose: 0.6290
     sim_sexpr: 0.7386
     evo: 322 gens, 62 accepted (19.3%), base_pct=0.0010

  step 16110 | loss 0.3282 (avg50: 0.3332) | lr 3.12e-05 | epoch 6 | evo 62/322 (19%) pct=0.0010 | 1.88s/step | 37504s total
  step 16120 | loss 0.3370 (avg50: 0.3326) | lr 3.11e-05 | epoch 6 | evo 62/322 (19%) pct=0.0010 | 1.85s/step | 37522s total
  step 16130 | loss 0.3452 (avg50: 0.3330) | lr 3.09e-05 | epoch 6 | evo 62/322 (19%) pct=0.0010 | 1.83s/step | 37541s total
  step 16140 | loss 0.3326 (avg50: 0.3330) | lr 3.08e-05 | epoch 6 | evo 62/322 (19%) pct=0.0010 | 1.83s/step | 37559s total
  step 16150 | loss 0.3354 (avg50: 0.3349) | lr 3.07e-05 | epoch 6 | evo 62/323 (19%) pct=0.0010 | 20.55s/step | 37596s total
  step 16160 | loss 0.3315 (avg50: 0.3349) | lr 3.05e-05 | epoch 6 | evo 62/323 (19%) pct=0.0010 | 1.88s/step | 37615s total
  step 16170 | loss 0.3342 (avg50: 0.3353) | lr 3.04e-05 | epoch 6 | evo 62/323 (19%) pct=0.0010 | 1.81s/step | 37633s total
  step 16180 | loss 0.3298 (avg50: 0.3353) | lr 3.02e-05 | epoch 6 | evo 62/323 (19%) pct=0.0010 | 1.88s/step | 37652s total
  step 16190 | loss 0.3276 (avg50: 0.3348) | lr 3.01e-05 | epoch 6 | evo 62/323 (19%) pct=0.0010 | 1.82s/step | 37671s total
  step 16200 | loss 0.3363 (avg50: 0.3329) | lr 3.00e-05 | epoch 6 | evo 62/324 (19%) pct=0.0010 | 20.35s/step | 37707s total

  📊 Eval @ step 16200: cosine_sim=0.6718
     sim_behavioral: 0.6815
     sim_complex: 0.5994
     sim_math: 0.7407
     sim_mixed: 0.6437
     sim_prose: 0.6528
     sim_sexpr: 0.7453
     evo: 324 gens, 62 accepted (19.1%), base_pct=0.0010

  step 16210 | loss 0.3348 (avg50: 0.3316) | lr 2.98e-05 | epoch 6 | evo 62/324 (19%) pct=0.0010 | 1.80s/step | 37741s total
  step 16220 | loss 0.3200 (avg50: 0.3312) | lr 2.97e-05 | epoch 6 | evo 62/324 (19%) pct=0.0010 | 1.87s/step | 37759s total
  step 16230 | loss 0.3491 (avg50: 0.3332) | lr 2.96e-05 | epoch 6 | evo 62/324 (19%) pct=0.0010 | 1.87s/step | 37778s total
  step 16240 | loss 0.3273 (avg50: 0.3335) | lr 2.94e-05 | epoch 6 | evo 62/324 (19%) pct=0.0010 | 1.88s/step | 37796s total
  step 16250 | loss 0.3299 (avg50: 0.3343) | lr 2.93e-05 | epoch 6 | evo 62/325 (19%) pct=0.0010 | 20.07s/step | 37833s total
  step 16260 | loss 0.3402 (avg50: 0.3347) | lr 2.92e-05 | epoch 6 | evo 62/325 (19%) pct=0.0010 | 1.85s/step | 37851s total
  step 16270 | loss 0.3516 (avg50: 0.3347) | lr 2.90e-05 | epoch 6 | evo 62/325 (19%) pct=0.0010 | 1.83s/step | 37870s total
  step 16280 | loss 0.3137 (avg50: 0.3322) | lr 2.89e-05 | epoch 6 | evo 62/325 (19%) pct=0.0010 | 1.89s/step | 37889s total
  step 16290 | loss 0.3219 (avg50: 0.3325) | lr 2.87e-05 | epoch 6 | evo 62/325 (19%) pct=0.0010 | 1.80s/step | 37907s total
  step 16300 | loss 0.3406 (avg50: 0.3332) | lr 2.86e-05 | epoch 6 | evo 62/326 (19%) pct=0.0010 | 20.20s/step | 37944s total

  📊 Eval @ step 16300: cosine_sim=0.6610
     sim_behavioral: 0.6798
     sim_complex: 0.5903
     sim_math: 0.7266
     sim_mixed: 0.6547
     sim_prose: 0.6248
     sim_sexpr: 0.7266
     evo: 326 gens, 62 accepted (19.0%), base_pct=0.0010

  step 16310 | loss 0.3391 (avg50: 0.3328) | lr 2.85e-05 | epoch 6 | evo 62/326 (19%) pct=0.0010 | 1.85s/step | 37976s total
  step 16320 | loss 0.3261 (avg50: 0.3331) | lr 2.83e-05 | epoch 6 | evo 62/326 (19%) pct=0.0010 | 1.83s/step | 37995s total
  step 16330 | loss 0.3360 (avg50: 0.3337) | lr 2.82e-05 | epoch 6 | evo 62/326 (19%) pct=0.0010 | 1.84s/step | 38013s total
  step 16340 | loss 0.3423 (avg50: 0.3338) | lr 2.81e-05 | epoch 6 | evo 62/326 (19%) pct=0.0010 | 1.86s/step | 38032s total
  step 16350 | loss 0.3277 (avg50: 0.3336) | lr 2.79e-05 | epoch 6 | evo 62/327 (19%) pct=0.0010 | 20.22s/step | 38069s total
  step 16360 | loss 0.3558 (avg50: 0.3347) | lr 2.78e-05 | epoch 6 | evo 62/327 (19%) pct=0.0010 | 1.85s/step | 38087s total
  step 16370 | loss 0.3393 (avg50: 0.3348) | lr 2.77e-05 | epoch 6 | evo 62/327 (19%) pct=0.0010 | 1.83s/step | 38105s total
  step 16380 | loss 0.3114 (avg50: 0.3340) | lr 2.75e-05 | epoch 6 | evo 62/327 (19%) pct=0.0010 | 1.86s/step | 38124s total
  step 16390 | loss 0.3189 (avg50: 0.3323) | lr 2.74e-05 | epoch 6 | evo 62/327 (19%) pct=0.0010 | 1.86s/step | 38142s total
  step 16400 | loss 0.3383 (avg50: 0.3326) | lr 2.73e-05 | epoch 6 | evo 62/328 (19%) pct=0.0010 | 20.22s/step | 38179s total

  📊 Eval @ step 16400: cosine_sim=0.6599
     sim_behavioral: 0.6805
     sim_complex: 0.5876
     sim_math: 0.7409
     sim_mixed: 0.6502
     sim_prose: 0.6273
     sim_sexpr: 0.7455
     evo: 328 gens, 62 accepted (18.9%), base_pct=0.0010

  step 16410 | loss 0.3442 (avg50: 0.3320) | lr 2.72e-05 | epoch 6 | evo 62/328 (19%) pct=0.0010 | 1.85s/step | 38212s total
  step 16420 | loss 0.3227 (avg50: 0.3312) | lr 2.70e-05 | epoch 6 | evo 62/328 (19%) pct=0.0010 | 1.80s/step | 38231s total
  step 16430 | loss 0.3342 (avg50: 0.3310) | lr 2.69e-05 | epoch 6 | evo 62/328 (19%) pct=0.0010 | 1.82s/step | 38249s total
  step 16440 | loss 0.3130 (avg50: 0.3311) | lr 2.68e-05 | epoch 6 | evo 62/328 (19%) pct=0.0010 | 1.83s/step | 38267s total
  step 16450 | loss 0.3313 (avg50: 0.3313) | lr 2.66e-05 | epoch 6 | evo 62/329 (19%) pct=0.0010 | 20.22s/step | 38304s total
  step 16460 | loss 0.3278 (avg50: 0.3297) | lr 2.65e-05 | epoch 6 | evo 62/329 (19%) pct=0.0010 | 1.88s/step | 38323s total
  step 16470 | loss 0.3089 (avg50: 0.3299) | lr 2.64e-05 | epoch 6 | evo 62/329 (19%) pct=0.0010 | 1.85s/step | 38341s total
  step 16480 | loss 0.3578 (avg50: 0.3309) | lr 2.62e-05 | epoch 6 | evo 62/329 (19%) pct=0.0010 | 1.83s/step | 38359s total
  step 16490 | loss 0.3291 (avg50: 0.3323) | lr 2.61e-05 | epoch 6 | evo 62/329 (19%) pct=0.0010 | 1.86s/step | 38378s total
  step 16500 | loss 0.3344 (avg50: 0.3316) | lr 2.60e-05 | epoch 6 | evo 62/330 (19%) pct=0.0010 | 20.33s/step | 38415s total

  📊 Eval @ step 16500: cosine_sim=0.6561
     sim_behavioral: 0.6854
     sim_complex: 0.5829
     sim_math: 0.7606
     sim_mixed: 0.6374
     sim_prose: 0.6367
     sim_sexpr: 0.7377
     evo: 330 gens, 62 accepted (18.8%), base_pct=0.0010

  step 16510 | loss 0.3228 (avg50: 0.3333) | lr 2.59e-05 | epoch 6 | evo 62/330 (19%) pct=0.0010 | 1.85s/step | 38448s total
  step 16520 | loss 0.3271 (avg50: 0.3336) | lr 2.57e-05 | epoch 6 | evo 62/330 (19%) pct=0.0010 | 1.83s/step | 38466s total
  step 16530 | loss 0.3397 (avg50: 0.3334) | lr 2.56e-05 | epoch 6 | evo 62/330 (19%) pct=0.0010 | 1.86s/step | 38485s total
  step 16540 | loss 0.3209 (avg50: 0.3331) | lr 2.55e-05 | epoch 6 | evo 62/330 (19%) pct=0.0010 | 1.85s/step | 38503s total
  step 16550 | loss 0.3202 (avg50: 0.3333) | lr 2.54e-05 | epoch 6 | evo 62/331 (19%) pct=0.0010 | 19.86s/step | 38540s total
  step 16560 | loss 0.3506 (avg50: 0.3337) | lr 2.52e-05 | epoch 6 | evo 62/331 (19%) pct=0.0010 | 1.83s/step | 38558s total
  step 16570 | loss 0.3510 (avg50: 0.3343) | lr 2.51e-05 | epoch 6 | evo 62/331 (19%) pct=0.0010 | 1.83s/step | 38576s total
  step 16580 | loss 0.3109 (avg50: 0.3347) | lr 2.50e-05 | epoch 6 | evo 62/331 (19%) pct=0.0010 | 1.86s/step | 38595s total
  step 16590 | loss 0.3368 (avg50: 0.3347) | lr 2.49e-05 | epoch 6 | evo 62/331 (19%) pct=0.0010 | 1.80s/step | 38613s total
  step 16600 | loss 0.3521 (avg50: 0.3359) | lr 2.47e-05 | epoch 6 | evo 62/332 (19%) pct=0.0010 | 20.16s/step | 38650s total

  📊 Eval @ step 16600: cosine_sim=0.6634
     sim_behavioral: 0.6824
     sim_complex: 0.5966
     sim_math: 0.7444
     sim_mixed: 0.6333
     sim_prose: 0.6309
     sim_sexpr: 0.7353
     evo: 332 gens, 62 accepted (18.7%), base_pct=0.0010

  step 16610 | loss 0.3297 (avg50: 0.3358) | lr 2.46e-05 | epoch 6 | evo 62/332 (19%) pct=0.0010 | 1.84s/step | 38683s total
  step 16620 | loss 0.3362 (avg50: 0.3340) | lr 2.45e-05 | epoch 6 | evo 62/332 (19%) pct=0.0010 | 1.86s/step | 38701s total
  step 16630 | loss 0.3233 (avg50: 0.3323) | lr 2.44e-05 | epoch 7 | evo 62/332 (19%) pct=0.0010 | 1.81s/step | 38719s total
  step 16640 | loss 0.3224 (avg50: 0.3350) | lr 2.42e-05 | epoch 7 | evo 62/332 (19%) pct=0.0010 | 1.85s/step | 38738s total
  step 16650 | loss 0.3236 (avg50: 0.3321) | lr 2.41e-05 | epoch 7 | evo 62/333 (19%) pct=0.0010 | 19.93s/step | 38774s total
  step 16660 | loss 0.3336 (avg50: 0.3315) | lr 2.40e-05 | epoch 7 | evo 62/333 (19%) pct=0.0010 | 1.83s/step | 38792s total
  step 16670 | loss 0.3350 (avg50: 0.3324) | lr 2.39e-05 | epoch 7 | evo 62/333 (19%) pct=0.0010 | 1.80s/step | 38810s total
  step 16680 | loss 0.3234 (avg50: 0.3330) | lr 2.37e-05 | epoch 7 | evo 62/333 (19%) pct=0.0010 | 1.84s/step | 38829s total
  step 16690 | loss 0.3387 (avg50: 0.3313) | lr 2.36e-05 | epoch 7 | evo 62/333 (19%) pct=0.0010 | 1.84s/step | 38847s total
  step 16700 | loss 0.3132 (avg50: 0.3326) | lr 2.35e-05 | epoch 7 | evo 62/334 (19%) pct=0.0010 | 20.15s/step | 38884s total

  📊 Eval @ step 16700: cosine_sim=0.6714
     sim_behavioral: 0.6989
     sim_complex: 0.5921
     sim_math: 0.7291
     sim_mixed: 0.6507
     sim_prose: 0.6215
     sim_sexpr: 0.7502
     evo: 334 gens, 62 accepted (18.6%), base_pct=0.0010

  step 16710 | loss 0.3454 (avg50: 0.3335) | lr 2.34e-05 | epoch 7 | evo 62/334 (19%) pct=0.0010 | 1.78s/step | 38917s total
  step 16720 | loss 0.3456 (avg50: 0.3330) | lr 2.33e-05 | epoch 7 | evo 62/334 (19%) pct=0.0010 | 1.83s/step | 38935s total
  step 16730 | loss 0.3522 (avg50: 0.3328) | lr 2.31e-05 | epoch 7 | evo 62/334 (19%) pct=0.0010 | 1.82s/step | 38953s total
  step 16740 | loss 0.3552 (avg50: 0.3336) | lr 2.30e-05 | epoch 7 | evo 62/334 (19%) pct=0.0010 | 1.82s/step | 38972s total
  step 16750 | loss 0.3253 (avg50: 0.3326) | lr 2.29e-05 | epoch 7 | evo 62/335 (19%) pct=0.0010 | 20.31s/step | 39008s total
  step 16760 | loss 0.3296 (avg50: 0.3318) | lr 2.28e-05 | epoch 7 | evo 62/335 (19%) pct=0.0010 | 1.86s/step | 39027s total
  step 16770 | loss 0.3366 (avg50: 0.3345) | lr 2.27e-05 | epoch 7 | evo 62/335 (19%) pct=0.0010 | 1.82s/step | 39045s total
  step 16780 | loss 0.3216 (avg50: 0.3343) | lr 2.25e-05 | epoch 7 | evo 62/335 (19%) pct=0.0010 | 1.86s/step | 39063s total
  step 16790 | loss 0.3303 (avg50: 0.3331) | lr 2.24e-05 | epoch 7 | evo 62/335 (19%) pct=0.0010 | 1.84s/step | 39082s total
  step 16800 | loss 0.3504 (avg50: 0.3335) | lr 2.23e-05 | epoch 7 | evo 62/336 (18%) pct=0.0010 | 20.17s/step | 39118s total

  📊 Eval @ step 16800: cosine_sim=0.6695
     sim_behavioral: 0.7007
     sim_complex: 0.6055
     sim_math: 0.7495
     sim_mixed: 0.6528
     sim_prose: 0.6373
     sim_sexpr: 0.7407
     evo: 336 gens, 62 accepted (18.5%), base_pct=0.0010

  step 16810 | loss 0.3078 (avg50: 0.3332) | lr 2.22e-05 | epoch 7 | evo 62/336 (18%) pct=0.0010 | 1.83s/step | 39151s total
  step 16820 | loss 0.3406 (avg50: 0.3310) | lr 2.21e-05 | epoch 7 | evo 62/336 (18%) pct=0.0010 | 1.86s/step | 39169s total
  step 16830 | loss 0.3520 (avg50: 0.3308) | lr 2.19e-05 | epoch 7 | evo 62/336 (18%) pct=0.0010 | 1.80s/step | 39188s total
  step 16840 | loss 0.3412 (avg50: 0.3318) | lr 2.18e-05 | epoch 7 | evo 62/336 (18%) pct=0.0010 | 1.81s/step | 39206s total
  step 16850 | loss 0.3424 (avg50: 0.3325) | lr 2.17e-05 | epoch 7 | evo 62/337 (18%) pct=0.0010 | 20.08s/step | 39242s total
  step 16860 | loss 0.3097 (avg50: 0.3320) | lr 2.16e-05 | epoch 7 | evo 62/337 (18%) pct=0.0010 | 1.84s/step | 39260s total
  step 16870 | loss 0.3362 (avg50: 0.3335) | lr 2.15e-05 | epoch 7 | evo 62/337 (18%) pct=0.0010 | 1.79s/step | 39278s total
  step 16880 | loss 0.3387 (avg50: 0.3330) | lr 2.14e-05 | epoch 7 | evo 62/337 (18%) pct=0.0010 | 1.78s/step | 39296s total
  step 16890 | loss 0.3361 (avg50: 0.3326) | lr 2.13e-05 | epoch 7 | evo 62/337 (18%) pct=0.0010 | 1.84s/step | 39314s total
  step 16900 | loss 0.3453 (avg50: 0.3328) | lr 2.11e-05 | epoch 7 | evo 62/338 (18%) pct=0.0010 | 19.74s/step | 39350s total

  📊 Eval @ step 16900: cosine_sim=0.6675
     sim_behavioral: 0.6910
     sim_complex: 0.6106
     sim_math: 0.7495
     sim_mixed: 0.6476
     sim_prose: 0.6350
     sim_sexpr: 0.7376
     evo: 338 gens, 62 accepted (18.3%), base_pct=0.0010

  step 16910 | loss 0.3180 (avg50: 0.3317) | lr 2.10e-05 | epoch 7 | evo 62/338 (18%) pct=0.0010 | 1.83s/step | 39382s total
  step 16920 | loss 0.3174 (avg50: 0.3308) | lr 2.09e-05 | epoch 7 | evo 62/338 (18%) pct=0.0010 | 1.81s/step | 39400s total
  step 16930 | loss 0.3256 (avg50: 0.3316) | lr 2.08e-05 | epoch 7 | evo 62/338 (18%) pct=0.0010 | 1.82s/step | 39418s total
  step 16940 | loss 0.3300 (avg50: 0.3313) | lr 2.07e-05 | epoch 7 | evo 62/338 (18%) pct=0.0010 | 1.77s/step | 39436s total
  step 16950 | loss 0.3428 (avg50: 0.3300) | lr 2.06e-05 | epoch 7 | evo 62/339 (18%) pct=0.0010 | 19.63s/step | 39472s total
  step 16960 | loss 0.3258 (avg50: 0.3318) | lr 2.05e-05 | epoch 7 | evo 62/339 (18%) pct=0.0010 | 1.76s/step | 39490s total
  step 16970 | loss 0.3355 (avg50: 0.3319) | lr 2.03e-05 | epoch 7 | evo 62/339 (18%) pct=0.0010 | 1.78s/step | 39507s total
  step 16980 | loss 0.3136 (avg50: 0.3314) | lr 2.02e-05 | epoch 7 | evo 62/339 (18%) pct=0.0010 | 1.78s/step | 39525s total
  step 16990 | loss 0.3015 (avg50: 0.3317) | lr 2.01e-05 | epoch 7 | evo 62/339 (18%) pct=0.0010 | 1.78s/step | 39543s total
  step 17000 | loss 0.3607 (avg50: 0.3330) | lr 2.00e-05 | epoch 7 | evo 62/340 (18%) pct=0.0010 | 19.71s/step | 39579s total

  📊 Eval @ step 17000: cosine_sim=0.6730
     sim_behavioral: 0.6916
     sim_complex: 0.6019
     sim_math: 0.7549
     sim_mixed: 0.6618
     sim_prose: 0.6424
     sim_sexpr: 0.7457
     evo: 340 gens, 62 accepted (18.2%), base_pct=0.0010


  📊 Checkpoint eval @ step 17000: cosine_sim=0.6689
     sim_behavioral: 0.6868
     sim_complex: 0.5930
     sim_math: 0.7538
     sim_mixed: 0.6597
     sim_prose: 0.6353
     sim_sexpr: 0.7331
  💾 Checkpoint saved: /Users/mwhitford/src/verbum/checkpoints/basin-v3-d512/step_017000

  step 17010 | loss 0.3440 (avg50: 0.3323) | lr 1.99e-05 | epoch 7 | evo 62/340 (18%) pct=0.0010 | 1.77s/step | 39640s total
  step 17020 | loss 0.3366 (avg50: 0.3324) | lr 1.98e-05 | epoch 7 | evo 62/340 (18%) pct=0.0010 | 1.79s/step | 39658s total
  step 17030 | loss 0.3425 (avg50: 0.3338) | lr 1.97e-05 | epoch 7 | evo 62/340 (18%) pct=0.0010 | 1.77s/step | 39675s total
  step 17040 | loss 0.3150 (avg50: 0.3322) | lr 1.96e-05 | epoch 7 | evo 62/340 (18%) pct=0.0010 | 1.89s/step | 39693s total
  step 17050 | loss 0.3263 (avg50: 0.3348) | lr 1.95e-05 | epoch 7 | evo 62/341 (18%) pct=0.0010 | 19.59s/step | 39729s total
  step 17060 | loss 0.3546 (avg50: 0.3345) | lr 1.93e-05 | epoch 7 | evo 62/341 (18%) pct=0.0010 | 1.77s/step | 39747s total
  step 17070 | loss 0.3285 (avg50: 0.3353) | lr 1.92e-05 | epoch 7 | evo 62/341 (18%) pct=0.0010 | 1.78s/step | 39765s total
  step 17080 | loss 0.3305 (avg50: 0.3336) | lr 1.91e-05 | epoch 7 | evo 62/341 (18%) pct=0.0010 | 1.77s/step | 39783s total
  step 17090 | loss 0.3469 (avg50: 0.3357) | lr 1.90e-05 | epoch 7 | evo 62/341 (18%) pct=0.0010 | 1.89s/step | 39801s total
  step 17100 | loss 0.3081 (avg50: 0.3325) | lr 1.89e-05 | epoch 7 | evo 62/342 (18%) pct=0.0010 | 19.55s/step | 39837s total

  📊 Eval @ step 17100: cosine_sim=0.6726
     sim_behavioral: 0.6920
     sim_complex: 0.5897
     sim_math: 0.7524
     sim_mixed: 0.6506
     sim_prose: 0.6553
     sim_sexpr: 0.7452
     evo: 342 gens, 62 accepted (18.1%), base_pct=0.0010

  step 17110 | loss 0.3251 (avg50: 0.3330) | lr 1.88e-05 | epoch 7 | evo 62/342 (18%) pct=0.0010 | 1.78s/step | 39869s total
  step 17120 | loss 0.3315 (avg50: 0.3330) | lr 1.87e-05 | epoch 7 | evo 62/342 (18%) pct=0.0010 | 1.78s/step | 39887s total
  step 17130 | loss 0.3106 (avg50: 0.3339) | lr 1.86e-05 | epoch 7 | evo 62/342 (18%) pct=0.0010 | 1.77s/step | 39905s total
  step 17140 | loss 0.3346 (avg50: 0.3314) | lr 1.85e-05 | epoch 7 | evo 62/342 (18%) pct=0.0010 | 1.78s/step | 39923s total
  step 17150 | loss 0.3435 (avg50: 0.3315) | lr 1.84e-05 | epoch 7 | evo 63/343 (18%) pct=0.0010 | 19.67s/step | 39958s total
  step 17160 | loss 0.3317 (avg50: 0.3330) | lr 1.83e-05 | epoch 7 | evo 63/343 (18%) pct=0.0010 | 1.80s/step | 39976s total
  step 17170 | loss 0.3242 (avg50: 0.3344) | lr 1.82e-05 | epoch 7 | evo 63/343 (18%) pct=0.0010 | 1.78s/step | 39994s total
  step 17180 | loss 0.3488 (avg50: 0.3355) | lr 1.81e-05 | epoch 7 | evo 63/343 (18%) pct=0.0010 | 1.77s/step | 40012s total
  step 17190 | loss 0.3229 (avg50: 0.3380) | lr 1.80e-05 | epoch 7 | evo 63/343 (18%) pct=0.0010 | 1.76s/step | 40030s total
  step 17200 | loss 0.3315 (avg50: 0.3374) | lr 1.79e-05 | epoch 7 | evo 63/344 (18%) pct=0.0010 | 19.56s/step | 40065s total

  📊 Eval @ step 17200: cosine_sim=0.6687
     sim_behavioral: 0.6834
     sim_complex: 0.6107
     sim_math: 0.7341
     sim_mixed: 0.6510
     sim_prose: 0.6379
     sim_sexpr: 0.7488
     evo: 344 gens, 63 accepted (18.3%), base_pct=0.0010

  step 17210 | loss 0.3262 (avg50: 0.3367) | lr 1.78e-05 | epoch 7 | evo 63/344 (18%) pct=0.0010 | 1.78s/step | 40097s total
  step 17220 | loss 0.3273 (avg50: 0.3333) | lr 1.76e-05 | epoch 7 | evo 63/344 (18%) pct=0.0010 | 1.76s/step | 40115s total
  step 17230 | loss 0.3590 (avg50: 0.3321) | lr 1.75e-05 | epoch 7 | evo 63/344 (18%) pct=0.0010 | 1.78s/step | 40133s total
  step 17240 | loss 0.3635 (avg50: 0.3331) | lr 1.74e-05 | epoch 7 | evo 63/344 (18%) pct=0.0010 | 1.78s/step | 40150s total
  step 17250 | loss 0.3499 (avg50: 0.3339) | lr 1.73e-05 | epoch 7 | evo 63/345 (18%) pct=0.0010 | 19.50s/step | 40186s total
  step 17260 | loss 0.3427 (avg50: 0.3337) | lr 1.72e-05 | epoch 7 | evo 63/345 (18%) pct=0.0010 | 1.77s/step | 40204s total
  step 17270 | loss 0.3393 (avg50: 0.3350) | lr 1.71e-05 | epoch 7 | evo 63/345 (18%) pct=0.0010 | 1.78s/step | 40221s total
  step 17280 | loss 0.3405 (avg50: 0.3332) | lr 1.70e-05 | epoch 7 | evo 63/345 (18%) pct=0.0010 | 1.77s/step | 40239s total
  step 17290 | loss 0.3325 (avg50: 0.3325) | lr 1.69e-05 | epoch 7 | evo 63/345 (18%) pct=0.0010 | 1.77s/step | 40257s total
  step 17300 | loss 0.3186 (avg50: 0.3312) | lr 1.68e-05 | epoch 7 | evo 63/346 (18%) pct=0.0010 | 19.50s/step | 40292s total

  📊 Eval @ step 17300: cosine_sim=0.6622
     sim_behavioral: 0.6741
     sim_complex: 0.6064
     sim_math: 0.7412
     sim_mixed: 0.6567
     sim_prose: 0.6157
     sim_sexpr: 0.7425
     evo: 346 gens, 63 accepted (18.2%), base_pct=0.0010

  step 17310 | loss 0.3432 (avg50: 0.3325) | lr 1.67e-05 | epoch 7 | evo 63/346 (18%) pct=0.0010 | 1.77s/step | 40324s total
  step 17320 | loss 0.3047 (avg50: 0.3302) | lr 1.66e-05 | epoch 7 | evo 63/346 (18%) pct=0.0010 | 1.77s/step | 40342s total
  step 17330 | loss 0.3550 (avg50: 0.3320) | lr 1.65e-05 | epoch 7 | evo 63/346 (18%) pct=0.0010 | 1.78s/step | 40360s total
  step 17340 | loss 0.3299 (avg50: 0.3307) | lr 1.64e-05 | epoch 7 | evo 63/346 (18%) pct=0.0010 | 1.77s/step | 40377s total
  step 17350 | loss 0.3292 (avg50: 0.3325) | lr 1.63e-05 | epoch 7 | evo 63/347 (18%) pct=0.0010 | 19.46s/step | 40413s total
  step 17360 | loss 0.3136 (avg50: 0.3299) | lr 1.62e-05 | epoch 7 | evo 63/347 (18%) pct=0.0010 | 1.78s/step | 40431s total
  step 17370 | loss 0.3525 (avg50: 0.3320) | lr 1.61e-05 | epoch 7 | evo 63/347 (18%) pct=0.0010 | 1.82s/step | 40449s total
  step 17380 | loss 0.3387 (avg50: 0.3318) | lr 1.60e-05 | epoch 7 | evo 63/347 (18%) pct=0.0010 | 1.81s/step | 40467s total
  step 17390 | loss 0.3404 (avg50: 0.3336) | lr 1.59e-05 | epoch 7 | evo 63/347 (18%) pct=0.0010 | 1.79s/step | 40485s total
  step 17400 | loss 0.3041 (avg50: 0.3332) | lr 1.58e-05 | epoch 7 | evo 63/348 (18%) pct=0.0010 | 19.52s/step | 40520s total

  📊 Eval @ step 17400: cosine_sim=0.6624
     sim_behavioral: 0.6849
     sim_complex: 0.5847
     sim_math: 0.7632
     sim_mixed: 0.6588
     sim_prose: 0.6229
     sim_sexpr: 0.7359
     evo: 348 gens, 63 accepted (18.1%), base_pct=0.0010

  step 17410 | loss 0.3423 (avg50: 0.3335) | lr 1.57e-05 | epoch 7 | evo 63/348 (18%) pct=0.0010 | 1.77s/step | 40552s total
  step 17420 | loss 0.3425 (avg50: 0.3333) | lr 1.56e-05 | epoch 7 | evo 63/348 (18%) pct=0.0010 | 1.78s/step | 40570s total
  step 17430 | loss 0.3590 (avg50: 0.3343) | lr 1.55e-05 | epoch 7 | evo 63/348 (18%) pct=0.0010 | 1.78s/step | 40588s total
  step 17440 | loss 0.3150 (avg50: 0.3321) | lr 1.55e-05 | epoch 7 | evo 63/348 (18%) pct=0.0010 | 1.79s/step | 40606s total
  step 17450 | loss 0.3189 (avg50: 0.3329) | lr 1.54e-05 | epoch 7 | evo 63/349 (18%) pct=0.0010 | 19.87s/step | 40642s total
  step 17460 | loss 0.3261 (avg50: 0.3330) | lr 1.53e-05 | epoch 7 | evo 63/349 (18%) pct=0.0010 | 1.78s/step | 40660s total
  step 17470 | loss 0.3335 (avg50: 0.3334) | lr 1.52e-05 | epoch 7 | evo 63/349 (18%) pct=0.0010 | 1.80s/step | 40678s total
  step 17480 | loss 0.3390 (avg50: 0.3326) | lr 1.51e-05 | epoch 7 | evo 63/349 (18%) pct=0.0010 | 1.84s/step | 40696s total
  step 17490 | loss 0.3148 (avg50: 0.3334) | lr 1.50e-05 | epoch 7 | evo 63/349 (18%) pct=0.0010 | 1.83s/step | 40714s total
  step 17500 | loss 0.3291 (avg50: 0.3316) | lr 1.49e-05 | epoch 7 | evo 63/350 (18%) pct=0.0010 | 19.61s/step | 40749s total

  📊 Eval @ step 17500: cosine_sim=0.6560
     sim_behavioral: 0.6706
     sim_complex: 0.5835
     sim_math: 0.7547
     sim_mixed: 0.6362
     sim_prose: 0.6252
     sim_sexpr: 0.7291
     evo: 350 gens, 63 accepted (18.0%), base_pct=0.0010

  step 17510 | loss 0.3336 (avg50: 0.3334) | lr 1.48e-05 | epoch 7 | evo 63/350 (18%) pct=0.0010 | 1.79s/step | 40782s total
  step 17520 | loss 0.3361 (avg50: 0.3348) | lr 1.47e-05 | epoch 7 | evo 63/350 (18%) pct=0.0010 | 1.80s/step | 40800s total
  step 17530 | loss 0.3347 (avg50: 0.3345) | lr 1.46e-05 | epoch 7 | evo 63/350 (18%) pct=0.0010 | 1.81s/step | 40818s total
  step 17540 | loss 0.3412 (avg50: 0.3345) | lr 1.45e-05 | epoch 7 | evo 63/350 (18%) pct=0.0010 | 1.77s/step | 40836s total
  step 17550 | loss 0.3479 (avg50: 0.3360) | lr 1.44e-05 | epoch 7 | evo 63/351 (18%) pct=0.0010 | 19.67s/step | 40872s total
  step 17560 | loss 0.3525 (avg50: 0.3344) | lr 1.43e-05 | epoch 7 | evo 63/351 (18%) pct=0.0010 | 1.77s/step | 40889s total
  step 17570 | loss 0.3146 (avg50: 0.3318) | lr 1.42e-05 | epoch 7 | evo 63/351 (18%) pct=0.0010 | 1.78s/step | 40907s total
  step 17580 | loss 0.3334 (avg50: 0.3323) | lr 1.41e-05 | epoch 7 | evo 63/351 (18%) pct=0.0010 | 1.78s/step | 40925s total
  step 17590 | loss 0.3372 (avg50: 0.3322) | lr 1.41e-05 | epoch 7 | evo 63/351 (18%) pct=0.0010 | 1.81s/step | 40943s total
  step 17600 | loss 0.3327 (avg50: 0.3302) | lr 1.40e-05 | epoch 7 | evo 63/352 (18%) pct=0.0010 | 19.81s/step | 40979s total

  📊 Eval @ step 17600: cosine_sim=0.6633
     sim_behavioral: 0.6909
     sim_complex: 0.5975
     sim_math: 0.7592
     sim_mixed: 0.6344
     sim_prose: 0.6407
     sim_sexpr: 0.7328
     evo: 352 gens, 63 accepted (17.9%), base_pct=0.0010

  step 17610 | loss 0.3331 (avg50: 0.3313) | lr 1.39e-05 | epoch 7 | evo 63/352 (18%) pct=0.0010 | 1.83s/step | 41011s total
  step 17620 | loss 0.3381 (avg50: 0.3321) | lr 1.38e-05 | epoch 7 | evo 63/352 (18%) pct=0.0010 | 1.78s/step | 41029s total
  step 17630 | loss 0.3302 (avg50: 0.3328) | lr 1.37e-05 | epoch 7 | evo 63/352 (18%) pct=0.0010 | 1.80s/step | 41047s total
  step 17640 | loss 0.3251 (avg50: 0.3316) | lr 1.36e-05 | epoch 7 | evo 63/352 (18%) pct=0.0010 | 1.78s/step | 41065s total
  step 17650 | loss 0.3051 (avg50: 0.3335) | lr 1.35e-05 | epoch 7 | evo 63/353 (18%) pct=0.0010 | 19.76s/step | 41101s total
  step 17660 | loss 0.3401 (avg50: 0.3350) | lr 1.34e-05 | epoch 7 | evo 63/353 (18%) pct=0.0010 | 1.80s/step | 41119s total
  step 17670 | loss 0.3431 (avg50: 0.3355) | lr 1.33e-05 | epoch 7 | evo 63/353 (18%) pct=0.0010 | 1.84s/step | 41137s total
  step 17680 | loss 0.3364 (avg50: 0.3354) | lr 1.33e-05 | epoch 7 | evo 63/353 (18%) pct=0.0010 | 1.90s/step | 41156s total
  step 17690 | loss 0.3287 (avg50: 0.3362) | lr 1.32e-05 | epoch 7 | evo 63/353 (18%) pct=0.0010 | 1.82s/step | 41174s total
  step 17700 | loss 0.3266 (avg50: 0.3364) | lr 1.31e-05 | epoch 7 | evo 63/354 (18%) pct=0.0010 | 19.88s/step | 41211s total

  📊 Eval @ step 17700: cosine_sim=0.6717
     sim_behavioral: 0.6857
     sim_complex: 0.5943
     sim_math: 0.7547
     sim_mixed: 0.6395
     sim_prose: 0.6353
     sim_sexpr: 0.7458
     evo: 354 gens, 63 accepted (17.8%), base_pct=0.0010

  step 17710 | loss 0.3498 (avg50: 0.3343) | lr 1.30e-05 | epoch 7 | evo 63/354 (18%) pct=0.0010 | 1.82s/step | 41243s total
  step 17720 | loss 0.3466 (avg50: 0.3330) | lr 1.29e-05 | epoch 7 | evo 63/354 (18%) pct=0.0010 | 1.82s/step | 41261s total
  step 17730 | loss 0.3416 (avg50: 0.3339) | lr 1.28e-05 | epoch 7 | evo 63/354 (18%) pct=0.0010 | 1.81s/step | 41279s total
  step 17740 | loss 0.3307 (avg50: 0.3336) | lr 1.27e-05 | epoch 7 | evo 63/354 (18%) pct=0.0010 | 1.81s/step | 41297s total
  step 17750 | loss 0.3539 (avg50: 0.3334) | lr 1.27e-05 | epoch 7 | evo 64/355 (18%) pct=0.0010 | 19.84s/step | 41333s total
  step 17760 | loss 0.3576 (avg50: 0.3346) | lr 1.26e-05 | epoch 7 | evo 64/355 (18%) pct=0.0010 | 1.78s/step | 41351s total
  step 17770 | loss 0.3320 (avg50: 0.3363) | lr 1.25e-05 | epoch 7 | evo 64/355 (18%) pct=0.0010 | 1.82s/step | 41369s total
  step 17780 | loss 0.3572 (avg50: 0.3387) | lr 1.24e-05 | epoch 7 | evo 64/355 (18%) pct=0.0010 | 1.79s/step | 41387s total
  step 17790 | loss 0.3414 (avg50: 0.3411) | lr 1.23e-05 | epoch 7 | evo 64/355 (18%) pct=0.0010 | 1.80s/step | 41405s total
  step 17800 | loss 0.3312 (avg50: 0.3394) | lr 1.22e-05 | epoch 7 | evo 65/356 (18%) pct=0.0010 | 20.07s/step | 41441s total

  📊 Eval @ step 17800: cosine_sim=0.6599
     sim_behavioral: 0.6779
     sim_complex: 0.5859
     sim_math: 0.7476
     sim_mixed: 0.6509
     sim_prose: 0.6216
     sim_sexpr: 0.7389
     evo: 356 gens, 65 accepted (18.3%), base_pct=0.0010

  step 17810 | loss 0.3314 (avg50: 0.3401) | lr 1.21e-05 | epoch 7 | evo 65/356 (18%) pct=0.0010 | 1.78s/step | 41474s total
  step 17820 | loss 0.3579 (avg50: 0.3406) | lr 1.21e-05 | epoch 7 | evo 65/356 (18%) pct=0.0010 | 1.78s/step | 41491s total
  step 17830 | loss 0.3636 (avg50: 0.3393) | lr 1.20e-05 | epoch 7 | evo 65/356 (18%) pct=0.0010 | 1.78s/step | 41509s total
  step 17840 | loss 0.3246 (avg50: 0.3394) | lr 1.19e-05 | epoch 7 | evo 65/356 (18%) pct=0.0010 | 1.84s/step | 41527s total
  step 17850 | loss 0.3092 (avg50: 0.3411) | lr 1.18e-05 | epoch 7 | evo 66/357 (18%) pct=0.0010 | 19.83s/step | 41563s total
  step 17860 | loss 0.3529 (avg50: 0.3418) | lr 1.17e-05 | epoch 7 | evo 66/357 (18%) pct=0.0010 | 1.80s/step | 41582s total
  step 17870 | loss 0.3542 (avg50: 0.3432) | lr 1.17e-05 | epoch 7 | evo 66/357 (18%) pct=0.0010 | 1.78s/step | 41600s total
  step 17880 | loss 0.3339 (avg50: 0.3409) | lr 1.16e-05 | epoch 7 | evo 66/357 (18%) pct=0.0010 | 1.84s/step | 41618s total
  step 17890 | loss 0.3470 (avg50: 0.3403) | lr 1.15e-05 | epoch 7 | evo 66/357 (18%) pct=0.0010 | 1.81s/step | 41636s total
  step 17900 | loss 0.3382 (avg50: 0.3408) | lr 1.14e-05 | epoch 7 | evo 66/358 (18%) pct=0.0010 | 19.63s/step | 41672s total

  📊 Eval @ step 17900: cosine_sim=0.6627
     sim_behavioral: 0.6809
     sim_complex: 0.5930
     sim_math: 0.7427
     sim_mixed: 0.6567
     sim_prose: 0.6144
     sim_sexpr: 0.7241
     evo: 358 gens, 66 accepted (18.4%), base_pct=0.0010

  step 17910 | loss 0.3466 (avg50: 0.3410) | lr 1.13e-05 | epoch 7 | evo 66/358 (18%) pct=0.0010 | 1.79s/step | 41704s total
  step 17920 | loss 0.3538 (avg50: 0.3392) | lr 1.13e-05 | epoch 7 | evo 66/358 (18%) pct=0.0010 | 1.82s/step | 41722s total
  step 17930 | loss 0.4130 (avg50: 0.3401) | lr 1.12e-05 | epoch 7 | evo 66/358 (18%) pct=0.0010 | 1.77s/step | 41740s total
  step 17940 | loss 0.3424 (avg50: 0.3396) | lr 1.11e-05 | epoch 7 | evo 66/358 (18%) pct=0.0010 | 1.85s/step | 41758s total
  step 17950 | loss 0.3216 (avg50: 0.3389) | lr 1.10e-05 | epoch 7 | evo 67/359 (19%) pct=0.0010 | 19.91s/step | 41795s total
  step 17960 | loss 0.3274 (avg50: 0.3380) | lr 1.09e-05 | epoch 7 | evo 67/359 (19%) pct=0.0010 | 1.78s/step | 41813s total
  step 17970 | loss 0.3480 (avg50: 0.3401) | lr 1.09e-05 | epoch 7 | evo 67/359 (19%) pct=0.0010 | 1.78s/step | 41831s total
  step 17980 | loss 0.3420 (avg50: 0.3399) | lr 1.08e-05 | epoch 7 | evo 67/359 (19%) pct=0.0010 | 1.82s/step | 41849s total
  step 17990 | loss 0.3242 (avg50: 0.3402) | lr 1.07e-05 | epoch 7 | evo 67/359 (19%) pct=0.0010 | 1.79s/step | 41867s total
  step 18000 | loss 0.3367 (avg50: 0.3402) | lr 1.06e-05 | epoch 7 | evo 67/360 (19%) pct=0.0010 | 20.07s/step | 41903s total

  📊 Eval @ step 18000: cosine_sim=0.6651
     sim_behavioral: 0.6872
     sim_complex: 0.6027
     sim_math: 0.7542
     sim_mixed: 0.6485
     sim_prose: 0.6188
     sim_sexpr: 0.7337
     evo: 360 gens, 67 accepted (18.6%), base_pct=0.0010


  📊 Checkpoint eval @ step 18000: cosine_sim=0.6563
     sim_behavioral: 0.6734
     sim_complex: 0.5826
     sim_math: 0.7538
     sim_mixed: 0.6413
     sim_prose: 0.6254
     sim_sexpr: 0.7308
  💾 Checkpoint saved: /Users/mwhitford/src/verbum/checkpoints/basin-v3-d512/step_018000

  step 18010 | loss 0.3097 (avg50: 0.3376) | lr 1.06e-05 | epoch 7 | evo 67/360 (19%) pct=0.0010 | 1.83s/step | 41964s total
  step 18020 | loss 0.3265 (avg50: 0.3347) | lr 1.05e-05 | epoch 7 | evo 67/360 (19%) pct=0.0010 | 1.79s/step | 41982s total
  step 18030 | loss 0.3116 (avg50: 0.3336) | lr 1.04e-05 | epoch 7 | evo 67/360 (19%) pct=0.0010 | 1.82s/step | 42000s total
  step 18040 | loss 0.3625 (avg50: 0.3342) | lr 1.03e-05 | epoch 7 | evo 67/360 (19%) pct=0.0010 | 1.80s/step | 42018s total
  step 18050 | loss 0.3354 (avg50: 0.3354) | lr 1.03e-05 | epoch 7 | evo 67/361 (19%) pct=0.0010 | 20.15s/step | 42054s total
  step 18060 | loss 0.3553 (avg50: 0.3393) | lr 1.02e-05 | epoch 7 | evo 67/361 (19%) pct=0.0010 | 1.81s/step | 42073s total
  step 18070 | loss 0.3310 (avg50: 0.3393) | lr 1.01e-05 | epoch 7 | evo 67/361 (19%) pct=0.0010 | 1.85s/step | 42091s total
  step 18080 | loss 0.3119 (avg50: 0.3403) | lr 1.00e-05 | epoch 7 | evo 67/361 (19%) pct=0.0010 | 1.81s/step | 42109s total
  step 18090 | loss 0.3285 (avg50: 0.3387) | lr 9.98e-06 | epoch 7 | evo 67/361 (19%) pct=0.0010 | 1.78s/step | 42127s total
  step 18100 | loss 0.3206 (avg50: 0.3358) | lr 9.90e-06 | epoch 7 | evo 67/362 (19%) pct=0.0010 | 19.93s/step | 42163s total

  📊 Eval @ step 18100: cosine_sim=0.6664
     sim_behavioral: 0.6815
     sim_complex: 0.5830
     sim_math: 0.7536
     sim_mixed: 0.6588
     sim_prose: 0.6551
     sim_sexpr: 0.7589
     evo: 362 gens, 67 accepted (18.5%), base_pct=0.0010

  step 18110 | loss 0.3285 (avg50: 0.3337) | lr 9.83e-06 | epoch 7 | evo 67/362 (19%) pct=0.0010 | 1.82s/step | 42196s total
  step 18120 | loss 0.3391 (avg50: 0.3338) | lr 9.76e-06 | epoch 7 | evo 67/362 (19%) pct=0.0010 | 1.79s/step | 42215s total
  step 18130 | loss 0.3360 (avg50: 0.3341) | lr 9.69e-06 | epoch 7 | evo 67/362 (19%) pct=0.0010 | 1.79s/step | 42233s total
  step 18140 | loss 0.3271 (avg50: 0.3341) | lr 9.62e-06 | epoch 7 | evo 67/362 (19%) pct=0.0010 | 1.81s/step | 42251s total
  step 18150 | loss 0.3414 (avg50: 0.3358) | lr 9.55e-06 | epoch 7 | evo 67/363 (18%) pct=0.0010 | 20.04s/step | 42287s total
  step 18160 | loss 0.3113 (avg50: 0.3356) | lr 9.48e-06 | epoch 7 | evo 67/363 (18%) pct=0.0010 | 1.80s/step | 42306s total
  step 18170 | loss 0.3356 (avg50: 0.3358) | lr 9.41e-06 | epoch 7 | evo 67/363 (18%) pct=0.0010 | 1.77s/step | 42324s total
  step 18180 | loss 0.3144 (avg50: 0.3344) | lr 9.34e-06 | epoch 7 | evo 67/363 (18%) pct=0.0010 | 1.83s/step | 42342s total
  step 18190 | loss 0.3623 (avg50: 0.3344) | lr 9.27e-06 | epoch 7 | evo 67/363 (18%) pct=0.0010 | 1.81s/step | 42360s total
  step 18200 | loss 0.3188 (avg50: 0.3334) | lr 9.20e-06 | epoch 7 | evo 67/364 (18%) pct=0.0010 | 19.91s/step | 42396s total

  📊 Eval @ step 18200: cosine_sim=0.6565
     sim_behavioral: 0.6733
     sim_complex: 0.6002
     sim_math: 0.7342
     sim_mixed: 0.6239
     sim_prose: 0.6308
     sim_sexpr: 0.7514
     evo: 364 gens, 67 accepted (18.4%), base_pct=0.0010

  step 18210 | loss 0.3520 (avg50: 0.3331) | lr 9.13e-06 | epoch 7 | evo 67/364 (18%) pct=0.0010 | 1.86s/step | 42429s total
  step 18220 | loss 0.3343 (avg50: 0.3331) | lr 9.06e-06 | epoch 7 | evo 67/364 (18%) pct=0.0010 | 1.83s/step | 42448s total
  step 18230 | loss 0.3304 (avg50: 0.3327) | lr 9.00e-06 | epoch 7 | evo 67/364 (18%) pct=0.0010 | 1.86s/step | 42466s total
  step 18240 | loss 0.3535 (avg50: 0.3330) | lr 8.93e-06 | epoch 7 | evo 67/364 (18%) pct=0.0010 | 1.85s/step | 42484s total
  step 18250 | loss 0.3405 (avg50: 0.3345) | lr 8.86e-06 | epoch 7 | evo 67/365 (18%) pct=0.0010 | 20.10s/step | 42521s total
  step 18260 | loss 0.3405 (avg50: 0.3363) | lr 8.80e-06 | epoch 7 | evo 67/365 (18%) pct=0.0010 | 1.81s/step | 42539s total
  step 18270 | loss 0.3339 (avg50: 0.3377) | lr 8.73e-06 | epoch 7 | evo 67/365 (18%) pct=0.0010 | 1.84s/step | 42558s total
  step 18280 | loss 0.3619 (avg50: 0.3394) | lr 8.67e-06 | epoch 7 | evo 67/365 (18%) pct=0.0010 | 1.87s/step | 42576s total
  step 18290 | loss 0.3291 (avg50: 0.3406) | lr 8.60e-06 | epoch 7 | evo 67/365 (18%) pct=0.0010 | 1.81s/step | 42594s total
  step 18300 | loss 0.3187 (avg50: 0.3399) | lr 8.53e-06 | epoch 7 | evo 67/366 (18%) pct=0.0010 | 20.07s/step | 42630s total

  📊 Eval @ step 18300: cosine_sim=0.6619
     sim_behavioral: 0.6759
     sim_complex: 0.5975
     sim_math: 0.7652
     sim_mixed: 0.6416
     sim_prose: 0.6273
     sim_sexpr: 0.7358
     evo: 366 gens, 67 accepted (18.3%), base_pct=0.0010

  step 18310 | loss 0.3181 (avg50: 0.3375) | lr 8.47e-06 | epoch 7 | evo 67/366 (18%) pct=0.0010 | 1.86s/step | 42663s total
  step 18320 | loss 0.3468 (avg50: 0.3347) | lr 8.41e-06 | epoch 7 | evo 67/366 (18%) pct=0.0010 | 1.82s/step | 42681s total
  step 18330 | loss 0.3236 (avg50: 0.3338) | lr 8.34e-06 | epoch 7 | evo 67/366 (18%) pct=0.0010 | 1.83s/step | 42699s total
  step 18340 | loss 0.3376 (avg50: 0.3329) | lr 8.28e-06 | epoch 7 | evo 67/366 (18%) pct=0.0010 | 1.86s/step | 42718s total
  step 18350 | loss 0.3297 (avg50: 0.3319) | lr 8.22e-06 | epoch 7 | evo 68/367 (19%) pct=0.0010 | 19.82s/step | 42754s total
  step 18360 | loss 0.3384 (avg50: 0.3348) | lr 8.15e-06 | epoch 7 | evo 68/367 (19%) pct=0.0010 | 1.85s/step | 42772s total
  step 18370 | loss 0.3361 (avg50: 0.3353) | lr 8.09e-06 | epoch 7 | evo 68/367 (19%) pct=0.0010 | 1.82s/step | 42790s total
  step 18380 | loss 0.3425 (avg50: 0.3357) | lr 8.03e-06 | epoch 7 | evo 68/367 (19%) pct=0.0010 | 1.79s/step | 42808s total
  step 18390 | loss 0.3390 (avg50: 0.3351) | lr 7.97e-06 | epoch 7 | evo 68/367 (19%) pct=0.0010 | 1.82s/step | 42827s total
  step 18400 | loss 0.3312 (avg50: 0.3359) | lr 7.91e-06 | epoch 7 | evo 68/368 (18%) pct=0.0010 | 19.83s/step | 42863s total

  📊 Eval @ step 18400: cosine_sim=0.6625
     sim_behavioral: 0.6748
     sim_complex: 0.5913
     sim_math: 0.7366
     sim_mixed: 0.6419
     sim_prose: 0.6266
     sim_sexpr: 0.7301
     evo: 368 gens, 68 accepted (18.5%), base_pct=0.0010

  step 18410 | loss 0.3082 (avg50: 0.3335) | lr 7.85e-06 | epoch 7 | evo 68/368 (18%) pct=0.0010 | 1.83s/step | 42895s total
  step 18420 | loss 0.3187 (avg50: 0.3339) | lr 7.79e-06 | epoch 7 | evo 68/368 (18%) pct=0.0010 | 1.83s/step | 42914s total
  step 18430 | loss 0.3359 (avg50: 0.3354) | lr 7.73e-06 | epoch 7 | evo 68/368 (18%) pct=0.0010 | 1.79s/step | 42932s total
  step 18440 | loss 0.3164 (avg50: 0.3354) | lr 7.67e-06 | epoch 7 | evo 68/368 (18%) pct=0.0010 | 1.83s/step | 42950s total
  step 18450 | loss 0.3279 (avg50: 0.3360) | lr 7.61e-06 | epoch 7 | evo 69/369 (19%) pct=0.0010 | 19.74s/step | 42986s total
  step 18460 | loss 0.3558 (avg50: 0.3373) | lr 7.55e-06 | epoch 7 | evo 69/369 (19%) pct=0.0010 | 1.79s/step | 43004s total
  step 18470 | loss 0.3335 (avg50: 0.3394) | lr 7.49e-06 | epoch 7 | evo 69/369 (19%) pct=0.0010 | 1.85s/step | 43022s total
  step 18480 | loss 0.3171 (avg50: 0.3388) | lr 7.43e-06 | epoch 7 | evo 69/369 (19%) pct=0.0010 | 1.83s/step | 43041s total
  step 18490 | loss 0.3265 (avg50: 0.3385) | lr 7.37e-06 | epoch 7 | evo 69/369 (19%) pct=0.0010 | 1.86s/step | 43059s total
  step 18500 | loss 0.3384 (avg50: 0.3389) | lr 7.32e-06 | epoch 7 | evo 70/370 (19%) pct=0.0010 | 20.30s/step | 43095s total

  📊 Eval @ step 18500: cosine_sim=0.6580
     sim_behavioral: 0.6805
     sim_complex: 0.6040
     sim_math: 0.7443
     sim_mixed: 0.6421
     sim_prose: 0.6146
     sim_sexpr: 0.7266
     evo: 370 gens, 70 accepted (18.9%), base_pct=0.0010

  step 18510 | loss 0.3219 (avg50: 0.3392) | lr 7.26e-06 | epoch 7 | evo 70/370 (19%) pct=0.0010 | 1.78s/step | 43128s total
  step 18520 | loss 0.3508 (avg50: 0.3382) | lr 7.20e-06 | epoch 7 | evo 70/370 (19%) pct=0.0010 | 1.84s/step | 43146s total
  step 18530 | loss 0.3142 (avg50: 0.3377) | lr 7.15e-06 | epoch 7 | evo 70/370 (19%) pct=0.0010 | 1.80s/step | 43165s total
  step 18540 | loss 0.3543 (avg50: 0.3400) | lr 7.09e-06 | epoch 7 | evo 70/370 (19%) pct=0.0010 | 1.84s/step | 43183s total
  step 18550 | loss 0.3449 (avg50: 0.3399) | lr 7.03e-06 | epoch 7 | evo 70/371 (19%) pct=0.0010 | 19.80s/step | 43219s total
  step 18560 | loss 0.3335 (avg50: 0.3386) | lr 6.98e-06 | epoch 7 | evo 70/371 (19%) pct=0.0010 | 1.87s/step | 43237s total
  step 18570 | loss 0.3389 (avg50: 0.3388) | lr 6.92e-06 | epoch 7 | evo 70/371 (19%) pct=0.0010 | 1.86s/step | 43256s total
  step 18580 | loss 0.3464 (avg50: 0.3395) | lr 6.87e-06 | epoch 7 | evo 70/371 (19%) pct=0.0010 | 1.81s/step | 43274s total
  step 18590 | loss 0.3389 (avg50: 0.3383) | lr 6.82e-06 | epoch 7 | evo 70/371 (19%) pct=0.0010 | 1.84s/step | 43292s total
  step 18600 | loss 0.3576 (avg50: 0.3374) | lr 6.76e-06 | epoch 7 | evo 71/372 (19%) pct=0.0010 | 19.74s/step | 43328s total

  📊 Eval @ step 18600: cosine_sim=0.6479
     sim_behavioral: 0.6621
     sim_complex: 0.5652
     sim_math: 0.7471
     sim_mixed: 0.6367
     sim_prose: 0.6228
     sim_sexpr: 0.7176
     evo: 372 gens, 71 accepted (19.1%), base_pct=0.0010

  step 18610 | loss 0.3344 (avg50: 0.3384) | lr 6.71e-06 | epoch 7 | evo 71/372 (19%) pct=0.0010 | 1.81s/step | 43361s total
  step 18620 | loss 0.3439 (avg50: 0.3383) | lr 6.66e-06 | epoch 7 | evo 71/372 (19%) pct=0.0010 | 1.81s/step | 43379s total
  step 18630 | loss 0.3392 (avg50: 0.3375) | lr 6.60e-06 | epoch 7 | evo 71/372 (19%) pct=0.0010 | 1.80s/step | 43397s total
  step 18640 | loss 0.3346 (avg50: 0.3367) | lr 6.55e-06 | epoch 7 | evo 71/372 (19%) pct=0.0010 | 1.78s/step | 43415s total
  step 18650 | loss 0.3266 (avg50: 0.3364) | lr 6.50e-06 | epoch 7 | evo 72/373 (19%) pct=0.0010 | 19.78s/step | 43451s total
  step 18660 | loss 0.3404 (avg50: 0.3368) | lr 6.45e-06 | epoch 7 | evo 72/373 (19%) pct=0.0010 | 1.83s/step | 43469s total
  step 18670 | loss 0.3057 (avg50: 0.3363) | lr 6.40e-06 | epoch 7 | evo 72/373 (19%) pct=0.0010 | 1.82s/step | 43487s total
  step 18680 | loss 0.3002 (avg50: 0.3359) | lr 6.35e-06 | epoch 7 | evo 72/373 (19%) pct=0.0010 | 1.79s/step | 43505s total
  step 18690 | loss 0.3599 (avg50: 0.3381) | lr 6.30e-06 | epoch 7 | evo 72/373 (19%) pct=0.0010 | 1.81s/step | 43523s total
  step 18700 | loss 0.3559 (avg50: 0.3395) | lr 6.25e-06 | epoch 7 | evo 72/374 (19%) pct=0.0010 | 19.69s/step | 43559s total

  📊 Eval @ step 18700: cosine_sim=0.6643
     sim_behavioral: 0.6886
     sim_complex: 0.5872
     sim_math: 0.7529
     sim_mixed: 0.6322
     sim_prose: 0.6212
     sim_sexpr: 0.7375
     evo: 374 gens, 72 accepted (19.3%), base_pct=0.0010

  step 18710 | loss 0.3585 (avg50: 0.3400) | lr 6.20e-06 | epoch 7 | evo 72/374 (19%) pct=0.0010 | 1.84s/step | 43591s total
  step 18720 | loss 0.3405 (avg50: 0.3406) | lr 6.15e-06 | epoch 7 | evo 72/374 (19%) pct=0.0010 | 1.83s/step | 43609s total
  step 18730 | loss 0.3198 (avg50: 0.3420) | lr 6.10e-06 | epoch 7 | evo 72/374 (19%) pct=0.0010 | 1.79s/step | 43628s total
  step 18740 | loss 0.3287 (avg50: 0.3400) | lr 6.05e-06 | epoch 7 | evo 72/374 (19%) pct=0.0010 | 1.81s/step | 43646s total
  step 18750 | loss 0.3726 (avg50: 0.3417) | lr 6.00e-06 | epoch 7 | evo 72/375 (19%) pct=0.0010 | 19.86s/step | 43682s total
  step 18760 | loss 0.3460 (avg50: 0.3400) | lr 5.95e-06 | epoch 7 | evo 72/375 (19%) pct=0.0010 | 1.80s/step | 43700s total
  step 18770 | loss 0.3603 (avg50: 0.3401) | lr 5.91e-06 | epoch 7 | evo 72/375 (19%) pct=0.0010 | 1.82s/step | 43718s total
  step 18780 | loss 0.3554 (avg50: 0.3383) | lr 5.86e-06 | epoch 7 | evo 72/375 (19%) pct=0.0010 | 1.80s/step | 43736s total
  step 18790 | loss 0.3078 (avg50: 0.3384) | lr 5.81e-06 | epoch 7 | evo 72/375 (19%) pct=0.0010 | 1.81s/step | 43754s total
  step 18800 | loss 0.3182 (avg50: 0.3358) | lr 5.77e-06 | epoch 7 | evo 72/376 (19%) pct=0.0010 | 19.96s/step | 43791s total

  📊 Eval @ step 18800: cosine_sim=0.6470
     sim_behavioral: 0.6728
     sim_complex: 0.5642
     sim_math: 0.7526
     sim_mixed: 0.6347
     sim_prose: 0.6213
     sim_sexpr: 0.7325
     evo: 376 gens, 72 accepted (19.1%), base_pct=0.0010

  step 18810 | loss 0.3524 (avg50: 0.3360) | lr 5.72e-06 | epoch 7 | evo 72/376 (19%) pct=0.0010 | 1.83s/step | 43824s total
  step 18820 | loss 0.3135 (avg50: 0.3359) | lr 5.68e-06 | epoch 7 | evo 72/376 (19%) pct=0.0010 | 1.81s/step | 43842s total
  step 18830 | loss 0.3523 (avg50: 0.3368) | lr 5.63e-06 | epoch 7 | evo 72/376 (19%) pct=0.0010 | 1.84s/step | 43860s total
  step 18840 | loss 0.3370 (avg50: 0.3368) | lr 5.59e-06 | epoch 7 | evo 72/376 (19%) pct=0.0010 | 1.82s/step | 43878s total
  step 18850 | loss 0.3296 (avg50: 0.3377) | lr 5.54e-06 | epoch 7 | evo 72/377 (19%) pct=0.0010 | 19.98s/step | 43914s total
  step 18860 | loss 0.3517 (avg50: 0.3393) | lr 5.50e-06 | epoch 7 | evo 72/377 (19%) pct=0.0010 | 1.83s/step | 43933s total
  step 18870 | loss 0.3320 (avg50: 0.3387) | lr 5.45e-06 | epoch 7 | evo 72/377 (19%) pct=0.0010 | 1.84s/step | 43950s total
  step 18880 | loss 0.3551 (avg50: 0.3389) | lr 5.41e-06 | epoch 7 | evo 72/377 (19%) pct=0.0010 | 1.78s/step | 43969s total
  step 18890 | loss 0.3390 (avg50: 0.3393) | lr 5.37e-06 | epoch 7 | evo 72/377 (19%) pct=0.0010 | 1.80s/step | 43987s total
  step 18900 | loss 0.3511 (avg50: 0.3379) | lr 5.33e-06 | epoch 7 | evo 72/378 (19%) pct=0.0010 | 19.89s/step | 44023s total

  📊 Eval @ step 18900: cosine_sim=0.6659
     sim_behavioral: 0.6825
     sim_complex: 0.5958
     sim_math: 0.7379
     sim_mixed: 0.6403
     sim_prose: 0.6376
     sim_sexpr: 0.7352
     evo: 378 gens, 72 accepted (19.0%), base_pct=0.0010

  step 18910 | loss 0.3567 (avg50: 0.3362) | lr 5.28e-06 | epoch 7 | evo 72/378 (19%) pct=0.0010 | 1.82s/step | 44055s total
  step 18920 | loss 0.3363 (avg50: 0.3367) | lr 5.24e-06 | epoch 7 | evo 72/378 (19%) pct=0.0010 | 1.79s/step | 44073s total
  step 18930 | loss 0.3370 (avg50: 0.3362) | lr 5.20e-06 | epoch 7 | evo 72/378 (19%) pct=0.0010 | 1.79s/step | 44091s total
  step 18940 | loss 0.3446 (avg50: 0.3370) | lr 5.16e-06 | epoch 7 | evo 72/378 (19%) pct=0.0010 | 1.84s/step | 44109s total
  step 18950 | loss 0.3201 (avg50: 0.3383) | lr 5.12e-06 | epoch 7 | evo 72/379 (19%) pct=0.0010 | 19.61s/step | 44145s total
  step 18960 | loss 0.4582 (avg50: 0.3412) | lr 5.08e-06 | epoch 7 | evo 72/379 (19%) pct=0.0010 | 1.83s/step | 44163s total
  step 18970 | loss 0.3393 (avg50: 0.3403) | lr 5.04e-06 | epoch 7 | evo 72/379 (19%) pct=0.0010 | 1.79s/step | 44181s total
  step 18980 | loss 0.3158 (avg50: 0.3405) | lr 5.00e-06 | epoch 7 | evo 72/379 (19%) pct=0.0010 | 1.83s/step | 44199s total
  step 18990 | loss 0.3242 (avg50: 0.3396) | lr 4.96e-06 | epoch 7 | evo 72/379 (19%) pct=0.0010 | 1.84s/step | 44217s total
  step 19000 | loss 0.3451 (avg50: 0.3390) | lr 4.92e-06 | epoch 7 | evo 73/380 (19%) pct=0.0010 | 19.61s/step | 44253s total

  📊 Eval @ step 19000: cosine_sim=0.6643
     sim_behavioral: 0.6792
     sim_complex: 0.5980
     sim_math: 0.7592
     sim_mixed: 0.6557
     sim_prose: 0.6346
     sim_sexpr: 0.7351
     evo: 380 gens, 73 accepted (19.2%), base_pct=0.0010


  📊 Checkpoint eval @ step 19000: cosine_sim=0.6627
     sim_behavioral: 0.6811
     sim_complex: 0.5890
     sim_math: 0.7437
     sim_mixed: 0.6347
     sim_prose: 0.6269
     sim_sexpr: 0.7376
  💾 Checkpoint saved: /Users/mwhitford/src/verbum/checkpoints/basin-v3-d512/step_019000

  step 19010 | loss 0.3472 (avg50: 0.3362) | lr 4.88e-06 | epoch 8 | evo 73/380 (19%) pct=0.0010 | 1.84s/step | 44314s total
  step 19020 | loss 0.3578 (avg50: 0.3377) | lr 4.85e-06 | epoch 8 | evo 73/380 (19%) pct=0.0010 | 1.78s/step | 44332s total
  step 19030 | loss 0.3514 (avg50: 0.3385) | lr 4.81e-06 | epoch 8 | evo 73/380 (19%) pct=0.0010 | 1.80s/step | 44350s total
  step 19040 | loss 0.3338 (avg50: 0.3395) | lr 4.77e-06 | epoch 8 | evo 73/380 (19%) pct=0.0010 | 1.79s/step | 44368s total
  step 19050 | loss 0.3385 (avg50: 0.3397) | lr 4.74e-06 | epoch 8 | evo 73/381 (19%) pct=0.0010 | 19.60s/step | 44404s total
  step 19060 | loss 0.3593 (avg50: 0.3403) | lr 4.70e-06 | epoch 8 | evo 73/381 (19%) pct=0.0010 | 1.78s/step | 44421s total
  step 19070 | loss 0.3337 (avg50: 0.3393) | lr 4.66e-06 | epoch 8 | evo 73/381 (19%) pct=0.0010 | 1.77s/step | 44439s total
  step 19080 | loss 0.3360 (avg50: 0.3383) | lr 4.63e-06 | epoch 8 | evo 73/381 (19%) pct=0.0010 | 1.79s/step | 44457s total
  step 19090 | loss 0.3346 (avg50: 0.3367) | lr 4.59e-06 | epoch 8 | evo 73/381 (19%) pct=0.0010 | 1.78s/step | 44475s total
  step 19100 | loss 0.3265 (avg50: 0.3373) | lr 4.56e-06 | epoch 8 | evo 74/382 (19%) pct=0.0010 | 19.48s/step | 44510s total

  📊 Eval @ step 19100: cosine_sim=0.6531
     sim_behavioral: 0.6756
     sim_complex: 0.5901
     sim_math: 0.7168
     sim_mixed: 0.6278
     sim_prose: 0.6231
     sim_sexpr: 0.7285
     evo: 382 gens, 74 accepted (19.4%), base_pct=0.0010

  step 19110 | loss 0.3491 (avg50: 0.3388) | lr 4.52e-06 | epoch 8 | evo 74/382 (19%) pct=0.0010 | 1.80s/step | 44543s total
  step 19120 | loss 0.3283 (avg50: 0.3390) | lr 4.49e-06 | epoch 8 | evo 74/382 (19%) pct=0.0010 | 1.83s/step | 44561s total
  step 19130 | loss 0.3497 (avg50: 0.3411) | lr 4.46e-06 | epoch 8 | evo 74/382 (19%) pct=0.0010 | 1.87s/step | 44579s total
  step 19140 | loss 0.3542 (avg50: 0.3431) | lr 4.42e-06 | epoch 8 | evo 74/382 (19%) pct=0.0010 | 1.80s/step | 44597s total
  step 19150 | loss 0.3357 (avg50: 0.3427) | lr 4.39e-06 | epoch 8 | evo 75/383 (20%) pct=0.0010 | 19.47s/step | 44633s total
  step 19160 | loss 0.3449 (avg50: 0.3420) | lr 4.36e-06 | epoch 8 | evo 75/383 (20%) pct=0.0010 | 1.78s/step | 44651s total
  step 19170 | loss 0.3705 (avg50: 0.3451) | lr 4.33e-06 | epoch 8 | evo 75/383 (20%) pct=0.0010 | 1.79s/step | 44668s total
  step 19180 | loss 0.3460 (avg50: 0.3442) | lr 4.29e-06 | epoch 8 | evo 75/383 (20%) pct=0.0010 | 1.78s/step | 44686s total
  step 19190 | loss 0.3498 (avg50: 0.3448) | lr 4.26e-06 | epoch 8 | evo 75/383 (20%) pct=0.0010 | 1.77s/step | 44704s total
  step 19200 | loss 0.3392 (avg50: 0.3453) | lr 4.23e-06 | epoch 8 | evo 75/384 (20%) pct=0.0010 | 19.64s/step | 44740s total

  📊 Eval @ step 19200: cosine_sim=0.6691
     sim_behavioral: 0.6887
     sim_complex: 0.5880
     sim_math: 0.7422
     sim_mixed: 0.6446
     sim_prose: 0.6363
     sim_sexpr: 0.7287
     evo: 384 gens, 75 accepted (19.5%), base_pct=0.0010

  step 19210 | loss 0.3459 (avg50: 0.3437) | lr 4.20e-06 | epoch 8 | evo 75/384 (20%) pct=0.0010 | 1.78s/step | 44772s total
  step 19220 | loss 0.3442 (avg50: 0.3416) | lr 4.17e-06 | epoch 8 | evo 75/384 (20%) pct=0.0010 | 1.78s/step | 44789s total
  step 19230 | loss 0.3313 (avg50: 0.3400) | lr 4.14e-06 | epoch 8 | evo 75/384 (20%) pct=0.0010 | 1.78s/step | 44807s total
  step 19240 | loss 0.3407 (avg50: 0.3401) | lr 4.11e-06 | epoch 8 | evo 75/384 (20%) pct=0.0010 | 1.78s/step | 44825s total
  step 19250 | loss 0.3255 (avg50: 0.3412) | lr 4.08e-06 | epoch 8 | evo 76/385 (20%) pct=0.0010 | 19.50s/step | 44861s total
  step 19260 | loss 0.3339 (avg50: 0.3409) | lr 4.05e-06 | epoch 8 | evo 76/385 (20%) pct=0.0010 | 1.77s/step | 44878s total
  step 19270 | loss 0.3365 (avg50: 0.3396) | lr 4.03e-06 | epoch 8 | evo 76/385 (20%) pct=0.0010 | 1.77s/step | 44896s total
  step 19280 | loss 0.3315 (avg50: 0.3409) | lr 4.00e-06 | epoch 8 | evo 76/385 (20%) pct=0.0010 | 1.77s/step | 44914s total
  step 19290 | loss 0.3449 (avg50: 0.3407) | lr 3.97e-06 | epoch 8 | evo 76/385 (20%) pct=0.0010 | 1.79s/step | 44932s total
  step 19300 | loss 0.3423 (avg50: 0.3386) | lr 3.94e-06 | epoch 8 | evo 76/386 (20%) pct=0.0010 | 19.47s/step | 44967s total

  📊 Eval @ step 19300: cosine_sim=0.6553
     sim_behavioral: 0.6811
     sim_complex: 0.5916
     sim_math: 0.7299
     sim_mixed: 0.6355
     sim_prose: 0.6241
     sim_sexpr: 0.7395
     evo: 386 gens, 76 accepted (19.7%), base_pct=0.0010

  step 19310 | loss 0.3259 (avg50: 0.3388) | lr 3.92e-06 | epoch 8 | evo 76/386 (20%) pct=0.0010 | 1.77s/step | 44999s total
  step 19320 | loss 0.3469 (avg50: 0.3401) | lr 3.89e-06 | epoch 8 | evo 76/386 (20%) pct=0.0010 | 1.79s/step | 45017s total
  step 19330 | loss 0.3674 (avg50: 0.3427) | lr 3.86e-06 | epoch 8 | evo 76/386 (20%) pct=0.0010 | 1.77s/step | 45035s total
  step 19340 | loss 0.3546 (avg50: 0.3427) | lr 3.84e-06 | epoch 8 | evo 76/386 (20%) pct=0.0010 | 1.77s/step | 45052s total
  step 19350 | loss 0.3515 (avg50: 0.3445) | lr 3.81e-06 | epoch 8 | evo 76/387 (20%) pct=0.0010 | 19.42s/step | 45088s total
  step 19360 | loss 0.3542 (avg50: 0.3461) | lr 3.79e-06 | epoch 8 | evo 76/387 (20%) pct=0.0010 | 1.77s/step | 45106s total
  step 19370 | loss 0.3306 (avg50: 0.3453) | lr 3.76e-06 | epoch 8 | evo 76/387 (20%) pct=0.0010 | 1.79s/step | 45123s total
  step 19380 | loss 0.3432 (avg50: 0.3431) | lr 3.74e-06 | epoch 8 | evo 76/387 (20%) pct=0.0010 | 1.78s/step | 45141s total
  step 19390 | loss 0.3327 (avg50: 0.3415) | lr 3.72e-06 | epoch 8 | evo 76/387 (20%) pct=0.0010 | 1.77s/step | 45159s total
  step 19400 | loss 0.3277 (avg50: 0.3386) | lr 3.69e-06 | epoch 8 | evo 76/388 (20%) pct=0.0010 | 19.45s/step | 45194s total

  📊 Eval @ step 19400: cosine_sim=0.6629
     sim_behavioral: 0.6782
     sim_complex: 0.6039
     sim_math: 0.7322
     sim_mixed: 0.6464
     sim_prose: 0.6305
     sim_sexpr: 0.7288
     evo: 388 gens, 76 accepted (19.6%), base_pct=0.0010

  step 19410 | loss 0.3360 (avg50: 0.3373) | lr 3.67e-06 | epoch 8 | evo 76/388 (20%) pct=0.0010 | 1.77s/step | 45226s total
  step 19420 | loss 0.3347 (avg50: 0.3370) | lr 3.65e-06 | epoch 8 | evo 76/388 (20%) pct=0.0010 | 1.77s/step | 45244s total
  step 19430 | loss 0.3452 (avg50: 0.3363) | lr 3.63e-06 | epoch 8 | evo 76/388 (20%) pct=0.0010 | 1.77s/step | 45261s total
  step 19440 | loss 0.3235 (avg50: 0.3356) | lr 3.60e-06 | epoch 8 | evo 76/388 (20%) pct=0.0010 | 1.77s/step | 45279s total
  step 19450 | loss 0.3722 (avg50: 0.3393) | lr 3.58e-06 | epoch 8 | evo 77/389 (20%) pct=0.0010 | 19.44s/step | 45315s total
  step 19460 | loss 0.3624 (avg50: 0.3394) | lr 3.56e-06 | epoch 8 | evo 77/389 (20%) pct=0.0010 | 1.77s/step | 45332s total
  step 19470 | loss 0.3645 (avg50: 0.3415) | lr 3.54e-06 | epoch 8 | evo 77/389 (20%) pct=0.0010 | 1.77s/step | 45350s total
  step 19480 | loss 0.3320 (avg50: 0.3427) | lr 3.52e-06 | epoch 8 | evo 77/389 (20%) pct=0.0010 | 1.77s/step | 45368s total
  step 19490 | loss 0.3247 (avg50: 0.3446) | lr 3.50e-06 | epoch 8 | evo 77/389 (20%) pct=0.0010 | 1.77s/step | 45385s total
  step 19500 | loss 0.3825 (avg50: 0.3428) | lr 3.48e-06 | epoch 8 | evo 78/390 (20%) pct=0.0010 | 19.44s/step | 45421s total

  📊 Eval @ step 19500: cosine_sim=0.6555
     sim_behavioral: 0.6732
     sim_complex: 0.5757
     sim_math: 0.7193
     sim_mixed: 0.6337
     sim_prose: 0.6333
     sim_sexpr: 0.7325
     evo: 390 gens, 78 accepted (20.0%), base_pct=0.0010

  step 19510 | loss 0.3207 (avg50: 0.3427) | lr 3.46e-06 | epoch 8 | evo 78/390 (20%) pct=0.0010 | 1.78s/step | 45453s total
  step 19520 | loss 0.3520 (avg50: 0.3416) | lr 3.44e-06 | epoch 8 | evo 78/390 (20%) pct=0.0010 | 1.77s/step | 45470s total
  step 19530 | loss 0.3567 (avg50: 0.3414) | lr 3.43e-06 | epoch 8 | evo 78/390 (20%) pct=0.0010 | 1.78s/step | 45488s total
  step 19540 | loss 0.3375 (avg50: 0.3400) | lr 3.41e-06 | epoch 8 | evo 78/390 (20%) pct=0.0010 | 1.78s/step | 45506s total
  step 19550 | loss 0.3404 (avg50: 0.3411) | lr 3.39e-06 | epoch 8 | evo 78/391 (20%) pct=0.0010 | 19.47s/step | 45541s total
  step 19560 | loss 0.3567 (avg50: 0.3422) | lr 3.37e-06 | epoch 8 | evo 78/391 (20%) pct=0.0010 | 1.78s/step | 45559s total
  step 19570 | loss 0.3327 (avg50: 0.3414) | lr 3.36e-06 | epoch 8 | evo 78/391 (20%) pct=0.0010 | 1.77s/step | 45577s total
  step 19580 | loss 0.3497 (avg50: 0.3418) | lr 3.34e-06 | epoch 8 | evo 78/391 (20%) pct=0.0010 | 1.77s/step | 45595s total
  step 19590 | loss 0.3733 (avg50: 0.3436) | lr 3.32e-06 | epoch 8 | evo 78/391 (20%) pct=0.0010 | 1.77s/step | 45612s total
  step 19600 | loss 0.3231 (avg50: 0.3426) | lr 3.31e-06 | epoch 8 | evo 78/392 (20%) pct=0.0010 | 19.46s/step | 45648s total

  📊 Eval @ step 19600: cosine_sim=0.6607
     sim_behavioral: 0.6704
     sim_complex: 0.5973
     sim_math: 0.7462
     sim_mixed: 0.6340
     sim_prose: 0.6184
     sim_sexpr: 0.7322
     evo: 392 gens, 78 accepted (19.9%), base_pct=0.0010

  step 19610 | loss 0.3480 (avg50: 0.3421) | lr 3.29e-06 | epoch 8 | evo 78/392 (20%) pct=0.0010 | 1.77s/step | 45680s total
  step 19620 | loss 0.3422 (avg50: 0.3431) | lr 3.28e-06 | epoch 8 | evo 78/392 (20%) pct=0.0010 | 1.77s/step | 45697s total
  step 19630 | loss 0.3445 (avg50: 0.3421) | lr 3.26e-06 | epoch 8 | evo 78/392 (20%) pct=0.0010 | 1.78s/step | 45715s total
  step 19640 | loss 0.3616 (avg50: 0.3393) | lr 3.25e-06 | epoch 8 | evo 78/392 (20%) pct=0.0010 | 1.78s/step | 45733s total
  step 19650 | loss 0.3250 (avg50: 0.3388) | lr 3.24e-06 | epoch 8 | evo 79/393 (20%) pct=0.0010 | 19.44s/step | 45768s total
  step 19660 | loss 0.3524 (avg50: 0.3419) | lr 3.22e-06 | epoch 8 | evo 79/393 (20%) pct=0.0010 | 1.77s/step | 45786s total
  step 19670 | loss 0.3545 (avg50: 0.3427) | lr 3.21e-06 | epoch 8 | evo 79/393 (20%) pct=0.0010 | 1.77s/step | 45804s total
  step 19680 | loss 0.3413 (avg50: 0.3438) | lr 3.20e-06 | epoch 8 | evo 79/393 (20%) pct=0.0010 | 1.79s/step | 45821s total
  step 19690 | loss 0.3573 (avg50: 0.3473) | lr 3.19e-06 | epoch 8 | evo 79/393 (20%) pct=0.0010 | 1.77s/step | 45839s total
  step 19700 | loss 0.3495 (avg50: 0.3493) | lr 3.17e-06 | epoch 8 | evo 80/394 (20%) pct=0.0010 | 19.47s/step | 45875s total

  📊 Eval @ step 19700: cosine_sim=0.6359
     sim_behavioral: 0.6618
     sim_complex: 0.5622
     sim_math: 0.7207
     sim_mixed: 0.6191
     sim_prose: 0.6149
     sim_sexpr: 0.7101
     evo: 394 gens, 80 accepted (20.3%), base_pct=0.0010

  step 19710 | loss 0.3492 (avg50: 0.3486) | lr 3.16e-06 | epoch 8 | evo 80/394 (20%) pct=0.0010 | 1.77s/step | 45906s total
  step 19720 | loss 0.3391 (avg50: 0.3481) | lr 3.15e-06 | epoch 8 | evo 80/394 (20%) pct=0.0010 | 1.77s/step | 45924s total
  step 19730 | loss 0.3641 (avg50: 0.3487) | lr 3.14e-06 | epoch 8 | evo 80/394 (20%) pct=0.0010 | 1.77s/step | 45942s total
  step 19740 | loss 0.3375 (avg50: 0.3478) | lr 3.13e-06 | epoch 8 | evo 80/394 (20%) pct=0.0010 | 1.77s/step | 45960s total
  step 19750 | loss 0.3099 (avg50: 0.3466) | lr 3.12e-06 | epoch 8 | evo 81/395 (21%) pct=0.0010 | 19.48s/step | 45995s total
  step 19760 | loss 0.3368 (avg50: 0.3452) | lr 3.11e-06 | epoch 8 | evo 81/395 (21%) pct=0.0010 | 1.77s/step | 46013s total
  step 19770 | loss 0.3325 (avg50: 0.3460) | lr 3.10e-06 | epoch 8 | evo 81/395 (21%) pct=0.0010 | 1.77s/step | 46031s total
  step 19780 | loss 0.3475 (avg50: 0.3441) | lr 3.09e-06 | epoch 8 | evo 81/395 (21%) pct=0.0010 | 1.77s/step | 46048s total
  step 19790 | loss 0.3432 (avg50: 0.3434) | lr 3.08e-06 | epoch 8 | evo 81/395 (21%) pct=0.0010 | 1.77s/step | 46066s total
  step 19800 | loss 0.3632 (avg50: 0.3430) | lr 3.08e-06 | epoch 8 | evo 81/396 (20%) pct=0.0010 | 19.44s/step | 46101s total

  📊 Eval @ step 19800: cosine_sim=0.6527
     sim_behavioral: 0.6795
     sim_complex: 0.5810
     sim_math: 0.7338
     sim_mixed: 0.6349
     sim_prose: 0.6140
     sim_sexpr: 0.7274
     evo: 396 gens, 81 accepted (20.5%), base_pct=0.0010

  step 19810 | loss 0.3697 (avg50: 0.3430) | lr 3.07e-06 | epoch 8 | evo 81/396 (20%) pct=0.0010 | 1.77s/step | 46133s total
  step 19820 | loss 0.3294 (avg50: 0.3421) | lr 3.06e-06 | epoch 8 | evo 81/396 (20%) pct=0.0010 | 1.77s/step | 46151s total
  step 19830 | loss 0.3362 (avg50: 0.3420) | lr 3.06e-06 | epoch 8 | evo 81/396 (20%) pct=0.0010 | 1.77s/step | 46169s total
  step 19840 | loss 0.3447 (avg50: 0.3426) | lr 3.05e-06 | epoch 8 | evo 81/396 (20%) pct=0.0010 | 1.77s/step | 46186s total
  step 19850 | loss 0.3413 (avg50: 0.3437) | lr 3.04e-06 | epoch 8 | evo 82/397 (21%) pct=0.0010 | 19.48s/step | 46222s total
  step 19860 | loss 0.3662 (avg50: 0.3461) | lr 3.04e-06 | epoch 8 | evo 82/397 (21%) pct=0.0010 | 1.77s/step | 46240s total
  step 19870 | loss 0.3539 (avg50: 0.3459) | lr 3.03e-06 | epoch 8 | evo 82/397 (21%) pct=0.0010 | 1.77s/step | 46257s total
  step 19880 | loss 0.3399 (avg50: 0.3482) | lr 3.03e-06 | epoch 8 | evo 82/397 (21%) pct=0.0010 | 1.76s/step | 46275s total
  step 19890 | loss 0.3442 (avg50: 0.3485) | lr 3.02e-06 | epoch 8 | evo 82/397 (21%) pct=0.0010 | 1.78s/step | 46293s total
  step 19900 | loss 0.3503 (avg50: 0.3487) | lr 3.02e-06 | epoch 8 | evo 82/398 (21%) pct=0.0010 | 19.48s/step | 46328s total

  📊 Eval @ step 19900: cosine_sim=0.6555
     sim_behavioral: 0.6689
     sim_complex: 0.5727
     sim_math: 0.7378
     sim_mixed: 0.6455
     sim_prose: 0.6335
     sim_sexpr: 0.7263
     evo: 398 gens, 82 accepted (20.6%), base_pct=0.0010

  step 19910 | loss 0.3514 (avg50: 0.3468) | lr 3.02e-06 | epoch 8 | evo 82/398 (21%) pct=0.0010 | 1.78s/step | 46360s total
  step 19920 | loss 0.3517 (avg50: 0.3467) | lr 3.01e-06 | epoch 8 | evo 82/398 (21%) pct=0.0010 | 1.77s/step | 46378s total
  step 19930 | loss 0.3207 (avg50: 0.3444) | lr 3.01e-06 | epoch 8 | evo 82/398 (21%) pct=0.0010 | 1.78s/step | 46396s total
  step 19940 | loss 0.3268 (avg50: 0.3445) | lr 3.01e-06 | epoch 8 | evo 82/398 (21%) pct=0.0010 | 1.78s/step | 46413s total
  step 19950 | loss 0.3517 (avg50: 0.3436) | lr 3.00e-06 | epoch 8 | evo 82/399 (21%) pct=0.0010 | 19.45s/step | 46449s total
  step 19960 | loss 0.3460 (avg50: 0.3425) | lr 3.00e-06 | epoch 8 | evo 82/399 (21%) pct=0.0010 | 1.77s/step | 46466s total
  step 19970 | loss 0.3588 (avg50: 0.3428) | lr 3.00e-06 | epoch 8 | evo 82/399 (21%) pct=0.0010 | 1.77s/step | 46484s total
  step 19980 | loss 0.3390 (avg50: 0.3422) | lr 3.00e-06 | epoch 8 | evo 82/399 (21%) pct=0.0010 | 1.77s/step | 46502s total
  step 19990 | loss 0.3382 (avg50: 0.3407) | lr 3.00e-06 | epoch 8 | evo 82/399 (21%) pct=0.0010 | 1.78s/step | 46520s total
  step 20000 | loss 0.3578 (avg50: 0.3419) | lr 3.00e-06 | epoch 8 | evo 83/400 (21%) pct=0.0010 | 19.46s/step | 46555s total

  📊 Eval @ step 20000: cosine_sim=0.6518
     sim_behavioral: 0.6741
     sim_complex: 0.5763
     sim_math: 0.7351
     sim_mixed: 0.6368
     sim_prose: 0.6195
     sim_sexpr: 0.7339
     evo: 400 gens, 83 accepted (20.8%), base_pct=0.0010


  📊 Checkpoint eval @ step 20000: cosine_sim=0.6546
     sim_behavioral: 0.6717
     sim_complex: 0.5781
     sim_math: 0.7472
     sim_mixed: 0.6349
     sim_prose: 0.6290
     sim_sexpr: 0.7326
  💾 Checkpoint saved: /Users/mwhitford/src/verbum/checkpoints/basin-v3-d512/step_020000


============================================================
  Training complete: 20000 steps
  Final cosine_sim: 0.6516
    sim_behavioral: 0.6639
    sim_complex: 0.5690
    sim_math: 0.7439
    sim_mixed: 0.6317
    sim_prose: 0.6090
    sim_sexpr: 0.7299
  Evo: 400 gens, 83 accepted (20.8%)
============================================================
  💾 Checkpoint saved: /Users/mwhitford/src/verbum/checkpoints/basin-v3-d512/step_020000
